ledger_id,entity_type,entity_id,action,timestamp,actor_id,prev_hash,current_hash,signature,kid,canonical_entity_json
LGR-0001,evidence,EVID-0001,create,2026-06-01T11:00:00Z,USER-0001,,1e4951b1b4073941cc79c456b871b0376ab4c3c4b9b6dc3d120a082324871e75,6L9DaNtxIG11+UUfrg97DwRhQSODWW/Y5J1p1Ph/oUKBkc1ZW9HQmANrygnimVR2satjZ8B/5gMbGzjeBzWADA==,demo-test-2026-09,"{""filename"":""field_01.jpg"",""gps_lat"":-33.4,""gps_lon"":25.44,""id"":""EVID-0001"",""parent_id"":""INSP-0001"",""parent_type"":""inspection"",""timestamp"":""2026-06-01T11:00:00Z"",""uploader_id"":""USER-0001""}"
LGR-0002,evidence,EVID-0002,create,2026-06-01T14:00:00Z,USER-0002,,457bbfa2896cbb9286aaa5e8a9c08ef00980691fc1efdac504dac08bbef73124,XbTINnMvr4vG4JBMWEzxJ4RDtSHa7uMqyCcNZ0iFOuo9aAV7dYGR7kWNWhabme1DlF/qWV7n+o7iZrQL2zhKBw==,demo-test-2026-09,"{""filename"":""field_02.jpg"",""gps_lat"":-33.3877,""gps_lon"":25.44,""id"":""EVID-0002"",""parent_id"":""INSP-0002"",""parent_type"":""inspection"",""timestamp"":""2026-06-01T14:00:00Z"",""uploader_id"":""USER-0002""}"
LGR-0003,evidence,EVID-0003,create,2026-06-01T17:00:00Z,USER-0003,,93f1db1b365353ef949f89f560afed31eb2ea2c629e7a520efd9bacc8f19792d,M2bK47mcNlfIJUzAgocBeBCmMEmAvYL2iltVKGRhGmS9NNSYC/iCb6qYtmICcAzvIs/RbQ3EyCsPgI9W8AIqAQ==,demo-test-2026-09,"{""filename"":""field_03.jpg"",""gps_lat"":-33.3754,""gps_lon"":25.4511,""id"":""EVID-0003"",""parent_id"":""INSP-0003"",""parent_type"":""inspection"",""timestamp"":""2026-06-01T17:00:00Z"",""uploader_id"":""USER-0003""}"
LGR-0004,evidence,EVID-0004,create,2026-06-01T20:00:00Z,USER-0004,,4879be151948df6bdce329a3dd8d528a6d9df1b90ac13fbc0dbc8c3bf571bb33,2rrENBKQ6QqFHdglUHorHE/EgMyF1fr5oft72X9Umaz/TuJgSYdMVhRAbQlPmgNKMibEMEOkoriYHEUDGXkHCw==,demo-test-2026-09,"{""filename"":""field_04.jpg"",""gps_lat"":-33.3631,""gps_lon"":25.4511,""id"":""EVID-0004"",""parent_id"":""INSP-0004"",""parent_type"":""inspection"",""timestamp"":""2026-06-01T20:00:00Z"",""uploader_id"":""USER-0004""}"
LGR-0005,evidence,EVID-0005,create,2026-06-01T23:00:00Z,USER-0005,,01215555f75933ce5fc2da330ed8a1fbd366331970c8ab637f6396ae18a21f45,sDUs+RM/lmhJv+rIsTqRj4PzpdX0Ay5ujn9Sqx6KAYHVU9lauMzMHwvRJ/gX80cH0nIyFEHN10qrcJPClHe3Cg==,demo-test-2026-09,"{""filename"":""field_05.jpg"",""gps_lat"":-33.3508,""gps_lon"":25.4622,""id"":""EVID-0005"",""parent_id"":""INSP-0005"",""parent_type"":""inspection"",""timestamp"":""2026-06-01T23:00:00Z"",""uploader_id"":""USER-0005""}"
LGR-0006,evidence,EVID-0006,create,2026-06-02T02:00:00Z,USER-0006,,b21c252285c9d98ebd43b601edbd4e4105e829b06c02ed501a82f7b0e69afe18,7IAaMQNm/L6ZDVw5PhwDDHrkiTQk97mt9fbZ2v3E4CntqGBOC0KnNJsOtlyUal2ZJq1W/mtNlr5X1EByYZiOAA==,demo-test-2026-09,"{""filename"":""field_06.jpg"",""gps_lat"":-33.3385,""gps_lon"":25.4622,""id"":""EVID-0006"",""parent_id"":""INSP-0006"",""parent_type"":""inspection"",""timestamp"":""2026-06-02T02:00:00Z"",""uploader_id"":""USER-0006""}"
LGR-0007,evidence,EVID-0007,create,2026-06-02T05:00:00Z,USER-0007,,2fcca15c0117b0b3fbabb3d9fa9eb11e5ef8e08679dc47d25f9d0859b3fd4922,9QnYgmvzGCCNYc1Zdkz4sc0sUbRsGkN97P68vyERAKl2sOaP7UgFOUuiRvqXV/eVqHBqdEgFlOiXfGhDsNJrDg==,demo-test-2026-09,"{""filename"":""field_07.jpg"",""gps_lat"":-33.3262,""gps_lon"":25.4733,""id"":""EVID-0007"",""parent_id"":""INSP-0007"",""parent_type"":""inspection"",""timestamp"":""2026-06-02T05:00:00Z"",""uploader_id"":""USER-0007""}"
LGR-0008,evidence,EVID-0008,create,2026-06-02T08:00:00Z,USER-0008,,f6978aeb72956c34fbfcf37ea3148e7eda07264e9fa1672bc198849c7e5cdfcf,Qnvh/vzCBCvkIX2dLeh5RhTGi4TlNuRVUE6MbwXwQq0H953SJGVTLS/c4gCEgHMK7gaJBBSFo5t2CfmigKzCCg==,demo-test-2026-09,"{""filename"":""field_08.jpg"",""gps_lat"":-33.3139,""gps_lon"":25.4733,""id"":""EVID-0008"",""parent_id"":""INSP-0008"",""parent_type"":""inspection"",""timestamp"":""2026-06-02T08:00:00Z"",""uploader_id"":""USER-0008""}"
LGR-0009,evidence,EVID-0009,create,2026-06-02T11:00:00Z,USER-0009,,24c608470b3228cc5a4136e109f2c5064cb18e70fa921b81e5107f1bed46ea0d,WmX3PxOvC+fFeacjSjAUhKfZrnkqaGeKXErn1nLnvEtK8J1d1eY6f0gsrvXqceL+nG8LiFKPGpSrVLGSZHb6Dg==,demo-test-2026-09,"{""filename"":""field_09.jpg"",""gps_lat"":-33.3016,""gps_lon"":25.4844,""id"":""EVID-0009"",""parent_id"":""INSP-0009"",""parent_type"":""inspection"",""timestamp"":""2026-06-02T11:00:00Z"",""uploader_id"":""USER-0009""}"
LGR-0010,evidence,EVID-0010,create,2026-06-02T14:00:00Z,USER-0010,,b6c7ba4b6cfc75997fe3504fbfde1f22a825e9c7ac79906459388b33825536ad,GerShWQGRFNkgRB8WYAsXl3LwoIOCvxEMLYi5oiPjOvXb9QuyP7Go23cb5l0RVeRLFVn8LTBRPiVubeR/X2NDQ==,demo-test-2026-09,"{""filename"":""field_10.jpg"",""gps_lat"":-33.2893,""gps_lon"":25.4844,""id"":""EVID-0010"",""parent_id"":""INSP-0010"",""parent_type"":""inspection"",""timestamp"":""2026-06-02T14:00:00Z"",""uploader_id"":""USER-0010""}"
LGR-0011,evidence,EVID-0011,create,2026-06-02T17:00:00Z,USER-0011,,92459387cf27da6ee5c4205c69cb0805ef28a6f6abc3def9008c49d2603ff064,vZMx6pHSJPEzGpv9yyTWsG3WCEBGNNu8YKedVJoAsod76PgnWirGBQ+dUc5ijZ89a2G3giKbYqRU3qkzkKIPBg==,demo-test-2026-09,"{""filename"":""field_11.jpg"",""gps_lat"":-33.4,""gps_lon"":25.4955,""id"":""EVID-0011"",""parent_id"":""INSP-0011"",""parent_type"":""inspection"",""timestamp"":""2026-06-02T17:00:00Z"",""uploader_id"":""USER-0011""}"
LGR-0012,evidence,EVID-0012,create,2026-06-02T20:00:00Z,USER-0012,,114152a8c14923972f11104d8fb691eea173610bacaf038a43cbea412f30f27e,7qARBWTU0jrhMMeakXBnqtpfP4WGvMgf6XpM1XQvlsaP/ZOe6zsOLjERCeQedfCYzDCI2ZxvGGC0rsdzYmb4DA==,demo-test-2026-09,"{""filename"":""field_12.jpg"",""gps_lat"":-33.3877,""gps_lon"":25.4955,""id"":""EVID-0012"",""parent_id"":""INSP-0012"",""parent_type"":""inspection"",""timestamp"":""2026-06-02T20:00:00Z"",""uploader_id"":""USER-0012""}"
LGR-0013,evidence,EVID-0013,create,2026-06-02T23:00:00Z,USER-0013,,fb2410d095376021a3a7daf841008a8969213206ee1134cfd7da59b866c149d7,o1dJu5UksPqDET4B2ezAmNXdrYUkiQryClGrZ60m5nOpGZcNdUUWxYMF1fAUTEm84p2tQtH3wFuB1cbGq21OBQ==,demo-test-2026-09,"{""filename"":""field_13.jpg"",""gps_lat"":-33.3754,""gps_lon"":25.5066,""id"":""EVID-0013"",""parent_id"":""INSP-0013"",""parent_type"":""inspection"",""timestamp"":""2026-06-02T23:00:00Z"",""uploader_id"":""USER-0013""}"
LGR-0014,evidence,EVID-0014,create,2026-06-03T02:00:00Z,USER-0014,,14fad3d28b43b0caa3708507bac27c9b60c0beca5e50027df48cd473bef5af73,nRQYXdW5L8N7+rsjm1lIFaBJAlNFxZOd1aXrY+620CUQ/6WTrFdKDT5F6jFYcZOFmyD97l/Hp8w3cAHjlIvNBg==,demo-test-2026-09,"{""filename"":""field_14.jpg"",""gps_lat"":-33.3631,""gps_lon"":25.5066,""id"":""EVID-0014"",""parent_id"":""INSP-0014"",""parent_type"":""inspection"",""timestamp"":""2026-06-03T02:00:00Z"",""uploader_id"":""USER-0014""}"
LGR-0015,evidence,EVID-0015,create,2026-06-03T05:00:00Z,USER-0015,,60f79b6b155f71a951c4d7cb12330f40be277a0915693902103fc9fb9d525d69,NnRYKUn6OIech3e+a+Fc+/CpG8HIuHjdjaqyy4qykvik2uQzOfrTwD3QiNZgt/bNPO7jNApcGqSly5YHMpAWCg==,demo-test-2026-09,"{""filename"":""field_15.jpg"",""gps_lat"":-33.3508,""gps_lon"":25.5177,""id"":""EVID-0015"",""parent_id"":""INSP-0015"",""parent_type"":""inspection"",""timestamp"":""2026-06-03T05:00:00Z"",""uploader_id"":""USER-0015""}"
LGR-0016,evidence,EVID-0016,create,2026-06-03T08:00:00Z,USER-0016,,240854c75fa71e847580d5976f2c08b59636cf5dd590fe2a26ad274bc9e37f86,jJrfhl0bP1hbabpHWr3ySfdeBrPTli7dBAK8ymuWuunfUu+BvFWo0s+Er7sofJ2EeUYSvE+NsF4Xsy5xlF7FAg==,demo-test-2026-09,"{""filename"":""field_16.jpg"",""gps_lat"":-33.3385,""gps_lon"":25.5177,""id"":""EVID-0016"",""parent_id"":""INSP-0016"",""parent_type"":""inspection"",""timestamp"":""2026-06-03T08:00:00Z"",""uploader_id"":""USER-0016""}"
LGR-0017,evidence,EVID-0017,create,2026-06-03T11:00:00Z,USER-0017,,d84f4373995351ed8ea8f324beabb4a78e860af879252308973192e6449e1e92,ezoRs21XEZhe5T6GP1MpGu1TtdXR4ZSUwAd8aD3taYmTddhOTQOiwbTlIgf3dXCFu4gjNQYxk1vjNvMKA/A6DA==,demo-test-2026-09,"{""filename"":""field_17.jpg"",""gps_lat"":-33.3262,""gps_lon"":25.5288,""id"":""EVID-0017"",""parent_id"":""INSP-0017"",""parent_type"":""inspection"",""timestamp"":""2026-06-03T11:00:00Z"",""uploader_id"":""USER-0017""}"
LGR-0018,evidence,EVID-0018,create,2026-06-03T14:00:00Z,USER-0018,,a5e9497ad8c2493311ad3022f04cec3c90338f11cbf8c21f8b4fce1f6fed7d9a,hOq7C0vRCSGJW04NB/bTRjg/EGXMAfzp7nNEGGI/uY5uSa+0v1uJhVpTK/gJFnFmek4s3z+eog7BudaTV75oAQ==,demo-test-2026-09,"{""filename"":""field_18.jpg"",""gps_lat"":-33.3139,""gps_lon"":25.5288,""id"":""EVID-0018"",""parent_id"":""INSP-0018"",""parent_type"":""inspection"",""timestamp"":""2026-06-03T14:00:00Z"",""uploader_id"":""USER-0018""}"
LGR-0019,evidence,EVID-0019,create,2026-06-03T17:00:00Z,USER-0019,,87d6dd7e7c1249cf6f8544dc116cc260beab0cc0957d35f59cee6caeb98077a6,RDmigm5u93kcxWJ4G3cwVfXv+gevnm8ea4kpkUz5rIKZlzmJxK7+EjAdceOALYCnNxdOogcMNO7Vot+PMNkxAg==,demo-test-2026-09,"{""filename"":""field_19.jpg"",""gps_lat"":-33.3016,""gps_lon"":25.5399,""id"":""EVID-0019"",""parent_id"":""INSP-0019"",""parent_type"":""inspection"",""timestamp"":""2026-06-03T17:00:00Z"",""uploader_id"":""USER-0019""}"
LGR-0020,evidence,EVID-0020,create,2026-06-03T20:00:00Z,USER-0020,,be6df11db1e4b224bda77c8f2afaf3a8d602449e836a9c284a6f93cdb49033b7,mJ1volY2RdBLn6kbnXFHsMUqAOKtTqs6pawVQEh74X6ttBPAcsO7EElf4DBmL/Jw8jAUZ1C+CJ+HuB7WEhZvBw==,demo-test-2026-09,"{""filename"":""field_20.jpg"",""gps_lat"":-33.2893,""gps_lon"":25.5399,""id"":""EVID-0020"",""parent_id"":""INSP-0020"",""parent_type"":""inspection"",""timestamp"":""2026-06-03T20:00:00Z"",""uploader_id"":""USER-0020""}"
LGR-0021,evidence,EVID-0021,create,2026-06-03T23:00:00Z,USER-0001,,974f670b9631f5e5434c8562b7cdb35bda209ecc5823afef4cddae8304b559a7,qh1mn/lEXaBnflR+MKiqkwSmoAskdNMUQWhQjJ+ho3aYMhFJxW9pn18PtA3YoPGuNMqVCMp7EoJOFNeL5GpGCA==,demo-test-2026-09,"{""filename"":""field_21.jpg"",""gps_lat"":-33.4,""gps_lon"":25.44,""id"":""EVID-0021"",""parent_id"":""INSP-0021"",""parent_type"":""inspection"",""timestamp"":""2026-06-03T23:00:00Z"",""uploader_id"":""USER-0001""}"
LGR-0022,evidence,EVID-0022,create,2026-06-04T02:00:00Z,USER-0002,,e0bb879a62078c3134d3acc043364ea85c444197592dc05ad6912053284ebbf8,aPz4mCpb1oS1pfatvZK01HEuKFBuX+Op98sSULwLz3wuHLzh1BuZ2mp2slYtELqe1y2J1evEvWD7yXCWcBsDBg==,demo-test-2026-09,"{""filename"":""field_22.jpg"",""gps_lat"":-33.3877,""gps_lon"":25.44,""id"":""EVID-0022"",""parent_id"":""INSP-0022"",""parent_type"":""inspection"",""timestamp"":""2026-06-04T02:00:00Z"",""uploader_id"":""USER-0002""}"
LGR-0023,evidence,EVID-0023,create,2026-06-04T05:00:00Z,USER-0003,,2ffee0b8c47da24ba79a12b304b78f29e2201b3d274c0a1877ba332d32f6e875,DT+b9780xahEyyGNOnTQF2ZzQZZJft+DPwwiIBKoK1LFPEDL+8LnlVg+kEdnF1rmC2Yce000wofaBNC/TBLiCg==,demo-test-2026-09,"{""filename"":""field_23.jpg"",""gps_lat"":-33.3754,""gps_lon"":25.4511,""id"":""EVID-0023"",""parent_id"":""INSP-0023"",""parent_type"":""inspection"",""timestamp"":""2026-06-04T05:00:00Z"",""uploader_id"":""USER-0003""}"
LGR-0024,evidence,EVID-0024,create,2026-06-04T08:00:00Z,USER-0004,,2ce08e6d169b3a70d93df89d4e754aa98ae379a202ca1d919354a4bab2842289,JJkswsGdKpHz1pTGRqJsZY8nSoCFZt9CK5n9lgOzHoShaSkeBiuPYwufR7LbPVQaIj+a+lEkezDj3i1iGADqBw==,demo-test-2026-09,"{""filename"":""field_24.jpg"",""gps_lat"":-33.3631,""gps_lon"":25.4511,""id"":""EVID-0024"",""parent_id"":""INSP-0024"",""parent_type"":""inspection"",""timestamp"":""2026-06-04T08:00:00Z"",""uploader_id"":""USER-0004""}"
LGR-0025,evidence,EVID-0025,create,2026-06-04T11:00:00Z,USER-0005,,4220dcee0bfe6da3f64aa37c66d01ca7e717468c5bdda0fcd2511244c5863d45,KVD0ywJSdDQIYpHy6gDV+tUcFxxbOBVL6V0UVph11QYJPf9GrAocgyokiUelzX0WIPIlIG8HpUTX6VthvpaODA==,demo-test-2026-09,"{""filename"":""field_25.jpg"",""gps_lat"":-33.3508,""gps_lon"":25.4622,""id"":""EVID-0025"",""parent_id"":""INSP-0025"",""parent_type"":""inspection"",""timestamp"":""2026-06-04T11:00:00Z"",""uploader_id"":""USER-0005""}"
LGR-0026,evidence,EVID-0026,create,2026-06-04T14:00:00Z,USER-0006,,d6a28c4954975224b631ad8b2b0e41916b27f3b0cab8fb8c6b128c15bee01665,qmJGELXV56jV+hWdsomooehUiHJTQdRoW4Pso/4FL/H2zBxhFKbtbU9oD5BQ7V1Uweu1khIuFz2w72/vDMYkDQ==,demo-test-2026-09,"{""filename"":""field_26.jpg"",""gps_lat"":-33.3385,""gps_lon"":25.4622,""id"":""EVID-0026"",""parent_id"":""INSP-0026"",""parent_type"":""inspection"",""timestamp"":""2026-06-04T14:00:00Z"",""uploader_id"":""USER-0006""}"
LGR-0027,evidence,EVID-0027,create,2026-06-04T17:00:00Z,USER-0007,,442d40cec1b3632b23f7dc1573f6dca48b9f41e01204fee11588c4f6ebf8a93a,HSXJawbpKAirgcR14KQilcU9OHXdy+doP/zOr4WeOxXPuQRt5aMFI1KI165lSEN893ISXAx8JsXdfF6YRrGHCg==,demo-test-2026-09,"{""filename"":""field_27.jpg"",""gps_lat"":-33.3262,""gps_lon"":25.4733,""id"":""EVID-0027"",""parent_id"":""INSP-0027"",""parent_type"":""inspection"",""timestamp"":""2026-06-04T17:00:00Z"",""uploader_id"":""USER-0007""}"
LGR-0028,evidence,EVID-0028,create,2026-06-04T20:00:00Z,USER-0008,,10a3d9ccd70e54e71d080f5642e42888b484aed76ad977fc5ad922899613a8a0,vqIhsxO1O1iginQ60LxHZVGyhOgF654XiLJveX4Rhv0ZmNa0Q8EZgU3LGZJKh3ooS1CUxi3WP4FDWYwqjvlODw==,demo-test-2026-09,"{""filename"":""field_28.jpg"",""gps_lat"":-33.3139,""gps_lon"":25.4733,""id"":""EVID-0028"",""parent_id"":""INSP-0028"",""parent_type"":""inspection"",""timestamp"":""2026-06-04T20:00:00Z"",""uploader_id"":""USER-0008""}"
LGR-0029,evidence,EVID-0029,create,2026-06-04T23:00:00Z,USER-0009,,aca0e0f7801bc9a428fdc0c7f581d5e6c72c5be741ca78624a1aaf682bb630d9,k2MNOAIXxe24Euh7N//3T3JKHj134vaOm1AxdmLqKAO9i4h4jCraCeUZIO2tpu50Db3cM5tdV/CJXJJtbiVVBw==,demo-test-2026-09,"{""filename"":""field_29.jpg"",""gps_lat"":-33.3016,""gps_lon"":25.4844,""id"":""EVID-0029"",""parent_id"":""INSP-0029"",""parent_type"":""inspection"",""timestamp"":""2026-06-04T23:00:00Z"",""uploader_id"":""USER-0009""}"
LGR-0030,evidence,EVID-0030,create,2026-06-05T02:00:00Z,USER-0010,,0cfa6f6f34cd46e1ebcc1b6379bcb7c104c53a739d9a6fc3bc2ee7d80e690c10,YazUgCBjswiqEW1OqNni1/D8ZoABKxjTJjEcyHqIpwY1myr8iQx+Z0zc42KZlf4JE6R/NQOMXNpjhUnJKgdcCA==,demo-test-2026-09,"{""filename"":""field_30.jpg"",""gps_lat"":-33.2893,""gps_lon"":25.4844,""id"":""EVID-0030"",""parent_id"":""INSP-0030"",""parent_type"":""inspection"",""timestamp"":""2026-06-05T02:00:00Z"",""uploader_id"":""USER-0010""}"
LGR-0031,evidence,EVID-0031,create,2026-06-05T05:00:00Z,USER-0011,,9e9ede938baf285e767bd8bd78ea261b6de957d62461eb11e926d2f979c55333,KNxhQnwZo8SiJj8f0WHZWGae6beBfFQH26arW331gAYZO+RZquZUXsX9smUkiraWofDHjrb7OHjjmJy2MKLdAw==,demo-test-2026-09,"{""filename"":""note_evid-0031.txt"",""gps_lat"":-33.4,""gps_lon"":25.4955,""id"":""EVID-0031"",""parent_id"":""INSP-0031"",""parent_type"":""inspection"",""timestamp"":""2026-06-05T05:00:00Z"",""uploader_id"":""USER-0011""}"
LGR-0032,evidence,EVID-0032,create,2026-06-05T08:00:00Z,USER-0012,,e9bcdd09f13c8b75590c85f54edd1246a30ec3291a5f463fafebdece23e409ec,tr/FbOvC7VrUJ1+BSis1+DbaMU4qsECwT1PK8j0jsCrcQYpHrp3aHiB3J/hRldXuJjb3ZlK6CQ1R4zKi9mBSDQ==,demo-test-2026-09,"{""filename"":""note_evid-0032.txt"",""gps_lat"":-33.3877,""gps_lon"":25.4955,""id"":""EVID-0032"",""parent_id"":""INSP-0032"",""parent_type"":""inspection"",""timestamp"":""2026-06-05T08:00:00Z"",""uploader_id"":""USER-0012""}"
LGR-0033,evidence,EVID-0033,create,2026-06-05T11:00:00Z,USER-0013,,098546b3f4018ee66e0f1070cf299ad8a9b0778d2d8e1131c511dce9da423533,OHMWdkYXoHy+u+RSW1PV0JR6bC8dvl3KgFduZ2sBwJuFmIsnaGPQJr1tUc33RIBB5271X35oq/8T4C5Nn3FLBw==,demo-test-2026-09,"{""filename"":""note_evid-0033.txt"",""gps_lat"":-33.3754,""gps_lon"":25.5066,""id"":""EVID-0033"",""parent_id"":""INSP-0033"",""parent_type"":""inspection"",""timestamp"":""2026-06-05T11:00:00Z"",""uploader_id"":""USER-0013""}"
LGR-0034,evidence,EVID-0034,create,2026-06-05T14:00:00Z,USER-0014,,7aa5be2ba5e06dec13ce4a73d5981bd4549c0970e3fcad201d072236f10273c7,BBcTGd2qjAHjCfuYkx5qAsCezxb6JMH4A2i2E6JT8NWSSfs2UQOYo+k5GIEwwW0XiQvPBc4DduYLBPbQbzJDCw==,demo-test-2026-09,"{""filename"":""note_evid-0034.txt"",""gps_lat"":-33.3631,""gps_lon"":25.5066,""id"":""EVID-0034"",""parent_id"":""INSP-0034"",""parent_type"":""inspection"",""timestamp"":""2026-06-05T14:00:00Z"",""uploader_id"":""USER-0014""}"
LGR-0035,evidence,EVID-0035,create,2026-07-06T09:00:00Z,USER-0005,,9c6b19062287d7f758bea297fc2ef0797e7809a70574875af35b78ea4ed006bb,kdO7jEVqGI0ESyx99MZ8QwbDER8rQDItCjU+T4HF8LNyvXkaDBcqIC/zqX1IneL9WYOj6N5SXvQk7LuBN9S2BA==,demo-test-2026-09,"{""filename"":""note_evid-0035.txt"",""gps_lat"":-33.3508,""gps_lon"":25.4622,""id"":""EVID-0035"",""parent_id"":""INC-0005"",""parent_type"":""incident"",""timestamp"":""2026-07-06T09:00:00Z"",""uploader_id"":""USER-0005""}"
LGR-0036,evidence,EVID-0036,create,2026-06-05T20:00:00Z,USER-0016,,337cc357957db125beea3683b1ba18b3828dc84997887ac139c118f841177b1a,DDjx20pJ2m3YCcDOaDUBb2X1k/vkInWiWsj8MUi0QMJwHXGsBEfyNJwlbk+5UI5yGCAzEH2zMDL2amUckiO5Aw==,demo-test-2026-09,"{""filename"":""note_evid-0036.txt"",""gps_lat"":-33.3385,""gps_lon"":25.5177,""id"":""EVID-0036"",""parent_id"":""INSP-0036"",""parent_type"":""inspection"",""timestamp"":""2026-06-05T20:00:00Z"",""uploader_id"":""USER-0016""}"
LGR-0037,evidence,EVID-0037,create,2026-06-05T23:00:00Z,USER-0017,,5bf411c9dbb5d007fc75cf72bffa85206fe864b42848b68edf6d505219e453c1,jsi1zHoIRYAZ61egfDIObiJ2Li183XGL2rDinItoBos74TIN9f6GJBU6s2GFKCeXRG4jDBv9qF3Z1k0lS7sdBA==,demo-test-2026-09,"{""filename"":""note_evid-0037.txt"",""gps_lat"":-33.3262,""gps_lon"":25.5288,""id"":""EVID-0037"",""parent_id"":""INSP-0037"",""parent_type"":""inspection"",""timestamp"":""2026-06-05T23:00:00Z"",""uploader_id"":""USER-0017""}"
LGR-0038,evidence,EVID-0038,create,2026-06-06T02:00:00Z,USER-0018,,fc2b07535b34d3235d1b184b5f4a9a0142cce9e00746ab92a7188103ad9594f4,l/t+HfTGa/o2190Av+2kvgtGsSjNKYUQIXQeYznKJG5FScmOHWa6zetpLqboYbdciakHR1iXQMyK/OKYzWAvAQ==,demo-test-2026-09,"{""filename"":""note_evid-0038.txt"",""gps_lat"":-33.3139,""gps_lon"":25.5288,""id"":""EVID-0038"",""parent_id"":""INSP-0038"",""parent_type"":""inspection"",""timestamp"":""2026-06-06T02:00:00Z"",""uploader_id"":""USER-0018""}"
LGR-0039,evidence,EVID-0039,create,2026-06-06T05:00:00Z,USER-0019,,8011659df08aa55c7489349a985f885540ea98bac50c80cc7075225c1c116966,AzGG20yE4W8M5cyhbiLsZgziu+voAVWB7s+USeo7eKzj5o8gmZlyQWdRRs7l+vFtJhXfqWJ/y1qnEGB1yKWzCw==,demo-test-2026-09,"{""filename"":""note_evid-0039.txt"",""gps_lat"":-33.3016,""gps_lon"":25.5399,""id"":""EVID-0039"",""parent_id"":""INSP-0039"",""parent_type"":""inspection"",""timestamp"":""2026-06-06T05:00:00Z"",""uploader_id"":""USER-0019""}"
LGR-0040,evidence,EVID-0040,create,2026-07-11T09:00:00Z,USER-0010,,b66f878315b9b104af6cfbf0d81a0e1f6cad5b14095133cca1cb72d06e2aa51c,O6B90Pf0/weJ368pFsHzJ/g4UPIVe9KB+NF1Mt38Yso+ccHi/X9miZfs5GwaDX/qZqfD6veBe/K6Pch4bXC4BA==,demo-test-2026-09,"{""filename"":""note_evid-0040.txt"",""gps_lat"":-33.2893,""gps_lon"":25.4844,""id"":""EVID-0040"",""parent_id"":""INC-0010"",""parent_type"":""incident"",""timestamp"":""2026-07-11T09:00:00Z"",""uploader_id"":""USER-0010""}"
LGR-0041,evidence,EVID-0041,create,2026-06-06T11:00:00Z,USER-0001,,373288e1e1aba86dc90384c914bfbc6f51a8a7549773448357f7fac3725b2dfd,bDwL9ujVwpn4b6R9oosC/sYy6wRB1M4RqY0tv3bhNy6DcaQe3hCue0nVx+qrk44mgk8+eJ6SK1SOLs5o1zaCDg==,demo-test-2026-09,"{""filename"":""note_evid-0041.txt"",""gps_lat"":-33.4,""gps_lon"":25.44,""id"":""EVID-0041"",""parent_id"":""INSP-0041"",""parent_type"":""inspection"",""timestamp"":""2026-06-06T11:00:00Z"",""uploader_id"":""USER-0001""}"
LGR-0042,evidence,EVID-0042,create,2026-06-06T14:00:00Z,USER-0002,,4234a7efb88b0b81f8702c200ab79f3bd343f581b0b0c9e403e680cf751321e8,8AjVKyZkBcK/jzr8CXv99PKOKtH0NeFxShuZwLyMVgUwHjkA1zKDQANNqhtQVAsEX/Gur59W6WYQXjCe2JkEDQ==,demo-test-2026-09,"{""filename"":""note_evid-0042.txt"",""gps_lat"":-33.3877,""gps_lon"":25.44,""id"":""EVID-0042"",""parent_id"":""INSP-0042"",""parent_type"":""inspection"",""timestamp"":""2026-06-06T14:00:00Z"",""uploader_id"":""USER-0002""}"
LGR-0043,evidence,EVID-0043,create,2026-06-06T17:00:00Z,USER-0003,,67a5673456dfb5babf798195b54198f0ec9a2a690c279b619797117159702f0c,Ibl7Gavh3mdrTzAr9aF3sqR7HejyFl8hXE1GLEvkoats2j8YsgmMOkfi1CjcV2/fsNBz09AoUJHrCPu02DBJCw==,demo-test-2026-09,"{""filename"":""note_evid-0043.txt"",""gps_lat"":-33.3754,""gps_lon"":25.4511,""id"":""EVID-0043"",""parent_id"":""INSP-0043"",""parent_type"":""inspection"",""timestamp"":""2026-06-06T17:00:00Z"",""uploader_id"":""USER-0003""}"
LGR-0044,evidence,EVID-0044,create,2026-06-06T20:00:00Z,USER-0004,,b053522d3dbb51a502eb3eb79784e7d85766bc37b28119cf5eef80b37e97fdc2,o01azCrV9jrCt2lQoEAO3ck1YoIZMGyTySHagJawTKY+RhhIjHIMV6EceYnhMcC9rDkpMYkD3YDWEseooNDCAg==,demo-test-2026-09,"{""filename"":""note_evid-0044.txt"",""gps_lat"":-33.3631,""gps_lon"":25.4511,""id"":""EVID-0044"",""parent_id"":""INSP-0044"",""parent_type"":""inspection"",""timestamp"":""2026-06-06T20:00:00Z"",""uploader_id"":""USER-0004""}"
LGR-0045,evidence,EVID-0045,create,2026-07-16T09:00:00Z,USER-0015,,ea0f94620c6b609ea68647eb1b9d7da3b50813c57a2d17cef3fd336037328181,/rkJl7tWBzU51XiW5kWbV6V9me/L6uXrn0o3rwfbSTPt9ThrYxjjzhsXby7kJFNEbpnsU4+vHc9nKbCUKVT7Bg==,demo-test-2026-09,"{""filename"":""note_evid-0045.txt"",""gps_lat"":-33.3508,""gps_lon"":25.5177,""id"":""EVID-0045"",""parent_id"":""INC-0015"",""parent_type"":""incident"",""timestamp"":""2026-07-16T09:00:00Z"",""uploader_id"":""USER-0015""}"
LGR-0046,evidence,EVID-0046,create,2026-06-07T02:00:00Z,USER-0006,,4a7d8e2ce6d4bb35f370aa5f4b33b27e42165731250f0cd8addca9b4fbf3c221,wQ8u+tJ4aPkkv756THoeSXVC8pGNTSgbW9kWcBPdbnEOnCnaYeiwJpfov/j5BbbwSP5F2f4iIZikSDM4HlvbDg==,demo-test-2026-09,"{""filename"":""note_evid-0046.txt"",""gps_lat"":-33.3385,""gps_lon"":25.4622,""id"":""EVID-0046"",""parent_id"":""INSP-0046"",""parent_type"":""inspection"",""timestamp"":""2026-06-07T02:00:00Z"",""uploader_id"":""USER-0006""}"
LGR-0047,evidence,EVID-0047,create,2026-06-07T05:00:00Z,USER-0007,,7db0c7444dd4337962ac22143d64c481b93809b9f42e329d4aef0a06576765d6,VUuAPe/1UBlyk9GLa97CXcqiNds0x/+0rC6PE6J4hJpUvZsmEtYQlazxKuUl8Y7iMIWq049dg+BWzMVisZFrBg==,demo-test-2026-09,"{""filename"":""note_evid-0047.txt"",""gps_lat"":-33.3262,""gps_lon"":25.4733,""id"":""EVID-0047"",""parent_id"":""INSP-0047"",""parent_type"":""inspection"",""timestamp"":""2026-06-07T05:00:00Z"",""uploader_id"":""USER-0007""}"
LGR-0048,evidence,EVID-0048,create,2026-06-07T08:00:00Z,USER-0008,,87e6468b3dd8c24a8395368a30e959e0a042ac2a8ba4c8b3b419749b51b8360e,cLjVWeUPWLBhBRxBI9G8LKEtAPFWaBc+pNljqsgDNN9kiBkszy8ZVJE0cnp7V5Fb/SzrT1iGoiQu9xUtWq/+CA==,demo-test-2026-09,"{""filename"":""note_evid-0048.txt"",""gps_lat"":-33.3139,""gps_lon"":25.4733,""id"":""EVID-0048"",""parent_id"":""INSP-0048"",""parent_type"":""inspection"",""timestamp"":""2026-06-07T08:00:00Z"",""uploader_id"":""USER-0008""}"
LGR-0049,evidence,EVID-0049,create,2026-06-07T11:00:00Z,USER-0009,,778b3c4bb58b36c9d7a1e5a7527855466034a66d9c682904f8ef1b72f23fb365,lMfrzPjM/GXvizGzIiu4NoLT9ika8DiTEYXmo0qJON9vBDD1Hfd061SerBor6r9dcPCWRI5qyRtC3xIQffyfAA==,demo-test-2026-09,"{""filename"":""note_evid-0049.txt"",""gps_lat"":-33.3016,""gps_lon"":25.4844,""id"":""EVID-0049"",""parent_id"":""INSP-0049"",""parent_type"":""inspection"",""timestamp"":""2026-06-07T11:00:00Z"",""uploader_id"":""USER-0009""}"
LGR-0050,evidence,EVID-0050,create,2026-07-21T09:00:00Z,USER-0020,,a0c3baa4f1f66c8ed262ad80f196a701d6e5538cd5a6cb40696352eaecdb67f6,/XXuY11v58dfkS7KVxNtQwTG9N/NpUfGVDiRzWdzLt4b1lIYZ8iS1jqEb9OsZ5PxSuypCEx7aeaHoRL0okIbCw==,demo-test-2026-09,"{""filename"":""note_evid-0050.txt"",""gps_lat"":-33.2893,""gps_lon"":25.5399,""id"":""EVID-0050"",""parent_id"":""INC-0020"",""parent_type"":""incident"",""timestamp"":""2026-07-21T09:00:00Z"",""uploader_id"":""USER-0020""}"
LGR-0051,evidence,EVID-0051,create,2026-06-07T17:00:00Z,USER-0011,,6759f3e7adc1a579a8d83caa2411f459031d5460fbfda6b1c1133cc0e8618431,T2HtOmRhBYEoCbKwxojckopVKUT3mfPqTtdhkYUIHDJoum/FKKuIovU+WjX2xDpBr5XAmjt44us1jPnQvc46AQ==,demo-test-2026-09,"{""filename"":""note_evid-0051.txt"",""gps_lat"":-33.4,""gps_lon"":25.44,""id"":""EVID-0051"",""parent_id"":""INSP-0051"",""parent_type"":""inspection"",""timestamp"":""2026-06-07T17:00:00Z"",""uploader_id"":""USER-0011""}"
LGR-0052,evidence,EVID-0052,create,2026-06-07T20:00:00Z,USER-0012,,9608205a12784fc8095de557ef97fb4dd36079958accafcbbe47017fb8600588,w3aaD3FQT/gTqTeB6tvnAQk9uhi6Xl0JxL/26T85JdKx8kwAWYKhIRi60p0T9yMzLhEM88P5kgKghM98TNYyBQ==,demo-test-2026-09,"{""filename"":""note_evid-0052.txt"",""gps_lat"":-33.3877,""gps_lon"":25.44,""id"":""EVID-0052"",""parent_id"":""INSP-0052"",""parent_type"":""inspection"",""timestamp"":""2026-06-07T20:00:00Z"",""uploader_id"":""USER-0012""}"
LGR-0053,evidence,EVID-0053,create,2026-06-07T23:00:00Z,USER-0013,,fb3ce084d2946784c9ab599526839f67cc6bbcf68b8ff3623852069201e92a04,zAXRHmFY7FZPEPGFf9p+b1adc2qLkOK9AnKAjofB5p1OOmOrgwMwdC6qjRJtzX2PHhCY5Zci92jlsOGtU7yxCQ==,demo-test-2026-09,"{""filename"":""note_evid-0053.txt"",""gps_lat"":-33.3754,""gps_lon"":25.4511,""id"":""EVID-0053"",""parent_id"":""INSP-0053"",""parent_type"":""inspection"",""timestamp"":""2026-06-07T23:00:00Z"",""uploader_id"":""USER-0013""}"
LGR-0054,evidence,EVID-0054,create,2026-06-08T02:00:00Z,USER-0014,,18c62784c46e2462b891a8ee6d104d9770358ee8c4a0eb20c8ed5da64112da93,tVd137CAFftDGl8/GQxXj0xHFmwbKFDKJ0lZPwCyE454Q15tG8TMAQJKTdjV+O7SxTFXB+Dsghr4PgaYMWrXBQ==,demo-test-2026-09,"{""filename"":""note_evid-0054.txt"",""gps_lat"":-33.3631,""gps_lon"":25.4511,""id"":""EVID-0054"",""parent_id"":""INSP-0054"",""parent_type"":""inspection"",""timestamp"":""2026-06-08T02:00:00Z"",""uploader_id"":""USER-0014""}"
LGR-0055,evidence,EVID-0055,create,2026-07-26T09:00:00Z,USER-0005,,c6a6045de551d04a9c2964c88baaae05d4cb6f343c8c48be6f32782100c721df,RecbodxXVfQPqOZvFxVcXA39qlE8RIIlvs3DjCUZrI52HMnyaodFzQmK5vclYyTLIWs97tICij7402Y2istvBg==,demo-test-2026-09,"{""filename"":""note_evid-0055.txt"",""gps_lat"":-33.3508,""gps_lon"":25.4622,""id"":""EVID-0055"",""parent_id"":""INC-0025"",""parent_type"":""incident"",""timestamp"":""2026-07-26T09:00:00Z"",""uploader_id"":""USER-0005""}"
LGR-0056,evidence,EVID-0056,create,2026-06-08T08:00:00Z,USER-0016,,f5f660ab2b0c7f3b72c4a67cfabf5fa425e8c66173970007f3195f6dddc3b4a6,1Uzjxtg4jfl4BhLE1m4imeGtL+d1S0idqRrcw78oHifglHlUsL1RXOghe1OXyzdrix2GV2dMonyQjOZEfL7IBQ==,demo-test-2026-09,"{""filename"":""note_evid-0056.txt"",""gps_lat"":-33.3385,""gps_lon"":25.4622,""id"":""EVID-0056"",""parent_id"":""INSP-0056"",""parent_type"":""inspection"",""timestamp"":""2026-06-08T08:00:00Z"",""uploader_id"":""USER-0016""}"
LGR-0057,evidence,EVID-0057,create,2026-06-08T11:00:00Z,USER-0017,,27b81a8cd2ec19f60a5c750324170c7d7c3b77e1be5e54ff80a0a322cbc22773,wqbZRzqfm63jGgZHFwkvXz75f8O62zZfR/pugJaTjK3brTt9CBDKyRUCQGf3MSs0vJvGf5uhlZAdnHimsD+jDg==,demo-test-2026-09,"{""filename"":""note_evid-0057.txt"",""gps_lat"":-33.3262,""gps_lon"":25.4733,""id"":""EVID-0057"",""parent_id"":""INSP-0057"",""parent_type"":""inspection"",""timestamp"":""2026-06-08T11:00:00Z"",""uploader_id"":""USER-0017""}"
LGR-0058,evidence,EVID-0058,create,2026-06-08T14:00:00Z,USER-0018,,804743adddbd0366b17bbfffff6cc1338d711a50c81109c57a3b2c2e1cda6893,mxyG+gp6jDzSoHTygRxgve1xe96F6DS8kNRHjBakT7pA5uZnKAKl+RKI+32pOxvuUl0OWQdN393+Nbz68wPyAQ==,demo-test-2026-09,"{""filename"":""note_evid-0058.txt"",""gps_lat"":-33.3139,""gps_lon"":25.4733,""id"":""EVID-0058"",""parent_id"":""INSP-0058"",""parent_type"":""inspection"",""timestamp"":""2026-06-08T14:00:00Z"",""uploader_id"":""USER-0018""}"
LGR-0059,evidence,EVID-0059,create,2026-06-08T17:00:00Z,USER-0019,,aa2324b1f5c2e2bf27625b07f0fb0cafb085aea82abddcec170f3cf22af229f5,FXOr1QntaS5tUs//7LOkHVOshyQARrD2BP5er9r7yL/vip0JZnU8e45c8GUoNlBX7QKfzwzElY1Cp5XyPQpMAw==,demo-test-2026-09,"{""filename"":""note_evid-0059.txt"",""gps_lat"":-33.3016,""gps_lon"":25.4844,""id"":""EVID-0059"",""parent_id"":""INSP-0059"",""parent_type"":""inspection"",""timestamp"":""2026-06-08T17:00:00Z"",""uploader_id"":""USER-0019""}"
LGR-0060,evidence,EVID-0060,create,2026-07-31T09:00:00Z,USER-0010,,f90e69e2fb2e08b0a4dc82ac2cb22685df9e49671124361f535f7749fe23f77c,h0neunhMatEdNsQ4ACQXGjDEy+pYg7CYlUMyBCgC6F7iiLoQX7r6FhyachmZvHBf/s40RFnCKNFou9sDXTz0Ag==,demo-test-2026-09,"{""filename"":""note_evid-0060.txt"",""gps_lat"":-33.2893,""gps_lon"":25.4844,""id"":""EVID-0060"",""parent_id"":""INC-0030"",""parent_type"":""incident"",""timestamp"":""2026-07-31T09:00:00Z"",""uploader_id"":""USER-0010""}"
LGR-0061,evidence,EVID-0061,create,2026-06-08T23:00:00Z,USER-0001,,7895a66f47cf2da2cb57bd9fbf01cc6920d5c7bc717335234d010494dcdea305,1kW7xlogkMUPRDEaxLQ8QZG/lv17fybHYunCfHp4oYu4NA7mQryhLrfIA253fn/IAWC5jc3EmtZ239XQkH5dAw==,demo-test-2026-09,"{""filename"":""note_evid-0061.txt"",""gps_lat"":-33.4,""gps_lon"":25.4955,""id"":""EVID-0061"",""parent_id"":""INSP-0061"",""parent_type"":""inspection"",""timestamp"":""2026-06-08T23:00:00Z"",""uploader_id"":""USER-0001""}"
LGR-0062,evidence,EVID-0062,create,2026-06-09T02:00:00Z,USER-0002,,5c1ff9f5871f8d2d161431d2016b43068872a4d4829b488d05de8a52b493d79a,ciHOVo0wvvjT5XlBwevc4eEBuG8eN88GtGyLORGFDbjy4TGqi20tB7KQTYGbShlLCwUfzKXYmZ/YQJIgtIYWDw==,demo-test-2026-09,"{""filename"":""note_evid-0062.txt"",""gps_lat"":-33.3877,""gps_lon"":25.4955,""id"":""EVID-0062"",""parent_id"":""INSP-0062"",""parent_type"":""inspection"",""timestamp"":""2026-06-09T02:00:00Z"",""uploader_id"":""USER-0002""}"
LGR-0063,evidence,EVID-0063,create,2026-06-09T05:00:00Z,USER-0003,,44be3a538c4d13964a8c299e755cbcd34154937e8f9a6950a7d559199fd3f606,FL9PNuGSE62xsYt0yrUbptwHm5KtP78vdtL07JEN+awp9Ey2VI/gAYZR0TbE4iAIq8BzBOS5NT5nyHemnAwfCA==,demo-test-2026-09,"{""filename"":""note_evid-0063.txt"",""gps_lat"":-33.3754,""gps_lon"":25.5066,""id"":""EVID-0063"",""parent_id"":""INSP-0063"",""parent_type"":""inspection"",""timestamp"":""2026-06-09T05:00:00Z"",""uploader_id"":""USER-0003""}"
LGR-0064,evidence,EVID-0064,create,2026-06-09T08:00:00Z,USER-0004,,3c9fdf353cb1ac00d0393cb440d3b4bf332746801b5df41da59dbe7fa7380166,TvvKlIOWusFknmHUvoZhTFwVWBlTSMYQ9kOyKssOs+wKsEjaZNSauLt6dL1Kw9ntQv8ORSEkL4m5secIF8uDBQ==,demo-test-2026-09,"{""filename"":""note_evid-0064.txt"",""gps_lat"":-33.3631,""gps_lon"":25.5066,""id"":""EVID-0064"",""parent_id"":""INSP-0064"",""parent_type"":""inspection"",""timestamp"":""2026-06-09T08:00:00Z"",""uploader_id"":""USER-0004""}"
LGR-0065,evidence,EVID-0065,create,2026-07-06T09:00:00Z,USER-0005,,3401b0787e90df77deae13adb2200359611cda944ad7d4cc78d90c6d9b5459fb,4yT9nPc9/ZNAEPb66IKtCE/Gt8N1YSXUyEUjIr6NR2DKbApjpsoXcvNhNHv9SidyFDeZ8t11TT3K8UZak3zSDQ==,demo-test-2026-09,"{""filename"":""note_evid-0065.txt"",""gps_lat"":-33.3508,""gps_lon"":25.4622,""id"":""EVID-0065"",""parent_id"":""INC-0005"",""parent_type"":""incident"",""timestamp"":""2026-07-06T09:00:00Z"",""uploader_id"":""USER-0005""}"
LGR-0066,evidence,EVID-0066,create,2026-06-09T14:00:00Z,USER-0006,,317284487b0101d4b1b88ef3dc72a5a393441a7b555828caa421fbe760bdd8af,faGs7MiAhLKxoCgyuhnFHlV0XVXjodg8i7BnRPRumlTwqgvyAq52kC1ycLdZ758yP4PisFK2LtF67Ab+HnxeCA==,demo-test-2026-09,"{""filename"":""note_evid-0066.txt"",""gps_lat"":-33.3385,""gps_lon"":25.5177,""id"":""EVID-0066"",""parent_id"":""INSP-0066"",""parent_type"":""inspection"",""timestamp"":""2026-06-09T14:00:00Z"",""uploader_id"":""USER-0006""}"
LGR-0067,evidence,EVID-0067,create,2026-06-09T17:00:00Z,USER-0007,,ac993c2f4e01f05fa1b4beea928c69ed39ccef06b60efbf80b309579b34b1883,YbuOJgm95VPxhZ8/rqDTP32wRTGyUU3lqyWVoZTSJrpq6f+/erIg/ANDEgrHBobd3cwyYKILhokHwgPecC5sAw==,demo-test-2026-09,"{""filename"":""note_evid-0067.txt"",""gps_lat"":-33.3262,""gps_lon"":25.5288,""id"":""EVID-0067"",""parent_id"":""INSP-0067"",""parent_type"":""inspection"",""timestamp"":""2026-06-09T17:00:00Z"",""uploader_id"":""USER-0007""}"
LGR-0068,evidence,EVID-0068,create,2026-06-09T20:00:00Z,USER-0008,,b8b7c1ccfd35037bcea1f3dd8cf0683a99cce6c595d7ded9349bc27ff8552e72,vxW0V1hj5D/0qwYVsC1bTScYT2Sudfs4DfY0tvSA4smzYXA6CX4uM76yn1V0rqLrSkwbwDOr+1MQ29pCgOssDw==,demo-test-2026-09,"{""filename"":""note_evid-0068.txt"",""gps_lat"":-33.3139,""gps_lon"":25.5288,""id"":""EVID-0068"",""parent_id"":""INSP-0068"",""parent_type"":""inspection"",""timestamp"":""2026-06-09T20:00:00Z"",""uploader_id"":""USER-0008""}"
LGR-0069,evidence,EVID-0069,create,2026-06-09T23:00:00Z,USER-0009,,6e55714ae3c1df576b8e9d0f3c4cb9766d56d2d42e627ff218b0cfcd7231f87e,fmhDnJl5LZSyDq7ZDjaHw07Hlyo70yo7a3ZRLFQVgdU0kqreIoMzlEps3s8hwDs9XKWPL8Lq6JqkiOt/phgKBQ==,demo-test-2026-09,"{""filename"":""note_evid-0069.txt"",""gps_lat"":-33.3016,""gps_lon"":25.5399,""id"":""EVID-0069"",""parent_id"":""INSP-0069"",""parent_type"":""inspection"",""timestamp"":""2026-06-09T23:00:00Z"",""uploader_id"":""USER-0009""}"
LGR-0070,evidence,EVID-0070,create,2026-07-11T09:00:00Z,USER-0010,,232846bdac93d54c8960d06d740cbaf005dbca7b33b085743cd891338f68dd25,LoNGk4UzKseDlY4UVMjgL44WL14Ik7JI23R9Ih3GkZz0j0By2jwbDHZqUgUw5zjvhM4lr4SjFOz0UJLHsCgmBA==,demo-test-2026-09,"{""filename"":""note_evid-0070.txt"",""gps_lat"":-33.2893,""gps_lon"":25.4844,""id"":""EVID-0070"",""parent_id"":""INC-0010"",""parent_type"":""incident"",""timestamp"":""2026-07-11T09:00:00Z"",""uploader_id"":""USER-0010""}"
LGR-0071,evidence,EVID-0071,create,2026-06-10T05:00:00Z,USER-0011,,73553fd9e7a56e88cefd4b9d8a05a7fe52f6d4ff9f4f0e9bcb2b73db6f8c3d2b,ids8d/A38JbWiZdzWOPwVoglOqR/y0Q7353sNlP+O2ci8wp2zQxLyxamUXj6FIoziPMh6xl0bfr5JNuhSh2kDA==,demo-test-2026-09,"{""filename"":""note_evid-0071.txt"",""gps_lat"":-33.4,""gps_lon"":25.44,""id"":""EVID-0071"",""parent_id"":""INSP-0071"",""parent_type"":""inspection"",""timestamp"":""2026-06-10T05:00:00Z"",""uploader_id"":""USER-0011""}"
LGR-0072,evidence,EVID-0072,create,2026-06-10T08:00:00Z,USER-0012,,2f22de3d85675a6ded266dac8b21caea1ca6c0761c90f1e11c68a5f9ee7a19f1,hShiGeK340Acomts5iYbE81AjmuEq9Xvj91Ts7oHGED4KKxna48wZC4SnEe8+t9wHUgQnD6iNdJIw5jC1sArAA==,demo-test-2026-09,"{""filename"":""note_evid-0072.txt"",""gps_lat"":-33.3877,""gps_lon"":25.44,""id"":""EVID-0072"",""parent_id"":""INSP-0072"",""parent_type"":""inspection"",""timestamp"":""2026-06-10T08:00:00Z"",""uploader_id"":""USER-0012""}"
LGR-0073,evidence,EVID-0073,create,2026-06-10T11:00:00Z,USER-0013,,47016c40e84f6609abddfb98b12d6c9f5d7e5034782e20f9f615330a339d2e44,cCUyg9CIQgdhmVvdB0IBhte9bOT5d7Kd1HRzgs+zjxPeZwqmWRXszKoFpJ/Xl3V21murL6Zy69WbmRgEbr6ADQ==,demo-test-2026-09,"{""filename"":""note_evid-0073.txt"",""gps_lat"":-33.3754,""gps_lon"":25.4511,""id"":""EVID-0073"",""parent_id"":""INSP-0073"",""parent_type"":""inspection"",""timestamp"":""2026-06-10T11:00:00Z"",""uploader_id"":""USER-0013""}"
LGR-0074,evidence,EVID-0074,create,2026-06-10T14:00:00Z,USER-0014,,64208f08fdf5ef60401998db23596094704abd8867fc3afdeeccdda8aa9e7897,LToIOgC0fPfVgtR5UvPpwIu1mxT6gT8msP6rYD1XC5nQVLtCyWxsWEiHEku9RQ2tip3yVd9JmNqllrHh9H/JBg==,demo-test-2026-09,"{""filename"":""note_evid-0074.txt"",""gps_lat"":-33.3631,""gps_lon"":25.4511,""id"":""EVID-0074"",""parent_id"":""INSP-0074"",""parent_type"":""inspection"",""timestamp"":""2026-06-10T14:00:00Z"",""uploader_id"":""USER-0014""}"
LGR-0075,evidence,EVID-0075,create,2026-07-16T09:00:00Z,USER-0015,,692e774b6778f69e986525953cbde2eec5dd3a8bc4d6b1da277c934172c1003a,gDKYEwj3UBgra09tfE9/7JftMnsM9VfurIDYRdJnzy2BLynTovXayYBUVSxJefG8k6xCq4/uUA/sHdQhfwRhAA==,demo-test-2026-09,"{""filename"":""note_evid-0075.txt"",""gps_lat"":-33.3508,""gps_lon"":25.5177,""id"":""EVID-0075"",""parent_id"":""INC-0015"",""parent_type"":""incident"",""timestamp"":""2026-07-16T09:00:00Z"",""uploader_id"":""USER-0015""}"
LGR-0076,evidence,EVID-0076,create,2026-06-10T20:00:00Z,USER-0016,,12338cdf13b3824983f2c76073b29df5b482d865bc6c9f9fa5d65fa6c17df08c,tyTxS+8p820Ki6LuQoXly/U6R4kwsNBZXvdX9trusv2XewC2QTg0Xqm6s8ONFAyDqwltpVM7TDwuvyJLqwl1Ag==,demo-test-2026-09,"{""filename"":""note_evid-0076.txt"",""gps_lat"":-33.3385,""gps_lon"":25.4622,""id"":""EVID-0076"",""parent_id"":""INSP-0076"",""parent_type"":""inspection"",""timestamp"":""2026-06-10T20:00:00Z"",""uploader_id"":""USER-0016""}"
LGR-0077,evidence,EVID-0077,create,2026-06-10T23:00:00Z,USER-0017,,acbc32cd30e399038986c7dffb75e9ef6ace00daddfcf75123b87c4777f34b56,bBltcUeZUwthgI9uO8S2MtLeUEzwIsvvQVwJVXX2e1Y6Sr3AhJhXLbuUwFARL3kS5z2a3pv5tl1h1JuuDpmqBg==,demo-test-2026-09,"{""filename"":""note_evid-0077.txt"",""gps_lat"":-33.3262,""gps_lon"":25.4733,""id"":""EVID-0077"",""parent_id"":""INSP-0077"",""parent_type"":""inspection"",""timestamp"":""2026-06-10T23:00:00Z"",""uploader_id"":""USER-0017""}"
LGR-0078,evidence,EVID-0078,create,2026-06-11T02:00:00Z,USER-0018,,cdcbe5a9735f4655c68983232316cd2391a54907761ae7e2d9d62ec015e71486,rUWVDT23kT0Z96p5axb29HYX8fYRiO+ucm+JjdaQNIedx3R0IlSWftedwY2KTtho4qJ7kTXDTKSqm06p/KwQBg==,demo-test-2026-09,"{""filename"":""note_evid-0078.txt"",""gps_lat"":-33.3139,""gps_lon"":25.4733,""id"":""EVID-0078"",""parent_id"":""INSP-0078"",""parent_type"":""inspection"",""timestamp"":""2026-06-11T02:00:00Z"",""uploader_id"":""USER-0018""}"
LGR-0079,evidence,EVID-0079,create,2026-06-11T05:00:00Z,USER-0019,,e0d0c375d2a6cd937303a0241cf035dd2f8251eaf8db43f3a88a52e47b44492d,FwHZQAcRurbwvLSbBJHtwj38mAHGFZJUNURLSefiJ0pSHkfE437vDIQutuLfRam5406jN3ld2KdgBNhOqRaXAw==,demo-test-2026-09,"{""filename"":""note_evid-0079.txt"",""gps_lat"":-33.3016,""gps_lon"":25.4844,""id"":""EVID-0079"",""parent_id"":""INSP-0079"",""parent_type"":""inspection"",""timestamp"":""2026-06-11T05:00:00Z"",""uploader_id"":""USER-0019""}"
LGR-0080,evidence,EVID-0080,create,2026-07-21T09:00:00Z,USER-0020,,ef33a9fed24f100251f7e133a295088e05afd33b51a5f752b925a62272bb6f68,e7/iUdgFIIkqHHN4TmaWlCliy2ZpG8Fk2fmij2waNuIy5XXWMbzNPwqcg3iwq+f+4iPCQPNTT1bCpnEBl7cfAQ==,demo-test-2026-09,"{""filename"":""note_evid-0080.txt"",""gps_lat"":-33.2893,""gps_lon"":25.5399,""id"":""EVID-0080"",""parent_id"":""INC-0020"",""parent_type"":""incident"",""timestamp"":""2026-07-21T09:00:00Z"",""uploader_id"":""USER-0020""}"
LGR-0081,evidence,EVID-0081,create,2026-06-11T11:00:00Z,USER-0001,,4fc7169da16771c639ea7390488c278b5e88871e0ef5b7585db5f130915bd16b,z8eh3zsZEku8N55IQz/RBtTHRywpOrAycAWE4QC7uwDHagNKzpqitpAqz8ij0L8uf56vPFTibGIsY/EqpR2BAw==,demo-test-2026-09,"{""filename"":""note_evid-0081.txt"",""gps_lat"":-33.4,""gps_lon"":25.4955,""id"":""EVID-0081"",""parent_id"":""INSP-0081"",""parent_type"":""inspection"",""timestamp"":""2026-06-11T11:00:00Z"",""uploader_id"":""USER-0001""}"
LGR-0082,evidence,EVID-0082,create,2026-06-11T14:00:00Z,USER-0002,,7770297544ac72325830b72285baba45f8f6dfd0eb2d48c10a5c9e11cf04b010,jnSsIxWCM5K2lS+j13kVUohnDzb/yUhbVAk9nmz+c66dVreW5vwAXjKoCxz/16xXK4i6cKUChM2lyl1bOoVRCg==,demo-test-2026-09,"{""filename"":""note_evid-0082.txt"",""gps_lat"":-33.3877,""gps_lon"":25.4955,""id"":""EVID-0082"",""parent_id"":""INSP-0082"",""parent_type"":""inspection"",""timestamp"":""2026-06-11T14:00:00Z"",""uploader_id"":""USER-0002""}"
LGR-0083,evidence,EVID-0083,create,2026-06-11T17:00:00Z,USER-0003,,d900819b86eec62cd62a32879d571ea5544b43275c897f3cc2688d3a8846855a,washFD6VxealtIsPmgdv7Qi+iguo2KhuWO3bE1L4/koSgwzU1kEof9cbAO0lHtyCU0QUhkuOvvVSUkYBcqFxBw==,demo-test-2026-09,"{""filename"":""note_evid-0083.txt"",""gps_lat"":-33.3754,""gps_lon"":25.5066,""id"":""EVID-0083"",""parent_id"":""INSP-0083"",""parent_type"":""inspection"",""timestamp"":""2026-06-11T17:00:00Z"",""uploader_id"":""USER-0003""}"
LGR-0084,evidence,EVID-0084,create,2026-06-11T20:00:00Z,USER-0004,,54693f25b6e4caa511e2af5906b822da75acdc2230ece3dbdd4e2e1f157548bf,3qVRgns3hIICk/DHlzRSokoN1ec53GsUpPD1PHx6HO87kjLzaPUDFZ4pCHhoRJuXAqCqkDv6u0Of1rx+bEO/AA==,demo-test-2026-09,"{""filename"":""note_evid-0084.txt"",""gps_lat"":-33.3631,""gps_lon"":25.5066,""id"":""EVID-0084"",""parent_id"":""INSP-0084"",""parent_type"":""inspection"",""timestamp"":""2026-06-11T20:00:00Z"",""uploader_id"":""USER-0004""}"
LGR-0085,evidence,EVID-0085,create,2026-07-26T09:00:00Z,USER-0005,,581307ab823f2b0b3c70e7134f165161b9aeadb77684eb615d4f35f23c9bb0b4,MgjJb4p/+7/wNUDzqnmvpwluLp4VHW5lphDxumFslonLOr1eCXqjy9sAw2+jD2smDealJZYnmYQCMua5/hKADw==,demo-test-2026-09,"{""filename"":""note_evid-0085.txt"",""gps_lat"":-33.3508,""gps_lon"":25.4622,""id"":""EVID-0085"",""parent_id"":""INC-0025"",""parent_type"":""incident"",""timestamp"":""2026-07-26T09:00:00Z"",""uploader_id"":""USER-0005""}"
LGR-0086,evidence,EVID-0086,create,2026-06-12T02:00:00Z,USER-0006,,c5be300f7038ba2e483f5e2eb1db072beb6f3eacd30a05a23d6b1bc7d675dcb8,xYOEb+FOksMz4DI5ZfJFWN+bDi5KH6CsOi2bbxjei0rGbeRqmlk8tCAJ9t4hJHLMGmHUkVh+LoPjJY7z3HLlDg==,demo-test-2026-09,"{""filename"":""note_evid-0086.txt"",""gps_lat"":-33.3385,""gps_lon"":25.5177,""id"":""EVID-0086"",""parent_id"":""INSP-0086"",""parent_type"":""inspection"",""timestamp"":""2026-06-12T02:00:00Z"",""uploader_id"":""USER-0006""}"
LGR-0087,evidence,EVID-0087,create,2026-06-12T05:00:00Z,USER-0007,,abf17c7dc2bcffb7ed5da5ed58259f21c5b128ed6959a0003e30d29e007388f8,KiE2BZegTRtfyNNC7hX7RTLNnMJ8ly/O48G8HoodmO/5HQmP4LgOn8LS6+hCQDfZJhqam+bDi07oIsv1sRxeCQ==,demo-test-2026-09,"{""filename"":""note_evid-0087.txt"",""gps_lat"":-33.3262,""gps_lon"":25.5288,""id"":""EVID-0087"",""parent_id"":""INSP-0087"",""parent_type"":""inspection"",""timestamp"":""2026-06-12T05:00:00Z"",""uploader_id"":""USER-0007""}"
LGR-0088,evidence,EVID-0088,create,2026-06-12T08:00:00Z,USER-0008,,e1aa84a9163dcbf29751d82c4468307272d448af1744132ef2b516f1dad7799c,jyrZ2MOIuwrt9snNdjq0xVVB0VBJC1XQOwPGlXuwTjXB21wN4BlTGYlz4soV8Uoum64TVx1fFfPrQadtU53kDA==,demo-test-2026-09,"{""filename"":""note_evid-0088.txt"",""gps_lat"":-33.3139,""gps_lon"":25.5288,""id"":""EVID-0088"",""parent_id"":""INSP-0088"",""parent_type"":""inspection"",""timestamp"":""2026-06-12T08:00:00Z"",""uploader_id"":""USER-0008""}"
LGR-0089,evidence,EVID-0089,create,2026-06-12T11:00:00Z,USER-0009,,45d5d6b16303969f5a0b1159eaaecb4f0249247ce363822602f93c3084b6876f,G4tpxC/kjB/tnZZuPIvZxjWP6+13vyi64sny8a95NETRNtbmPB5c6qo/e8qSAiddMPufs7y3Ncrt3PyJpW0fAw==,demo-test-2026-09,"{""filename"":""note_evid-0089.txt"",""gps_lat"":-33.3016,""gps_lon"":25.5399,""id"":""EVID-0089"",""parent_id"":""INSP-0089"",""parent_type"":""inspection"",""timestamp"":""2026-06-12T11:00:00Z"",""uploader_id"":""USER-0009""}"
LGR-0090,evidence,EVID-0090,create,2026-07-31T09:00:00Z,USER-0010,,c9f3216ba52f2455bd3bdf0bb985a12b0270b49ad4e4f4c2d990c3f640030593,bgWKnsNrpGcIQJfgUuhzpz9d+zGc205icnkUa9JisybZZ/Q+sKoAMEk+s2LM/ieNnsvNKr22tgMtwAz1O4CgCg==,demo-test-2026-09,"{""filename"":""note_evid-0090.txt"",""gps_lat"":-33.2893,""gps_lon"":25.4844,""id"":""EVID-0090"",""parent_id"":""INC-0030"",""parent_type"":""incident"",""timestamp"":""2026-07-31T09:00:00Z"",""uploader_id"":""USER-0010""}"
LGR-0091,evidence,EVID-0091,create,2026-06-12T17:00:00Z,USER-0011,,deff1d501abccfc0c0dbd756f97019c6e1f561f157796ace2189553f9b2f9c6a,B5amewgqqVN3X0bpvv2s+uW+aFiRo/6u52yeksIB8tncYRuZk3zmbkk8vMugKM1AaD6+aIYWiUDAksBTNu+fDw==,demo-test-2026-09,"{""filename"":""note_evid-0091.txt"",""gps_lat"":-33.4,""gps_lon"":25.44,""id"":""EVID-0091"",""parent_id"":""INSP-0091"",""parent_type"":""inspection"",""timestamp"":""2026-06-12T17:00:00Z"",""uploader_id"":""USER-0011""}"
LGR-0092,evidence,EVID-0092,create,2026-06-12T20:00:00Z,USER-0012,,65bff9fb20c81785da3fcfe84f062a7188f9e860a3c73b02387418eaf3ffa0ad,GBK6H1IXRXuqzQGObdi57vr/8YWEfIEnATByiRwBRz4lVOiqxkzhup9UaMPRGDfU+gdKbMYbFvrkz2W2I2X9DQ==,demo-test-2026-09,"{""filename"":""note_evid-0092.txt"",""gps_lat"":-33.3877,""gps_lon"":25.44,""id"":""EVID-0092"",""parent_id"":""INSP-0092"",""parent_type"":""inspection"",""timestamp"":""2026-06-12T20:00:00Z"",""uploader_id"":""USER-0012""}"
LGR-0093,evidence,EVID-0093,create,2026-06-12T23:00:00Z,USER-0013,,167773288c98dd391d77983e35b22157ec73275012eba690fdc29fd910cfb363,P8K1549/o+L9f+Q8HK+yeERQMVD7RLOADdO6SciJoMXRuD1RtvHpckt0qfeeU6xBd8dSKLbh1Yi3z55FTm8lDg==,demo-test-2026-09,"{""filename"":""note_evid-0093.txt"",""gps_lat"":-33.3754,""gps_lon"":25.4511,""id"":""EVID-0093"",""parent_id"":""INSP-0093"",""parent_type"":""inspection"",""timestamp"":""2026-06-12T23:00:00Z"",""uploader_id"":""USER-0013""}"
LGR-0094,evidence,EVID-0094,create,2026-06-13T02:00:00Z,USER-0014,,d3c1eb0e99976ac3bcaa3f2a11ad42046d5ee21f1c144daf99a5fed3387d2277,8FmtWyQZ0O0uzDLt1CNmye2BV7/f6HQBqmVfgRAtK1bcIMBLCG2AX4yeWYJjzJcTjAcnwPs2SfTr5zO0LBhQCw==,demo-test-2026-09,"{""filename"":""note_evid-0094.txt"",""gps_lat"":-33.3631,""gps_lon"":25.4511,""id"":""EVID-0094"",""parent_id"":""INSP-0094"",""parent_type"":""inspection"",""timestamp"":""2026-06-13T02:00:00Z"",""uploader_id"":""USER-0014""}"
LGR-0095,evidence,EVID-0095,create,2026-07-06T09:00:00Z,USER-0005,,e56aa30fe9a24e70b9ce7d99ef0616f9ebbf4bbacfc860c2954b19b36b195c3d,HLFnhJAsCNhORXt7CM/lKmYIc7HIhD0SMX63KyTiYZIim3cGcDmkKs2XGk6Re7VndPkxg5+6PWZvvbvcsI/4Dg==,demo-test-2026-09,"{""filename"":""note_evid-0095.txt"",""gps_lat"":-33.3508,""gps_lon"":25.4622,""id"":""EVID-0095"",""parent_id"":""INC-0005"",""parent_type"":""incident"",""timestamp"":""2026-07-06T09:00:00Z"",""uploader_id"":""USER-0005""}"
LGR-0096,evidence,EVID-0096,create,2026-06-13T08:00:00Z,USER-0016,,6ceeb82dfca21fc0ee7da1cb3c88255cb8ccec88940383efd0b4cc2d017ef9b6,f98pkiNlcLJVC4Weao58yiRjI1u5QQ9RJl8EDYAZswUUX3jnih0cowLkNFLagdSn4N7EFZ/brco/36PmKRYPCg==,demo-test-2026-09,"{""filename"":""note_evid-0096.txt"",""gps_lat"":-33.3385,""gps_lon"":25.4622,""id"":""EVID-0096"",""parent_id"":""INSP-0096"",""parent_type"":""inspection"",""timestamp"":""2026-06-13T08:00:00Z"",""uploader_id"":""USER-0016""}"
LGR-0097,evidence,EVID-0097,create,2026-06-13T11:00:00Z,USER-0017,,5d7f85f71bd71d1e0b7aeeefdcdb5e1a539dd86ac3c99d22527239150f9e3c11,B6ZJKaL+wHxjgD70AYlzOXR6kCjLLcLAIzzBDdI+9q+rqmxCqaF0Mi0W32E2z0Ud/L5+YPplOMf4LHQ81B6zBw==,demo-test-2026-09,"{""filename"":""note_evid-0097.txt"",""gps_lat"":-33.3262,""gps_lon"":25.4733,""id"":""EVID-0097"",""parent_id"":""INSP-0097"",""parent_type"":""inspection"",""timestamp"":""2026-06-13T11:00:00Z"",""uploader_id"":""USER-0017""}"
LGR-0098,evidence,EVID-0098,create,2026-06-13T14:00:00Z,USER-0018,,1dae9ab3fbf0b76becbba6b9139ef383d4a2343ff1320ae96276b361858c5325,vEA/Z947xH8Iz5t88pc4ZtL3yX3Y21vfv/RjXzHZxXI8uGbU7cwb1FzVZwwJgUQC9Xbfnrzh8c8El2JtCITuBQ==,demo-test-2026-09,"{""filename"":""note_evid-0098.txt"",""gps_lat"":-33.3139,""gps_lon"":25.4733,""id"":""EVID-0098"",""parent_id"":""INSP-0098"",""parent_type"":""inspection"",""timestamp"":""2026-06-13T14:00:00Z"",""uploader_id"":""USER-0018""}"
LGR-0099,evidence,EVID-0099,create,2026-06-13T17:00:00Z,USER-0019,,7a9106dde3828d930058e8ddf449e9d683f759bd4c99f4fac1cd984da3d2830b,bAF7mbYlaB4WH7zWHYNd2ONLC18AcO3KjrCmFoLTUMqIl/w5WQFVwfFPI66ii1jVvUHBG/2Zgjuh0Yx3VqnODg==,demo-test-2026-09,"{""filename"":""note_evid-0099.txt"",""gps_lat"":-33.3016,""gps_lon"":25.4844,""id"":""EVID-0099"",""parent_id"":""INSP-0099"",""parent_type"":""inspection"",""timestamp"":""2026-06-13T17:00:00Z"",""uploader_id"":""USER-0019""}"
LGR-0100,evidence,EVID-0100,create,2026-07-11T09:00:00Z,USER-0010,,7ab30c46949b3f33315b9b40d48db0c0a82a6dc0ba97399880ca4b27acb7968f,RU96D1bdLBcEx88Jclk0gboLYalGyzTzkQ0TfSwQhQd5ngtY3nur7qorraiOxhg065R47WrrHlQPosDLSCVoBQ==,demo-test-2026-09,"{""filename"":""note_evid-0100.txt"",""gps_lat"":-33.2893,""gps_lon"":25.4844,""id"":""EVID-0100"",""parent_id"":""INC-0010"",""parent_type"":""incident"",""timestamp"":""2026-07-11T09:00:00Z"",""uploader_id"":""USER-0010""}"
LGR-0101,evidence,EVID-0101,create,2026-06-13T23:00:00Z,USER-0001,,bb62c0973d2f035707e320212987d0b8cd123360d8689bf5dc95e3724501deb5,v2VjuqME1IGfWsUObUVYNUlTTAqHe7NbOR+q6fQh9cBCiC6CLZZYwoIPMfbWCrL2phEY2wS/IKf1NxHWg1bIDw==,demo-test-2026-09,"{""filename"":""note_evid-0101.txt"",""gps_lat"":-33.4,""gps_lon"":25.44,""id"":""EVID-0101"",""parent_id"":""INSP-0101"",""parent_type"":""inspection"",""timestamp"":""2026-06-13T23:00:00Z"",""uploader_id"":""USER-0001""}"
LGR-0102,evidence,EVID-0102,create,2026-06-14T02:00:00Z,USER-0002,,75afe40dcf9dcb62b8c969559a6929e84d3eb8f152b2154a15a77acba8e05029,6DWK1kkDaR5O/+73vJNKt644KW5hgUi3u47khrtK8f4nTei5GnWg9SJgLYYT4ZUA4qgJmaYFPKPkj/q13xXDCg==,demo-test-2026-09,"{""filename"":""note_evid-0102.txt"",""gps_lat"":-33.3877,""gps_lon"":25.44,""id"":""EVID-0102"",""parent_id"":""INSP-0102"",""parent_type"":""inspection"",""timestamp"":""2026-06-14T02:00:00Z"",""uploader_id"":""USER-0002""}"
LGR-0103,evidence,EVID-0103,create,2026-06-14T05:00:00Z,USER-0003,,38b7f598144cbf79754fbe1b8a5dc5184c0401448dbf0ebe986e01a528e385c6,rBWhPSUi0D8167vxdDEFZ+Q0R6FdjTN7N255/tA9QiAJHboNbFVNyMGy4XQXtqVYBuvusTwNtwRD4JTgFXqjAw==,demo-test-2026-09,"{""filename"":""note_evid-0103.txt"",""gps_lat"":-33.3754,""gps_lon"":25.4511,""id"":""EVID-0103"",""parent_id"":""INSP-0103"",""parent_type"":""inspection"",""timestamp"":""2026-06-14T05:00:00Z"",""uploader_id"":""USER-0003""}"
LGR-0104,evidence,EVID-0104,create,2026-06-14T08:00:00Z,USER-0004,,2bd42a4e063ced5ce53a5b234f2940d49022db433c9e2fd18e79da290bdbe66c,G7ZHgOXxVanM305PbmoDTt/TqUeMiQCvvXBunvlnyilST4dlKEeD5iPIZ54EGjqvZExHlRsmgv6XvzvVbg5YCA==,demo-test-2026-09,"{""filename"":""note_evid-0104.txt"",""gps_lat"":-33.3631,""gps_lon"":25.4511,""id"":""EVID-0104"",""parent_id"":""INSP-0104"",""parent_type"":""inspection"",""timestamp"":""2026-06-14T08:00:00Z"",""uploader_id"":""USER-0004""}"
LGR-0105,evidence,EVID-0105,create,2026-07-16T09:00:00Z,USER-0015,,fe7a22218ee98bb62ba5b0c25df54d3c22bbcb2d87d6452e9b6e9484bfed37ec,O7l0TVrMHOeMaMe4SFC/eoemTei1sQJVdi2/B3S1UTAzYwlIuAeqLvw105BLIvBHYFd79zLgIqQlkQD/ftSMBw==,demo-test-2026-09,"{""filename"":""note_evid-0105.txt"",""gps_lat"":-33.3508,""gps_lon"":25.5177,""id"":""EVID-0105"",""parent_id"":""INC-0015"",""parent_type"":""incident"",""timestamp"":""2026-07-16T09:00:00Z"",""uploader_id"":""USER-0015""}"
LGR-0106,evidence,EVID-0106,create,2026-06-14T14:00:00Z,USER-0006,,7c2e5d73155f4a399328e85de9d4883ede270c4c2166eb0973ce770f1b2f48ba,RjF0Ud/9Gg17BFWTgYOqhCxUMecy+cJdtl1tS+xzYlqMVZVN7/B0lFF8UEAQD0k7tkfhzgaALulcJb7pto/ECQ==,demo-test-2026-09,"{""filename"":""note_evid-0106.txt"",""gps_lat"":-33.3385,""gps_lon"":25.4622,""id"":""EVID-0106"",""parent_id"":""INSP-0106"",""parent_type"":""inspection"",""timestamp"":""2026-06-14T14:00:00Z"",""uploader_id"":""USER-0006""}"
LGR-0107,evidence,EVID-0107,create,2026-06-14T17:00:00Z,USER-0007,,767716c393df46fbc94ad362cd2ebe294d87c3ec1d52cdad6bd0a68c27f22c48,V/xXxtDN3ctV6tijOiehbOmvdnXjmFnAIHQux9CtiT9qMtA/46SL1I4aPXxwMb6wCVc0aaU2nYcGLjSa3hGqBw==,demo-test-2026-09,"{""filename"":""note_evid-0107.txt"",""gps_lat"":-33.3262,""gps_lon"":25.4733,""id"":""EVID-0107"",""parent_id"":""INSP-0107"",""parent_type"":""inspection"",""timestamp"":""2026-06-14T17:00:00Z"",""uploader_id"":""USER-0007""}"
LGR-0108,evidence,EVID-0108,create,2026-06-14T20:00:00Z,USER-0008,,6b921ef0710b7d3959bc3b835f4aa2d14bf88bf8152363aadc83de646b91c50b,6+gIKZWTQC/ZrZBSFDwod0cei1aE06jkSuS17gg5u7Tc8E/YOeJN3h0HXpHuy1dd84x07JWbnS3XRHU9ZAUuDA==,demo-test-2026-09,"{""filename"":""note_evid-0108.txt"",""gps_lat"":-33.3139,""gps_lon"":25.4733,""id"":""EVID-0108"",""parent_id"":""INSP-0108"",""parent_type"":""inspection"",""timestamp"":""2026-06-14T20:00:00Z"",""uploader_id"":""USER-0008""}"
LGR-0109,evidence,EVID-0109,create,2026-06-14T23:00:00Z,USER-0009,,4011aa7f2e18091cc7ffbf4f40636820977d2fc1ff8952323d2d5ccd9232c6b7,YfQfvV9QkLbSf2MKTfYMWmzny6oHDyZI/3xPeaWOfwfwCiX+W/KqUOnIbEuamaHg9AIpugVWNB+F2FP655FzCQ==,demo-test-2026-09,"{""filename"":""note_evid-0109.txt"",""gps_lat"":-33.3016,""gps_lon"":25.4844,""id"":""EVID-0109"",""parent_id"":""INSP-0109"",""parent_type"":""inspection"",""timestamp"":""2026-06-14T23:00:00Z"",""uploader_id"":""USER-0009""}"
LGR-0110,evidence,EVID-0110,create,2026-07-21T09:00:00Z,USER-0020,,bde1d9a5bcab4cae96e1146bc0014e483a7896b8eabae2a49b65e26adbb2b1bb,d0CPuWEG4OJ4+y/QcL8d3JJq5a4FjYpYWAHBv5m3pGvdqc/4JlK2vZq2v7I8xgNL3r23jRUC3NjSr0DBVcQdCg==,demo-test-2026-09,"{""filename"":""note_evid-0110.txt"",""gps_lat"":-33.2893,""gps_lon"":25.5399,""id"":""EVID-0110"",""parent_id"":""INC-0020"",""parent_type"":""incident"",""timestamp"":""2026-07-21T09:00:00Z"",""uploader_id"":""USER-0020""}"
LGR-0111,evidence,EVID-0111,create,2026-06-15T05:00:00Z,USER-0011,,6173fe55eb3ce40defca4c496667d6ee806fa38c21f34a641360379fecbd0563,jR/pxQu2xD78J1VNLnWcZ8H5UU5Fns3238hVxFcCxDJKvYyHsuL1RCq5gALw+XThqO4zL4UubcC9bE2trlHmDA==,demo-test-2026-09,"{""filename"":""note_evid-0111.txt"",""gps_lat"":-33.4,""gps_lon"":25.4955,""id"":""EVID-0111"",""parent_id"":""INSP-0111"",""parent_type"":""inspection"",""timestamp"":""2026-06-15T05:00:00Z"",""uploader_id"":""USER-0011""}"
LGR-0112,evidence,EVID-0112,create,2026-06-15T08:00:00Z,USER-0012,,a54c19de894966a13369ff4aa8109cb69c3c2837fd29465db9885489a03ea00b,hdea3YSajiCLzXGNk6qsPgh7XZxcG6so9F+O9EYbdnn6aBnpMPOVtClfkSWDOL+FUBvAv+OjAleUKovTkgYsBw==,demo-test-2026-09,"{""filename"":""note_evid-0112.txt"",""gps_lat"":-33.3877,""gps_lon"":25.4955,""id"":""EVID-0112"",""parent_id"":""INSP-0112"",""parent_type"":""inspection"",""timestamp"":""2026-06-15T08:00:00Z"",""uploader_id"":""USER-0012""}"
LGR-0113,evidence,EVID-0113,create,2026-06-15T11:00:00Z,USER-0013,,81e2938c4fec44cf3b9e4c4a77812dd590eeef6d63f16ec77449e3289a3d9726,kjQt7MFaM1CuA42EQqRPzL5Gwi6Pb1FSDJTGybXqWc5FggWZln0jtoNl0bnMbUy9gdDfC8a3LjLtv3adlZFzAw==,demo-test-2026-09,"{""filename"":""note_evid-0113.txt"",""gps_lat"":-33.3754,""gps_lon"":25.5066,""id"":""EVID-0113"",""parent_id"":""INSP-0113"",""parent_type"":""inspection"",""timestamp"":""2026-06-15T11:00:00Z"",""uploader_id"":""USER-0013""}"
LGR-0114,evidence,EVID-0114,create,2026-06-15T14:00:00Z,USER-0014,,a9c93bebdb34ab37ad10ea98f9f8aa5a7b724746ec8b86f3a59440ed863f4d54,mz6paBBT488re6w0SFjq36lOT54+BIefcmI25c/0w/szEWBo+ms99d6t/isDZk5KTpRfHpbP5InKgVmI/ngyAw==,demo-test-2026-09,"{""filename"":""note_evid-0114.txt"",""gps_lat"":-33.3631,""gps_lon"":25.5066,""id"":""EVID-0114"",""parent_id"":""INSP-0114"",""parent_type"":""inspection"",""timestamp"":""2026-06-15T14:00:00Z"",""uploader_id"":""USER-0014""}"
LGR-0115,evidence,EVID-0115,create,2026-07-26T09:00:00Z,USER-0005,,2114096ec8b0629938b75a5e0075afcb4576c9840acf60b0811bebb4574c9f88,iFpokdP9ixu7njstH9ozD7n0bsMHsolbj2y4J4gg26iRBIHVkw1LbDHOfBinuzgu2sk9xGMrhYH6ZTRsTGwMBA==,demo-test-2026-09,"{""filename"":""note_evid-0115.txt"",""gps_lat"":-33.3508,""gps_lon"":25.4622,""id"":""EVID-0115"",""parent_id"":""INC-0025"",""parent_type"":""incident"",""timestamp"":""2026-07-26T09:00:00Z"",""uploader_id"":""USER-0005""}"
LGR-0116,evidence,EVID-0116,create,2026-06-15T20:00:00Z,USER-0016,,e56bba17e42d0144be9c7064865348968ffa06fe8f651f0d27165732eea38833,8MzKWm2GvUaRIokolLsIXPYL5turRJ52bwjakofJZ/dwGi2I4fJFpEkTdsh8nB4Zk1JQKCJVAA/TcUaZ8UgcCw==,demo-test-2026-09,"{""filename"":""note_evid-0116.txt"",""gps_lat"":-33.3385,""gps_lon"":25.5177,""id"":""EVID-0116"",""parent_id"":""INSP-0116"",""parent_type"":""inspection"",""timestamp"":""2026-06-15T20:00:00Z"",""uploader_id"":""USER-0016""}"
LGR-0117,evidence,EVID-0117,create,2026-06-15T23:00:00Z,USER-0017,,6be2792d9cdf6225c701d00760f1cb117305e218f08222664e3e924d832a3725,Xa8hdu2DRAGiY0QtCy8mcwVOQgnQfMJJBVeThhXOd7NwpnbsJG8N6TouzgMt7K9t4x+zkOiQCOhuEMqh5OH/Ag==,demo-test-2026-09,"{""filename"":""note_evid-0117.txt"",""gps_lat"":-33.3262,""gps_lon"":25.5288,""id"":""EVID-0117"",""parent_id"":""INSP-0117"",""parent_type"":""inspection"",""timestamp"":""2026-06-15T23:00:00Z"",""uploader_id"":""USER-0017""}"
LGR-0118,evidence,EVID-0118,create,2026-06-16T02:00:00Z,USER-0018,,8770ad288306d01a11a6894e5d6d0d6f7e52d95177ff693f8db644aca576a3dd,w7wJ99dLPDL2xavQS6wANemmxMp+UFxQNFUPg3yugxAXnxpReREgTo7adq1gNcnFT1aK4hDnNaJST8Sna3sBCg==,demo-test-2026-09,"{""filename"":""note_evid-0118.txt"",""gps_lat"":-33.3139,""gps_lon"":25.5288,""id"":""EVID-0118"",""parent_id"":""INSP-0118"",""parent_type"":""inspection"",""timestamp"":""2026-06-16T02:00:00Z"",""uploader_id"":""USER-0018""}"
LGR-0119,evidence,EVID-0119,create,2026-06-16T05:00:00Z,USER-0019,,267d3255d11b6c0b313397e8a634e8dc0a58a4ec7c52cc6a6d9774dd97a025de,NlcbHrrJbJ5XRyT7A4xALI4ROO969kT7PoVmp6aNZT0HuiFW4Dpum9YMYf82xG7RQkvc99T8xhv5hHhwSXlrDw==,demo-test-2026-09,"{""filename"":""note_evid-0119.txt"",""gps_lat"":-33.3016,""gps_lon"":25.5399,""id"":""EVID-0119"",""parent_id"":""INSP-0119"",""parent_type"":""inspection"",""timestamp"":""2026-06-16T05:00:00Z"",""uploader_id"":""USER-0019""}"
LGR-0120,evidence,EVID-0120,create,2026-07-31T09:00:00Z,USER-0010,,b7931a4fe3551adea69509e2f9f112d65497d1c185730648d402298cfd19eead,+t8r/38WWBUwgRQFVybxBCDwX9AlzZj9L0/Ze6Gz734TYUixlQ7WjJPycRr1frQL6dtV8cTyaeIXLNzx+P9jBg==,demo-test-2026-09,"{""filename"":""note_evid-0120.txt"",""gps_lat"":-33.2893,""gps_lon"":25.4844,""id"":""EVID-0120"",""parent_id"":""INC-0030"",""parent_type"":""incident"",""timestamp"":""2026-07-31T09:00:00Z"",""uploader_id"":""USER-0010""}"
LGR-0121,evidence,EVID-0121,create,2026-06-16T11:00:00Z,USER-0001,,e8e2dd0377e9f148510c41a6cdae2ebc156ba127333e7a2392e42549ddfb10a0,V8KEWHKv1CRjLnyjcR8Dikxax4akc91aA9ywoyKbdBd2K2ZliQgMC5hDhabvCD6xVURt2OksnPPjI6FslYI1Cw==,demo-test-2026-09,"{""filename"":""note_evid-0121.txt"",""gps_lat"":-33.4,""gps_lon"":25.44,""id"":""EVID-0121"",""parent_id"":""INSP-0121"",""parent_type"":""inspection"",""timestamp"":""2026-06-16T11:00:00Z"",""uploader_id"":""USER-0001""}"
LGR-0122,evidence,EVID-0122,create,2026-06-16T14:00:00Z,USER-0002,,b8babd958981f1c49124a103a1d50b7bae1f628b7242060615d0bcda0e32c366,Afq5Xv0H8CmfUTLcRIb86x1J1mjnTYku0NnEiiIHdYIzRnLwR1yPR3uqBsHBzztMbu0hhq/aRe+Zc8HksAEFCg==,demo-test-2026-09,"{""filename"":""note_evid-0122.txt"",""gps_lat"":-33.3877,""gps_lon"":25.44,""id"":""EVID-0122"",""parent_id"":""INSP-0122"",""parent_type"":""inspection"",""timestamp"":""2026-06-16T14:00:00Z"",""uploader_id"":""USER-0002""}"
LGR-0123,evidence,EVID-0123,create,2026-06-16T17:00:00Z,USER-0003,,4e953c1e1b58f6a9e71b75cf3bd66b2da1c9e09ad8c3f3e662363127ba0dc08e,JQOWK3OdB7tHf93MRkRxu8rSjGKcIZRscJAedfpMDOxyZX2eygbWVLwR9Wv/YYd5Pm5gK0r5FfdGwL2787LfDQ==,demo-test-2026-09,"{""filename"":""note_evid-0123.txt"",""gps_lat"":-33.3754,""gps_lon"":25.4511,""id"":""EVID-0123"",""parent_id"":""INSP-0123"",""parent_type"":""inspection"",""timestamp"":""2026-06-16T17:00:00Z"",""uploader_id"":""USER-0003""}"
LGR-0124,evidence,EVID-0124,create,2026-06-16T20:00:00Z,USER-0004,,952254d4a6ac186f7dc996e0eaec9600fdfd562758b094042d95f240625478c6,TQpOFXFk4B4paX4Xn40xOmTuU58NYixNWz1kljzRP6Iar4sRZaxS+nujFQubbyxofEOI2/xdp+ydQPYpxdMkDQ==,demo-test-2026-09,"{""filename"":""note_evid-0124.txt"",""gps_lat"":-33.3631,""gps_lon"":25.4511,""id"":""EVID-0124"",""parent_id"":""INSP-0124"",""parent_type"":""inspection"",""timestamp"":""2026-06-16T20:00:00Z"",""uploader_id"":""USER-0004""}"
LGR-0125,evidence,EVID-0125,create,2026-07-06T09:00:00Z,USER-0005,,d93f86df8da2461df35b79d2f6a431b2a1866bcab43048bbc783ef782014c7d6,Ga2qq7iK/52iGOwzqtsnYwFiEjfH+cc3xZTGETgJdbd1eAPxFhM+/mF/SIKWC3R50LtT+rq9o1+BAeAkGHcECw==,demo-test-2026-09,"{""filename"":""note_evid-0125.txt"",""gps_lat"":-33.3508,""gps_lon"":25.4622,""id"":""EVID-0125"",""parent_id"":""INC-0005"",""parent_type"":""incident"",""timestamp"":""2026-07-06T09:00:00Z"",""uploader_id"":""USER-0005""}"
LGR-0126,evidence,EVID-0126,create,2026-06-17T02:00:00Z,USER-0006,,72deb19f23f106fe0c1bc571dc983b4d419c458a1c844d6996f646ebefa628ac,QE2CpTHlgiJ5ACSfL1dldv4MAg9JH6b44lyEsdMLasDqbrAa4SmOZoYEKxVpLwOcZoVQfc6M7SIgumierZ8ICA==,demo-test-2026-09,"{""filename"":""note_evid-0126.txt"",""gps_lat"":-33.3385,""gps_lon"":25.4622,""id"":""EVID-0126"",""parent_id"":""INSP-0126"",""parent_type"":""inspection"",""timestamp"":""2026-06-17T02:00:00Z"",""uploader_id"":""USER-0006""}"
LGR-0127,evidence,EVID-0127,create,2026-06-17T05:00:00Z,USER-0007,,50f1ec94c5e7b75463df408b9dd7396ae8f3e80d045804de8cc05e7eda4c9aea,Bjo81I4ZiF3iQ/TJE9aaFycGP/ekRFoYQqOlMdj7RLqOJOwqFGJK4QdZw0K899xdWJ4xh6QzceClEA+8KtPFCw==,demo-test-2026-09,"{""filename"":""note_evid-0127.txt"",""gps_lat"":-33.3262,""gps_lon"":25.4733,""id"":""EVID-0127"",""parent_id"":""INSP-0127"",""parent_type"":""inspection"",""timestamp"":""2026-06-17T05:00:00Z"",""uploader_id"":""USER-0007""}"
LGR-0128,evidence,EVID-0128,create,2026-06-17T08:00:00Z,USER-0008,,677d470f2b71b89f22cedeab2c26e0564dfc6d6513fc96d7b38feda855efbe60,qkjwe99JeaCwkD499LFP+TudnEGtDLquCxeBDRwAlyzP0RhCGROqCwtheGR7e3B7M6cix+NLvDLEr34C91+6Ag==,demo-test-2026-09,"{""filename"":""note_evid-0128.txt"",""gps_lat"":-33.3139,""gps_lon"":25.4733,""id"":""EVID-0128"",""parent_id"":""INSP-0128"",""parent_type"":""inspection"",""timestamp"":""2026-06-17T08:00:00Z"",""uploader_id"":""USER-0008""}"
LGR-0129,evidence,EVID-0129,create,2026-06-17T11:00:00Z,USER-0009,,28fca7eae08f3e857acb5e6f290bd9cae2b27514c637fe618cc7c0dcba54451d,iQB2WDoT5VEtKkbit5LnEyNKSyK8y5uyshdUgSI2xlhHP0N7qLHacL4Dd25+PO12WwGdnkceEcHm4SP5jU9CCw==,demo-test-2026-09,"{""filename"":""note_evid-0129.txt"",""gps_lat"":-33.3016,""gps_lon"":25.4844,""id"":""EVID-0129"",""parent_id"":""INSP-0129"",""parent_type"":""inspection"",""timestamp"":""2026-06-17T11:00:00Z"",""uploader_id"":""USER-0009""}"
LGR-0130,evidence,EVID-0130,create,2026-07-11T09:00:00Z,USER-0010,,83632c708bb04f02916e8295c1e638e5c0946e077f89d01ac14d136788c843d8,9Hysh2O0vr3u4b/GzC0kKpl8sh2YUDzj4g613/UAhwQJaU9u6O0ZvokDEJ6JgJwuKMApoqPZHgBE+FVpxOF0DQ==,demo-test-2026-09,"{""filename"":""note_evid-0130.txt"",""gps_lat"":-33.2893,""gps_lon"":25.4844,""id"":""EVID-0130"",""parent_id"":""INC-0010"",""parent_type"":""incident"",""timestamp"":""2026-07-11T09:00:00Z"",""uploader_id"":""USER-0010""}"
LGR-0131,evidence,EVID-0131,create,2026-06-17T17:00:00Z,USER-0011,,73514b8a51c81d500f03376aacd3f7f6f5f9ef262fb12f3c6c9f67db89f8c7be,JiifnIhSJ4fOjXrvAKbAGWL8l8DRaHJ52BicTe+Z5AOfQFFJR7j63jwqMVtU/8IeExrkjfpfC8gcBPDT6LTHCw==,demo-test-2026-09,"{""filename"":""note_evid-0131.txt"",""gps_lat"":-33.4,""gps_lon"":25.4955,""id"":""EVID-0131"",""parent_id"":""INSP-0131"",""parent_type"":""inspection"",""timestamp"":""2026-06-17T17:00:00Z"",""uploader_id"":""USER-0011""}"
LGR-0132,evidence,EVID-0132,create,2026-06-17T20:00:00Z,USER-0012,,a76a50041ac1b3d247eed542fd5047096c4fac1e29b40aef0bc449c1a4b7e73a,FqjjrZM/PPv0XjaTv+tjOBLdsv/BtwbUeztA+KTIhzd8cMF7LxFUFk9lOR5Id6JszzGVx8shvIZecHJvT+0WAg==,demo-test-2026-09,"{""filename"":""note_evid-0132.txt"",""gps_lat"":-33.3877,""gps_lon"":25.4955,""id"":""EVID-0132"",""parent_id"":""INSP-0132"",""parent_type"":""inspection"",""timestamp"":""2026-06-17T20:00:00Z"",""uploader_id"":""USER-0012""}"
LGR-0133,evidence,EVID-0133,create,2026-06-17T23:00:00Z,USER-0013,,114b56ded08b9dc7d816dc3cacdc57304de1e48fc1b28429567e045eb5d9e27a,JGHm5mi6Uh3N1gbL0pf4rVNrMDP6aKaI/0IIS6RqsziFs0KtlUMxUk8fOhfpLJL2Qg3kJeYYw25rGxme9x0gDQ==,demo-test-2026-09,"{""filename"":""note_evid-0133.txt"",""gps_lat"":-33.3754,""gps_lon"":25.5066,""id"":""EVID-0133"",""parent_id"":""INSP-0133"",""parent_type"":""inspection"",""timestamp"":""2026-06-17T23:00:00Z"",""uploader_id"":""USER-0013""}"
LGR-0134,evidence,EVID-0134,create,2026-06-18T02:00:00Z,USER-0014,,612846ef539a467a3e5fb6460e93b9b282d2d94cfea0d3fb71aa1adc9cfbf282,YmGPUvQ+GsQVmsGpaSZRlhbYcbkM+WnkA8cLa5DlhLWWukJtk6gRwJycPvOgnVSzbT97zuF9OJgg2iXfe15FBQ==,demo-test-2026-09,"{""filename"":""note_evid-0134.txt"",""gps_lat"":-33.3631,""gps_lon"":25.5066,""id"":""EVID-0134"",""parent_id"":""INSP-0134"",""parent_type"":""inspection"",""timestamp"":""2026-06-18T02:00:00Z"",""uploader_id"":""USER-0014""}"
LGR-0135,evidence,EVID-0135,create,2026-07-16T09:00:00Z,USER-0015,,d2394281c86d0c4aa32ad944aa48c2313523f289e76294ee6c3d5677796b11e0,2RoNKNyLZOud/EnhGS7va65WfOl/pTghKfjJLXW5qp/2JPZDHcE24IpHBWymqGFbwk8xm0HgEuBebt34YGf3Ag==,demo-test-2026-09,"{""filename"":""note_evid-0135.txt"",""gps_lat"":-33.3508,""gps_lon"":25.5177,""id"":""EVID-0135"",""parent_id"":""INC-0015"",""parent_type"":""incident"",""timestamp"":""2026-07-16T09:00:00Z"",""uploader_id"":""USER-0015""}"
LGR-0136,evidence,EVID-0136,create,2026-06-18T08:00:00Z,USER-0016,,f93655f455b48698d85663e6a5f307c9427c510cbf17deb5462c024bfea23d20,BRuW7edf4jRqadxJsS778XhMVyPjy2D0572Z6r4rB2pSInTlUPcipL4qb7H8dIXuCQHMQO33T28xtkbtDS0oAQ==,demo-test-2026-09,"{""filename"":""note_evid-0136.txt"",""gps_lat"":-33.3385,""gps_lon"":25.5177,""id"":""EVID-0136"",""parent_id"":""INSP-0136"",""parent_type"":""inspection"",""timestamp"":""2026-06-18T08:00:00Z"",""uploader_id"":""USER-0016""}"
LGR-0137,evidence,EVID-0137,create,2026-06-18T11:00:00Z,USER-0017,,52b1d9b9365074fa141728fbf79616e694433894afb6c29c7db29f21412850f2,JP4UZRqOsqavOuTulbe5zBI2fWz81aE8FHzwDWoFWdjIVRKJOeHKSjleZamwiNZ/XfPNNvI1AiN50dFT6E8bDQ==,demo-test-2026-09,"{""filename"":""note_evid-0137.txt"",""gps_lat"":-33.3262,""gps_lon"":25.5288,""id"":""EVID-0137"",""parent_id"":""INSP-0137"",""parent_type"":""inspection"",""timestamp"":""2026-06-18T11:00:00Z"",""uploader_id"":""USER-0017""}"
LGR-0138,evidence,EVID-0138,create,2026-06-18T14:00:00Z,USER-0018,,5d14a1bde44f6a45e2c3795045fe0be77b80f2ccc072654b9312483a1dd87123,s0s14r1XF7cZQ+ylnmM9HdoJPIEatIGVNrdmvxp/Av+KV2eVVhiN9eOa0NCK/8ucXA9htjfMkNu+c2XYwDNjCg==,demo-test-2026-09,"{""filename"":""note_evid-0138.txt"",""gps_lat"":-33.3139,""gps_lon"":25.5288,""id"":""EVID-0138"",""parent_id"":""INSP-0138"",""parent_type"":""inspection"",""timestamp"":""2026-06-18T14:00:00Z"",""uploader_id"":""USER-0018""}"
LGR-0139,evidence,EVID-0139,create,2026-06-18T17:00:00Z,USER-0019,,e650bd85117a114d9e8fdd9459f36e8ed00e4565a06ac481d5fef1dda0578c7d,dDQoETstWHoDJlhAFu9IxpSjgCVsxpE0RIN00s3dAX9eqUPdT0c05Gc9sVQfCl4m99jMucE8o2kXjngMl6ruBg==,demo-test-2026-09,"{""filename"":""note_evid-0139.txt"",""gps_lat"":-33.3016,""gps_lon"":25.5399,""id"":""EVID-0139"",""parent_id"":""INSP-0139"",""parent_type"":""inspection"",""timestamp"":""2026-06-18T17:00:00Z"",""uploader_id"":""USER-0019""}"
LGR-0140,evidence,EVID-0140,create,2026-07-21T09:00:00Z,USER-0020,,51a5c46b45b0d84cf79309046f5458c22f06124d521bf943869426b2e8f31091,WA3socAWrAjfx4g7OXAPkkLbbSyJHEYp8MtkLlRN1jzD9mshJXlrGDVzUHxdM7q6XtIAInjsO13CQmT0c9/tCA==,demo-test-2026-09,"{""filename"":""note_evid-0140.txt"",""gps_lat"":-33.2893,""gps_lon"":25.5399,""id"":""EVID-0140"",""parent_id"":""INC-0020"",""parent_type"":""incident"",""timestamp"":""2026-07-21T09:00:00Z"",""uploader_id"":""USER-0020""}"
LGR-0141,evidence,EVID-0141,create,2026-06-18T23:00:00Z,USER-0001,,9c984263949cbe26c5ebfb580c92f95b6cc999395ed0020cbd933fbfb485130b,FsfbNOdoYOterDxx9jtnkfF3NU2eWnT/5r0KXIQQRWwCDC+nWprewyo4E0elmhud5EgP0KQDEXu2vZAXNWdhAg==,demo-test-2026-09,"{""filename"":""note_evid-0141.txt"",""gps_lat"":-33.4,""gps_lon"":25.44,""id"":""EVID-0141"",""parent_id"":""INSP-0141"",""parent_type"":""inspection"",""timestamp"":""2026-06-18T23:00:00Z"",""uploader_id"":""USER-0001""}"
LGR-0142,evidence,EVID-0142,create,2026-06-19T02:00:00Z,USER-0002,,45a94d7dbbd51dea668479ec283c517c47533e3d19c053a2ba407c0044ceb238,DQUJaXKAIzu5RvC24BOEh0QN7ftoBMpW2+S0BsukGrKE9WWij8m6xQjiu3wbDSkPiBY8ggqcr04rsxflEOQCCg==,demo-test-2026-09,"{""filename"":""note_evid-0142.txt"",""gps_lat"":-33.3877,""gps_lon"":25.44,""id"":""EVID-0142"",""parent_id"":""INSP-0142"",""parent_type"":""inspection"",""timestamp"":""2026-06-19T02:00:00Z"",""uploader_id"":""USER-0002""}"
LGR-0143,evidence,EVID-0143,create,2026-06-19T05:00:00Z,USER-0003,,c2376caa8a71c2996c0c52e7482f9c57db259cea16ea92312368a151ae469e28,81qEPKc1kKxv/Dy8th6Zvf4MsbA8/TLQzkeP/yidFNeLDAheY9qIuToqpdXBqEPdE1dNLkmkvOeOFeghGNk0BQ==,demo-test-2026-09,"{""filename"":""note_evid-0143.txt"",""gps_lat"":-33.3754,""gps_lon"":25.4511,""id"":""EVID-0143"",""parent_id"":""INSP-0143"",""parent_type"":""inspection"",""timestamp"":""2026-06-19T05:00:00Z"",""uploader_id"":""USER-0003""}"
LGR-0144,evidence,EVID-0144,create,2026-06-19T08:00:00Z,USER-0004,,faed5439be818e29a8c79e4393e85b37cd1f1c503e6646c4b5fd49f445fa2b7f,WD8ZFSrJ2DXRUW3umwqJunqD+eB3eKL36CsQP50UxrRAw826ybKGcHQESF9IY5/xCzPBFhXG1WR2hYHPVPwnAw==,demo-test-2026-09,"{""filename"":""note_evid-0144.txt"",""gps_lat"":-33.3631,""gps_lon"":25.4511,""id"":""EVID-0144"",""parent_id"":""INSP-0144"",""parent_type"":""inspection"",""timestamp"":""2026-06-19T08:00:00Z"",""uploader_id"":""USER-0004""}"
LGR-0145,evidence,EVID-0145,create,2026-07-26T09:00:00Z,USER-0005,,74752b0177e2f843ff68ffd52b698ab1d5d000cb228722adfbe7a96355f79201,AH8SEuBw4YSwwPVGgjZVWHW+cW9I8HYxm93xt7qTaeJOoZjTHsDE4viwOpzJYnlHYpGOdqMBTfxiRNCCdd+4DA==,demo-test-2026-09,"{""filename"":""note_evid-0145.txt"",""gps_lat"":-33.3508,""gps_lon"":25.4622,""id"":""EVID-0145"",""parent_id"":""INC-0025"",""parent_type"":""incident"",""timestamp"":""2026-07-26T09:00:00Z"",""uploader_id"":""USER-0005""}"
LGR-0146,evidence,EVID-0146,create,2026-06-19T14:00:00Z,USER-0006,,1112a30fb4a65f96a47133288c05b3705732de9cd53a2b9e0280f5a5889679ba,ukideiXLiNjf3V/3Ij8XejSNnXxXu25I97jNUxrZ6v41SOZ2CxtzjGC5nZed71Sw2PqbeZckS0R927a3If34DQ==,demo-test-2026-09,"{""filename"":""note_evid-0146.txt"",""gps_lat"":-33.3385,""gps_lon"":25.4622,""id"":""EVID-0146"",""parent_id"":""INSP-0146"",""parent_type"":""inspection"",""timestamp"":""2026-06-19T14:00:00Z"",""uploader_id"":""USER-0006""}"
LGR-0147,evidence,EVID-0147,create,2026-06-19T17:00:00Z,USER-0007,,7fdf3479bcc4e033fe28f38f13c0dd96df112e4525901257e687995c59921dfe,LayI/WNlu5ayFdQzOdTNeg3RpPFAkFO0dz9J55hbMLDI3GSXFWWREywuVD+Y3dzYRmlcgrj6V3XFYrA4/+EIBA==,demo-test-2026-09,"{""filename"":""note_evid-0147.txt"",""gps_lat"":-33.3262,""gps_lon"":25.4733,""id"":""EVID-0147"",""parent_id"":""INSP-0147"",""parent_type"":""inspection"",""timestamp"":""2026-06-19T17:00:00Z"",""uploader_id"":""USER-0007""}"
LGR-0148,evidence,EVID-0148,create,2026-06-19T20:00:00Z,USER-0008,,4c552ebe05f50f0dc2b77c576b9b8ad70b40a8e446ea215aeff6ae9003ef0d28,nfpeElBM7/VtsJBbpo2ZETecplTOH09YkHr+300KPkJiMwx/ecH4dwR2sdLabzNgNth8vhh7mF9vMO0LEI2HCw==,demo-test-2026-09,"{""filename"":""note_evid-0148.txt"",""gps_lat"":-33.3139,""gps_lon"":25.4733,""id"":""EVID-0148"",""parent_id"":""INSP-0148"",""parent_type"":""inspection"",""timestamp"":""2026-06-19T20:00:00Z"",""uploader_id"":""USER-0008""}"
LGR-0149,evidence,EVID-0149,create,2026-06-19T23:00:00Z,USER-0009,,2c5f626dc02d8465f34a0974089425c30f801bf10eea224fa87fe5794ff3bf27,0Gzc2UiXbacoH4NOmImnIfjsgeY9kPTey6dvA3PDX6JcnVaOSLnZXwlE4QNnT2EnCqACawNVKL5t3wLaQ7DfDw==,demo-test-2026-09,"{""filename"":""note_evid-0149.txt"",""gps_lat"":-33.3016,""gps_lon"":25.4844,""id"":""EVID-0149"",""parent_id"":""INSP-0149"",""parent_type"":""inspection"",""timestamp"":""2026-06-19T23:00:00Z"",""uploader_id"":""USER-0009""}"
LGR-0150,evidence,EVID-0150,create,2026-07-31T09:00:00Z,USER-0010,,cc046ed3088555dacd4f562cff303c1853c18055f5a3b26ce3ec22c73fbd4136,rFVdsTYm84eCoBtvkVXnGw0HTZBrxKZ2+z1cV3tx+N4rSdjGvaxii13S/c9NpSa/2napB/GrDfLj5t4VahguCA==,demo-test-2026-09,"{""filename"":""note_evid-0150.txt"",""gps_lat"":-33.2893,""gps_lon"":25.4844,""id"":""EVID-0150"",""parent_id"":""INC-0030"",""parent_type"":""incident"",""timestamp"":""2026-07-31T09:00:00Z"",""uploader_id"":""USER-0010""}"
LGR-0151,evidence,EVID-0151,create,2026-06-20T05:00:00Z,USER-0011,,36e4867c78fe1d26956077295cc080623b5ec9891e706bbd689dfd5719898126,Ew0NT2sve6yAVM8brI2oyMfluYuz35IczJA4iBIi5PJQ7EPk7zsWMFNeolIOaZ4qVghmRGbey6FFScrdZkKZCQ==,demo-test-2026-09,"{""filename"":""note_evid-0151.txt"",""gps_lat"":-33.4,""gps_lon"":25.44,""id"":""EVID-0151"",""parent_id"":""INSP-0151"",""parent_type"":""inspection"",""timestamp"":""2026-06-20T05:00:00Z"",""uploader_id"":""USER-0011""}"
LGR-0152,evidence,EVID-0152,create,2026-06-20T08:00:00Z,USER-0012,,fa6c203777fd89c6562c090b85b4395fa29906107b31c07790359e4613a733d2,wwfYUjtUQwYnJ1XFmGEpGGEA923KaTastIuzulLEyoOwKG0RYZMUHqJcWWS/8Ny3JVO8GdScg89ni0pHSDQdAg==,demo-test-2026-09,"{""filename"":""note_evid-0152.txt"",""gps_lat"":-33.3877,""gps_lon"":25.44,""id"":""EVID-0152"",""parent_id"":""INSP-0152"",""parent_type"":""inspection"",""timestamp"":""2026-06-20T08:00:00Z"",""uploader_id"":""USER-0012""}"
LGR-0153,evidence,EVID-0153,create,2026-06-20T11:00:00Z,USER-0013,,95903043d7d67608d0acaa782c8c29c11d96265825a6adfbb07b27886c7e74e6,zJMKSBtyXvWcBZdg6U+TCBCyBUjPrsNoolvv0GUFt7JOyLQ6qScxw3zIaSwye1z9fXQ6c4Qe3vR4rqd4j/W2CA==,demo-test-2026-09,"{""filename"":""note_evid-0153.txt"",""gps_lat"":-33.3754,""gps_lon"":25.4511,""id"":""EVID-0153"",""parent_id"":""INSP-0153"",""parent_type"":""inspection"",""timestamp"":""2026-06-20T11:00:00Z"",""uploader_id"":""USER-0013""}"
LGR-0154,evidence,EVID-0154,create,2026-06-20T14:00:00Z,USER-0014,,a0042d900b6a44e4647219195c533941223fa5123e1c6fbcdca862eba687c725,42Gqj7cU7fA/FEuM6hqKwuU1cKWqNvhSQOWnlrR8H5sRqTeATi3LY+HcQj6DqkxWmrr3LlKsgjtHDP3CMTMeDQ==,demo-test-2026-09,"{""filename"":""note_evid-0154.txt"",""gps_lat"":-33.3631,""gps_lon"":25.4511,""id"":""EVID-0154"",""parent_id"":""INSP-0154"",""parent_type"":""inspection"",""timestamp"":""2026-06-20T14:00:00Z"",""uploader_id"":""USER-0014""}"
LGR-0155,evidence,EVID-0155,create,2026-07-06T09:00:00Z,USER-0005,,8b0cdfad651fa20eafedf7cfb4ec5df490ac14c44e5c6593e82c4ad4feb6bb52,76eSIssHmZuE3MtU8Omnmhl6odx8k1sGwc33MldhqCl9PAImcoJ1U04bg7uNO+DqhDz/0DPEhI79v9Rj5IVYCg==,demo-test-2026-09,"{""filename"":""note_evid-0155.txt"",""gps_lat"":-33.3508,""gps_lon"":25.4622,""id"":""EVID-0155"",""parent_id"":""INC-0005"",""parent_type"":""incident"",""timestamp"":""2026-07-06T09:00:00Z"",""uploader_id"":""USER-0005""}"
LGR-0156,evidence,EVID-0156,create,2026-06-20T20:00:00Z,USER-0016,,771e71b7e05282abf33c9a9860c84835ada42f8972bde177b8529432975d5c83,/SRJzNQElUHZpW8zetOeNvx2lCS63cpN+EWcQ8twZtvX/2sUOk1Ms90KctrHwSRbkJhKS65aOCfingg6z6BiDg==,demo-test-2026-09,"{""filename"":""note_evid-0156.txt"",""gps_lat"":-33.3385,""gps_lon"":25.4622,""id"":""EVID-0156"",""parent_id"":""INSP-0156"",""parent_type"":""inspection"",""timestamp"":""2026-06-20T20:00:00Z"",""uploader_id"":""USER-0016""}"
LGR-0157,evidence,EVID-0157,create,2026-06-20T23:00:00Z,USER-0017,,02ada816b8a5e6fb119462655d991559fc920cd23b5eb0bbff8be9599e6e357b,+58FsyqysQwMxUX+L9yaF39ZdLxN4lpDkiD/eKSuG/upBaphP8ap04elyeXRy0QbyscmRnYl9jifKxDOEd42Dg==,demo-test-2026-09,"{""filename"":""note_evid-0157.txt"",""gps_lat"":-33.3262,""gps_lon"":25.4733,""id"":""EVID-0157"",""parent_id"":""INSP-0157"",""parent_type"":""inspection"",""timestamp"":""2026-06-20T23:00:00Z"",""uploader_id"":""USER-0017""}"
LGR-0158,evidence,EVID-0158,create,2026-06-21T02:00:00Z,USER-0018,,ec4e698a8ece5b3ce97ed44bd06a41c9e0a82d480371115afa9cb49428a1bbf9,+d2zrhmNSnXI7wHIK5QI8je9fEPUjW/lFy98pWfpnaxF6FMxOqraJePU9sNwTJbA5wwv9Wu3J5hTfXHiA7UFDQ==,demo-test-2026-09,"{""filename"":""note_evid-0158.txt"",""gps_lat"":-33.3139,""gps_lon"":25.4733,""id"":""EVID-0158"",""parent_id"":""INSP-0158"",""parent_type"":""inspection"",""timestamp"":""2026-06-21T02:00:00Z"",""uploader_id"":""USER-0018""}"
LGR-0159,evidence,EVID-0159,create,2026-06-21T05:00:00Z,USER-0019,,e540edc6f3f52322eed988a820284365e8dd76acca203c8a16fb354ec672d072,To7p0A1urLqtDIT0ZKLyedEhAxFblCD1tMCNYKahkAKarTdqCjrEAx+TVftGa4MIWvVhwQRf3Zghnum28eWLCg==,demo-test-2026-09,"{""filename"":""note_evid-0159.txt"",""gps_lat"":-33.3016,""gps_lon"":25.4844,""id"":""EVID-0159"",""parent_id"":""INSP-0159"",""parent_type"":""inspection"",""timestamp"":""2026-06-21T05:00:00Z"",""uploader_id"":""USER-0019""}"
LGR-0160,evidence,EVID-0160,create,2026-07-11T09:00:00Z,USER-0010,,b09f45496d81ca5763e73ee4a41dcac5e6cfc1d3c5a15994592c6f574947e427,BN8kIMoxz09ngkBrwtaBlAmUsd9mfFVWfscJc7EVh/OWwacogdt1smUNrEIbhN4UC0S3/HUH169v+9UFndDwAw==,demo-test-2026-09,"{""filename"":""note_evid-0160.txt"",""gps_lat"":-33.2893,""gps_lon"":25.4844,""id"":""EVID-0160"",""parent_id"":""INC-0010"",""parent_type"":""incident"",""timestamp"":""2026-07-11T09:00:00Z"",""uploader_id"":""USER-0010""}"
LGR-0161,evidence,EVID-0161,create,2026-06-21T11:00:00Z,USER-0001,,66fd36582dfa5f1926f44dc13fc677ebb7f1218778518ae46b71ee0db34460cc,p2cAahtQ0cYju04skqM+j9HumkshR0H3szIGS0NfsDJW3/UjyvLHjdrVFzu/YWZTNZ/tt9Q4IEN9vtxyJUOJAQ==,demo-test-2026-09,"{""filename"":""note_evid-0161.txt"",""gps_lat"":-33.4,""gps_lon"":25.4955,""id"":""EVID-0161"",""parent_id"":""INSP-0161"",""parent_type"":""inspection"",""timestamp"":""2026-06-21T11:00:00Z"",""uploader_id"":""USER-0001""}"
LGR-0162,evidence,EVID-0162,create,2026-06-21T14:00:00Z,USER-0002,,9ade4caee191f8bca2e8f701aad31b5195872c0ad4c08ca1ba91ac3440c99b61,v6mCfekLXNio0TLNry+XG5AVzM01GQDUIx/7VaQhb+ZxkHMW43Q2jHw9oItZl4q+UHXCQQ2tNwtgCpPjmMOuCA==,demo-test-2026-09,"{""filename"":""note_evid-0162.txt"",""gps_lat"":-33.3877,""gps_lon"":25.4955,""id"":""EVID-0162"",""parent_id"":""INSP-0162"",""parent_type"":""inspection"",""timestamp"":""2026-06-21T14:00:00Z"",""uploader_id"":""USER-0002""}"
LGR-0163,evidence,EVID-0163,create,2026-06-21T17:00:00Z,USER-0003,,85ee5412688e030f2f28867e54e3f4f007a5c4d734e901df67f89cfffee714c0,AnFxvk8334ECBJ/Po+N5Uq8A6hhLWpXd4HyT9ojOCa/EfIH1IIU8f4pHXClo5+kSdeb/KrWLdURj6s47Cu1bBA==,demo-test-2026-09,"{""filename"":""note_evid-0163.txt"",""gps_lat"":-33.3754,""gps_lon"":25.5066,""id"":""EVID-0163"",""parent_id"":""INSP-0163"",""parent_type"":""inspection"",""timestamp"":""2026-06-21T17:00:00Z"",""uploader_id"":""USER-0003""}"
LGR-0164,evidence,EVID-0164,create,2026-06-21T20:00:00Z,USER-0004,,d4d10f1215e29547edd4e42725315e0cff560d20c8aeaafa74802611224c7af5,/nViXFrnrhmw/8qrczZKhb2Pcf4eA9goO6VMwc8d474GK8sDuayp+kGSZwYrRR2cwE6rIiVohpG73/MOfWLyDQ==,demo-test-2026-09,"{""filename"":""note_evid-0164.txt"",""gps_lat"":-33.3631,""gps_lon"":25.5066,""id"":""EVID-0164"",""parent_id"":""INSP-0164"",""parent_type"":""inspection"",""timestamp"":""2026-06-21T20:00:00Z"",""uploader_id"":""USER-0004""}"
LGR-0165,evidence,EVID-0165,create,2026-07-16T09:00:00Z,USER-0015,,39f7944d12ffce4442c95fc09f70bca18a317a55f258625dfcaec84a468bf889,26g68uyouXQTAxiVpAPxon8BEWQFo/63BbxN8J2LoicxWiNFC5LyqtkXOZKPhC/Ro4A7EYhmSmx+7sUw9WxPCg==,demo-test-2026-09,"{""filename"":""note_evid-0165.txt"",""gps_lat"":-33.3508,""gps_lon"":25.5177,""id"":""EVID-0165"",""parent_id"":""INC-0015"",""parent_type"":""incident"",""timestamp"":""2026-07-16T09:00:00Z"",""uploader_id"":""USER-0015""}"
LGR-0166,evidence,EVID-0166,create,2026-06-22T02:00:00Z,USER-0006,,782819dde961cb569f63458c15f545609c8db728e9c8037568c80e1a912cf535,V4q+JM//EPoUwo2FK9Ryk+GFF/K/RCMu3rOxXLJ3kZIEFzb8JoDiQFQHXYxLvRmfp52BQk9lZk3qKstkQDsOBg==,demo-test-2026-09,"{""filename"":""note_evid-0166.txt"",""gps_lat"":-33.3385,""gps_lon"":25.5177,""id"":""EVID-0166"",""parent_id"":""INSP-0166"",""parent_type"":""inspection"",""timestamp"":""2026-06-22T02:00:00Z"",""uploader_id"":""USER-0006""}"
LGR-0167,evidence,EVID-0167,create,2026-06-22T05:00:00Z,USER-0007,,9390c2d3f6f11c759111b80ca1fe8948b4cc388ef8b5e3c5498c5cfb2b2c4af7,UKbAxVwZ7Sr48A4wsd/Xf9tFd/QNDYHXlg53xSibO11pit/3zVf/pPOd5U2EvgXrPNHu4RxrWxzgp3z0wsyqBA==,demo-test-2026-09,"{""filename"":""note_evid-0167.txt"",""gps_lat"":-33.3262,""gps_lon"":25.5288,""id"":""EVID-0167"",""parent_id"":""INSP-0167"",""parent_type"":""inspection"",""timestamp"":""2026-06-22T05:00:00Z"",""uploader_id"":""USER-0007""}"
LGR-0168,evidence,EVID-0168,create,2026-06-22T08:00:00Z,USER-0008,,4ecb771b73790142e83cb9a38596ce780b7e0652c1ee0ec421675ec19502b347,odloUsm8ed3Y7ctVPd4YdyDLHHQDtDGR1uGbqmlaONxd74lAGYL/YHxn7eGc1iN2+hF0t5JVmg16bvzHYz+RBg==,demo-test-2026-09,"{""filename"":""note_evid-0168.txt"",""gps_lat"":-33.3139,""gps_lon"":25.5288,""id"":""EVID-0168"",""parent_id"":""INSP-0168"",""parent_type"":""inspection"",""timestamp"":""2026-06-22T08:00:00Z"",""uploader_id"":""USER-0008""}"
LGR-0169,evidence,EVID-0169,create,2026-06-22T11:00:00Z,USER-0009,,36e3fde775702b76f381f0daa3660e1c70775affec645d2dd4a56ce6d6aa5a8c,BzLvXTfnkJCQDko+elpoTjSNTpaXURKLoD+bGdClIlgI5yEdk8itit3fXiWOwrF0MNubUZLsO8wsLFVmBmBsAQ==,demo-test-2026-09,"{""filename"":""note_evid-0169.txt"",""gps_lat"":-33.3016,""gps_lon"":25.5399,""id"":""EVID-0169"",""parent_id"":""INSP-0169"",""parent_type"":""inspection"",""timestamp"":""2026-06-22T11:00:00Z"",""uploader_id"":""USER-0009""}"
LGR-0170,evidence,EVID-0170,create,2026-07-21T09:00:00Z,USER-0020,,426e393ffccff2f20536ce3bf05b05f3c2fed19c0d6211361199b0814fe34025,qM5QekggAJ8GPcXXnWX673VYY1MsG6AL8WefWHZlP45C6mJDh9LACNCBSpW1pVLKdQrO7Nnkx88BivP/IdtDCg==,demo-test-2026-09,"{""filename"":""note_evid-0170.txt"",""gps_lat"":-33.2893,""gps_lon"":25.5399,""id"":""EVID-0170"",""parent_id"":""INC-0020"",""parent_type"":""incident"",""timestamp"":""2026-07-21T09:00:00Z"",""uploader_id"":""USER-0020""}"
LGR-0171,evidence,EVID-0171,create,2026-06-22T17:00:00Z,USER-0011,,90cd2ad4661fcdd1bf4d228bccceb965b7ef8ec002cbe475da2b602187779863,slKZc1OlqNfQoJb6o5pqW+OUwuFwHM4Fo9ACyftehp1schCF9ibk+QnnzEIkAbTgYbZp85nhitapZYzbBbtrBg==,demo-test-2026-09,"{""filename"":""note_evid-0171.txt"",""gps_lat"":-33.4,""gps_lon"":25.44,""id"":""EVID-0171"",""parent_id"":""INSP-0171"",""parent_type"":""inspection"",""timestamp"":""2026-06-22T17:00:00Z"",""uploader_id"":""USER-0011""}"
LGR-0172,evidence,EVID-0172,create,2026-06-22T20:00:00Z,USER-0012,,2687409d0af507ec7e2be4ec18bbec5ef32803dcc24d8e7486920a98d297de87,2324Z0dqCklxGRzeerrzvC6jE62srkBKMJ+fvBLcFC8NUkt9NxaeAlBHQaVk2a4xT+VOykaZHOh5kO5OqIA9DA==,demo-test-2026-09,"{""filename"":""note_evid-0172.txt"",""gps_lat"":-33.3877,""gps_lon"":25.44,""id"":""EVID-0172"",""parent_id"":""INSP-0172"",""parent_type"":""inspection"",""timestamp"":""2026-06-22T20:00:00Z"",""uploader_id"":""USER-0012""}"
LGR-0173,evidence,EVID-0173,create,2026-06-22T23:00:00Z,USER-0013,,4e70e112e3c08c3c8d99655e6441202ae91cc1335169c9e8d27b43a1b88159c5,EaYjMhrYiFIyTb0oziQWD48dZBerQAAvPTtzjsDRIyAVBPwRvseJfzIGuDlMQQPARZDAzwiozHk9RFp1LZykBw==,demo-test-2026-09,"{""filename"":""note_evid-0173.txt"",""gps_lat"":-33.3754,""gps_lon"":25.4511,""id"":""EVID-0173"",""parent_id"":""INSP-0173"",""parent_type"":""inspection"",""timestamp"":""2026-06-22T23:00:00Z"",""uploader_id"":""USER-0013""}"
LGR-0174,evidence,EVID-0174,create,2026-06-23T02:00:00Z,USER-0014,,ca7c244425bf19d2c4aa75841469dab2b2635c456f2ecd724a52b7f69dc04d37,arC9C/gbp4NUlEpjU4TQa49OnpDWCggI10lrfePOxrKwMfoOdvqQmXsaq4IY//q9yo8NfnyfKS+pxaNz1JTQAw==,demo-test-2026-09,"{""filename"":""note_evid-0174.txt"",""gps_lat"":-33.3631,""gps_lon"":25.4511,""id"":""EVID-0174"",""parent_id"":""INSP-0174"",""parent_type"":""inspection"",""timestamp"":""2026-06-23T02:00:00Z"",""uploader_id"":""USER-0014""}"
LGR-0175,evidence,EVID-0175,create,2026-07-26T09:00:00Z,USER-0005,,40d798cbb056201160742e90d065a067ca20748c9b99d5df2702dfb5531b2e6e,H/1kMXjOfIsfIfgWuhWG7MV4dm0O7Gk+mAKI/QpBTYZE2wSK3GIL4YsIEM4U4PUAb05tRFWezUJdCL6f/pacCQ==,demo-test-2026-09,"{""filename"":""note_evid-0175.txt"",""gps_lat"":-33.3508,""gps_lon"":25.4622,""id"":""EVID-0175"",""parent_id"":""INC-0025"",""parent_type"":""incident"",""timestamp"":""2026-07-26T09:00:00Z"",""uploader_id"":""USER-0005""}"
LGR-0176,evidence,EVID-0176,create,2026-06-23T08:00:00Z,USER-0016,,24cf3418f5c70c206d820c76256d2b2e45d6e46d0cd7661177ba7c5c7dd7deb3,y9Viiz92uF0SnvjmNsVnj4vwroyabsk6jvpbUaoJ5lHB7AvmP/iHLyYY2gK4eUVaHAAi1Dq+E4CSalYsuZwwCg==,demo-test-2026-09,"{""filename"":""note_evid-0176.txt"",""gps_lat"":-33.3385,""gps_lon"":25.4622,""id"":""EVID-0176"",""parent_id"":""INSP-0176"",""parent_type"":""inspection"",""timestamp"":""2026-06-23T08:00:00Z"",""uploader_id"":""USER-0016""}"
LGR-0177,evidence,EVID-0177,create,2026-06-23T11:00:00Z,USER-0017,,72e4f85576abd789d23fadeb4a402ff2d85148508d186824334863ed77c95e0c,pT2oU2xMXYn0GQrAodJc3fgePvhv6+iwjbV6t/GpomCRAzEcDlgiySrfBNxTTiNvPxqqWpg8zJ4Ix34L7x4/BQ==,demo-test-2026-09,"{""filename"":""note_evid-0177.txt"",""gps_lat"":-33.3262,""gps_lon"":25.4733,""id"":""EVID-0177"",""parent_id"":""INSP-0177"",""parent_type"":""inspection"",""timestamp"":""2026-06-23T11:00:00Z"",""uploader_id"":""USER-0017""}"
LGR-0178,evidence,EVID-0178,create,2026-06-23T14:00:00Z,USER-0018,,c210257b3612ab6a06d3c61efb87a9956f3cc389451623e874e1aa38e4b8db2f,MEtNY/WYViHZbZM2yKpBvDQYW5fTCgJgpO+WJ7LvwAtEIj3NdphYsALynM9pJzQ5nZTFMfjmf8rjBTZfTXe0CA==,demo-test-2026-09,"{""filename"":""note_evid-0178.txt"",""gps_lat"":-33.3139,""gps_lon"":25.4733,""id"":""EVID-0178"",""parent_id"":""INSP-0178"",""parent_type"":""inspection"",""timestamp"":""2026-06-23T14:00:00Z"",""uploader_id"":""USER-0018""}"
LGR-0179,evidence,EVID-0179,create,2026-06-23T17:00:00Z,USER-0019,,da4bf801a6e28cdfc10be3a6374cd94af990d66e30f0ff8e06028263e69865c1,4oH23GV0zLy2GNiHKf/M9Y5eQUgP1M9M3YXzcdJ/m5ptM+UOqVE4WIdyW8nLt/wBwDy3NClM1F7lo9roGm5DDQ==,demo-test-2026-09,"{""filename"":""note_evid-0179.txt"",""gps_lat"":-33.3016,""gps_lon"":25.4844,""id"":""EVID-0179"",""parent_id"":""INSP-0179"",""parent_type"":""inspection"",""timestamp"":""2026-06-23T17:00:00Z"",""uploader_id"":""USER-0019""}"
LGR-0180,evidence,EVID-0180,create,2026-07-31T09:00:00Z,USER-0010,,62133a8348c0663ac5e5df9ce05f122755d111e26c961d21e1d8f5443b603778,/l/Q77FUWRjtLhkzDg0IyuN5LHZfPTPLThLzaJ5QJfILzQWo/vmBYkCs36ILfFa/66+R4O4A+0aEjWkHeDuhCw==,demo-test-2026-09,"{""filename"":""note_evid-0180.txt"",""gps_lat"":-33.2893,""gps_lon"":25.4844,""id"":""EVID-0180"",""parent_id"":""INC-0030"",""parent_type"":""incident"",""timestamp"":""2026-07-31T09:00:00Z"",""uploader_id"":""USER-0010""}"
LGR-0181,evidence,EVID-0181,create,2026-06-23T23:00:00Z,USER-0001,,71a7b897303beac95acde408600f222bec1f14dc4299e1418f34220874c86427,KYaD42fP2Dr2T7opadC6ES0TA9oHi/sTzwaYc6bH7hbCaOz04IedEa+56ez1awFAAMEieNj5d2KvJlTcSG7/Aw==,demo-test-2026-09,"{""filename"":""note_evid-0181.txt"",""gps_lat"":-33.4,""gps_lon"":25.4955,""id"":""EVID-0181"",""parent_id"":""INSP-0181"",""parent_type"":""inspection"",""timestamp"":""2026-06-23T23:00:00Z"",""uploader_id"":""USER-0001""}"
LGR-0182,evidence,EVID-0182,create,2026-06-24T02:00:00Z,USER-0002,,32ffb7d2f1e657565a0734675c194ccde0e533857983250574af30371f474ca5,lgUwm+M0QLhBxDgy7xmuS69NnrKJpy5NfSXS2JLLI/Or8r/eLUZUGt31Un2dfoLIQLJS7RQwrp5eK1oAATXwCQ==,demo-test-2026-09,"{""filename"":""note_evid-0182.txt"",""gps_lat"":-33.3877,""gps_lon"":25.4955,""id"":""EVID-0182"",""parent_id"":""INSP-0182"",""parent_type"":""inspection"",""timestamp"":""2026-06-24T02:00:00Z"",""uploader_id"":""USER-0002""}"
LGR-0183,evidence,EVID-0183,create,2026-06-24T05:00:00Z,USER-0003,,ee25c908f0420f213b4f6c4995557e71a5f2200e7f98749f5217a4d23205570a,V6dv9zzP6E0CV0Ta4UrN5U6j9tp/iIknCRoQgtSoS0f0pg2w11+aHv2+SHImHypzDIp/Q74+t/h0nHayCfYhAA==,demo-test-2026-09,"{""filename"":""note_evid-0183.txt"",""gps_lat"":-33.3754,""gps_lon"":25.5066,""id"":""EVID-0183"",""parent_id"":""INSP-0183"",""parent_type"":""inspection"",""timestamp"":""2026-06-24T05:00:00Z"",""uploader_id"":""USER-0003""}"
LGR-0184,evidence,EVID-0184,create,2026-06-24T08:00:00Z,USER-0004,,9e708dc93b22fdaeb488d3b894422837b86cce76604f07436035e4974b5159a0,DzDTmTj3K0ahv+d4NqJoHNpygBSZR6XKq1q70CrNuS/XopEWlOKClK1fnIeAIKzZHP9rBskdaDQC4bY8aHaPCQ==,demo-test-2026-09,"{""filename"":""note_evid-0184.txt"",""gps_lat"":-33.3631,""gps_lon"":25.5066,""id"":""EVID-0184"",""parent_id"":""INSP-0184"",""parent_type"":""inspection"",""timestamp"":""2026-06-24T08:00:00Z"",""uploader_id"":""USER-0004""}"
LGR-0185,evidence,EVID-0185,create,2026-07-06T09:00:00Z,USER-0005,,91f667e3b18a87d12dbc74a218c493965bd3f5ca7b83c5f785cc9b0e019c3638,hW6Sndjgz9vKBP+bVz7LoV4p+NuCnD8NCUwfUq+FHt04YlfzB3xeHBsZMO+Syl6M9bhVJ+fA+gP1cv4tuxG/Ag==,demo-test-2026-09,"{""filename"":""note_evid-0185.txt"",""gps_lat"":-33.3508,""gps_lon"":25.4622,""id"":""EVID-0185"",""parent_id"":""INC-0005"",""parent_type"":""incident"",""timestamp"":""2026-07-06T09:00:00Z"",""uploader_id"":""USER-0005""}"
LGR-0186,evidence,EVID-0186,create,2026-06-24T14:00:00Z,USER-0006,,65693b5cd62dd54b4515f56490e8a4398426fa22b109f93d11fd516850e6ca26,95l/laOscaqeurvK0vzC1jJa18q6sF3yHWN/WnNLNPUmGWpZkfs2Xtk4YNUZZQ6gPNrOx9eY6IO+6naOOymCDw==,demo-test-2026-09,"{""filename"":""note_evid-0186.txt"",""gps_lat"":-33.3385,""gps_lon"":25.5177,""id"":""EVID-0186"",""parent_id"":""INSP-0186"",""parent_type"":""inspection"",""timestamp"":""2026-06-24T14:00:00Z"",""uploader_id"":""USER-0006""}"
LGR-0187,evidence,EVID-0187,create,2026-06-24T17:00:00Z,USER-0007,,20f072bb3a066b2cb4ada24bd110129b11b170ddc6396e308dff3f0cb900d4ce,YvjNIKGQS9IU3HcNA8WSNgUPTtGo3g0pldHv6tnkBYn9SScFZqy+tZJvwrQ/Jld671HUrEMy9dwH0JmceyGKAg==,demo-test-2026-09,"{""filename"":""note_evid-0187.txt"",""gps_lat"":-33.3262,""gps_lon"":25.5288,""id"":""EVID-0187"",""parent_id"":""INSP-0187"",""parent_type"":""inspection"",""timestamp"":""2026-06-24T17:00:00Z"",""uploader_id"":""USER-0007""}"
LGR-0188,evidence,EVID-0188,create,2026-06-24T20:00:00Z,USER-0008,,1ceb3309096443740db10aff14c1fe1f16c2270b576397b0fe36a120f2a66d5e,frRQkjV/TeCc1EIg3hnz1HyOdyNHfU5sHWoB5SMcAj8q1Y/Lwi6yFw18FqjB0KafzyD/zJBUU9acVUIOZqgbBg==,demo-test-2026-09,"{""filename"":""note_evid-0188.txt"",""gps_lat"":-33.3139,""gps_lon"":25.5288,""id"":""EVID-0188"",""parent_id"":""INSP-0188"",""parent_type"":""inspection"",""timestamp"":""2026-06-24T20:00:00Z"",""uploader_id"":""USER-0008""}"
LGR-0189,evidence,EVID-0189,create,2026-06-24T23:00:00Z,USER-0009,,5d516375a86827553e4f35fd892e69a230c96b2c33c5071b49647b97a6339b83,EjRA9aOou5HH1UBhJyhqtKszRMt6hZMP6HxjtRCFY9oKbQCnJIuJ8ndRWFoHS5buZKvM+tQXtaz19vpn23sOCQ==,demo-test-2026-09,"{""filename"":""note_evid-0189.txt"",""gps_lat"":-33.3016,""gps_lon"":25.5399,""id"":""EVID-0189"",""parent_id"":""INSP-0189"",""parent_type"":""inspection"",""timestamp"":""2026-06-24T23:00:00Z"",""uploader_id"":""USER-0009""}"
LGR-0190,evidence,EVID-0190,create,2026-07-11T09:00:00Z,USER-0010,,a60ad6edc9cbe966d50acbb56244d7d30fc6497a7b05aace07cda09190a4b416,57a9SCzQxyqgommqBF7tDZI7u5mPSZKaXey32VylXNOLW6xjcnR8gRZhH/1KIegwTas6vxJkmCXC5IudquqQAg==,demo-test-2026-09,"{""filename"":""note_evid-0190.txt"",""gps_lat"":-33.2893,""gps_lon"":25.4844,""id"":""EVID-0190"",""parent_id"":""INC-0010"",""parent_type"":""incident"",""timestamp"":""2026-07-11T09:00:00Z"",""uploader_id"":""USER-0010""}"
LGR-0191,evidence,EVID-0191,create,2026-06-25T05:00:00Z,USER-0011,,1de440a504fa52313da950d955f72610e3cb214f3550d2aaf4a2045b6380c7c0,kYurxn27laV5ygTuH0Bc/Yb/iAFIN884gLhUqSjXnAKaE+uhWp8+MvXVrptgQCxnmXY4u/1DZhpLoVAotSakBQ==,demo-test-2026-09,"{""filename"":""note_evid-0191.txt"",""gps_lat"":-33.4,""gps_lon"":25.44,""id"":""EVID-0191"",""parent_id"":""INSP-0191"",""parent_type"":""inspection"",""timestamp"":""2026-06-25T05:00:00Z"",""uploader_id"":""USER-0011""}"
LGR-0192,evidence,EVID-0192,create,2026-06-25T08:00:00Z,USER-0012,,ad858ef2bdfd3791e10c89e9b26589b88e1109680565bdf34156facb81d8281e,Qp5yCAbr7BOdJNQ+T3SJUyoG4raN1bGDcRIZYDuj1C/cWt36Va/FzsETpUV76wG3V++w0cROwVqpparX9o3OBw==,demo-test-2026-09,"{""filename"":""note_evid-0192.txt"",""gps_lat"":-33.3877,""gps_lon"":25.44,""id"":""EVID-0192"",""parent_id"":""INSP-0192"",""parent_type"":""inspection"",""timestamp"":""2026-06-25T08:00:00Z"",""uploader_id"":""USER-0012""}"
LGR-0193,evidence,EVID-0193,create,2026-06-25T11:00:00Z,USER-0013,,65ae983bd7560073f8fb5adbd7e7ba1a0b7b1f24fe20e2fdadca2d5f2829dda9,GehG257/BIb5yj8yeAdbRoK86oqJ/CSbpua42upo84/TCywY8vmV3fG7iwlwXQxKjnlq9mvWuEWPkBhquqK9Dg==,demo-test-2026-09,"{""filename"":""note_evid-0193.txt"",""gps_lat"":-33.3754,""gps_lon"":25.4511,""id"":""EVID-0193"",""parent_id"":""INSP-0193"",""parent_type"":""inspection"",""timestamp"":""2026-06-25T11:00:00Z"",""uploader_id"":""USER-0013""}"
LGR-0194,evidence,EVID-0194,create,2026-06-25T14:00:00Z,USER-0014,,bcf2dd6f45a651ec2940a0c62fef38b1ea988dcb42f8096e56dc8764c36d4607,lBMN63eJkpcQBLuW7wOa39gj1vfaEFhDyZRrD4/K5JXiB6KSP41tEO3d40Kmka1aOUH04BvkkmtBZdvXlhnIDQ==,demo-test-2026-09,"{""filename"":""note_evid-0194.txt"",""gps_lat"":-33.3631,""gps_lon"":25.4511,""id"":""EVID-0194"",""parent_id"":""INSP-0194"",""parent_type"":""inspection"",""timestamp"":""2026-06-25T14:00:00Z"",""uploader_id"":""USER-0014""}"
LGR-0195,evidence,EVID-0195,create,2026-07-16T09:00:00Z,USER-0015,,e2dde8deb57f83b7959e250d64ecc531941027dad1bf9693819b3bacea9ef2fa,RD9F5TfY64Tbo6zQNIBrQrw/efI+yOnQnBd+1N4297ZosYMdsOw5Muj7PyDxeDRFLJu1iCZi4NbJUgA57ky5CA==,demo-test-2026-09,"{""filename"":""note_evid-0195.txt"",""gps_lat"":-33.3508,""gps_lon"":25.5177,""id"":""EVID-0195"",""parent_id"":""INC-0015"",""parent_type"":""incident"",""timestamp"":""2026-07-16T09:00:00Z"",""uploader_id"":""USER-0015""}"
LGR-0196,evidence,EVID-0196,create,2026-06-25T20:00:00Z,USER-0016,,8f1c48a9a5492380c1ba39c45265ead571cd76a3c3421876f7ed01ad0cda7fa2,LCsdNU1RiOjhJ+gT9W31DTMWlAObAIip+ZU4hsImW+Ysf2ikz+UukUn69yTXQyA/Zc1s82TzvQMlPx//FNd4Cw==,demo-test-2026-09,"{""filename"":""note_evid-0196.txt"",""gps_lat"":-33.3385,""gps_lon"":25.4622,""id"":""EVID-0196"",""parent_id"":""INSP-0196"",""parent_type"":""inspection"",""timestamp"":""2026-06-25T20:00:00Z"",""uploader_id"":""USER-0016""}"
LGR-0197,evidence,EVID-0197,create,2026-06-25T23:00:00Z,USER-0017,,ac81a98d80eabf0b95609154daa3e79e5b556dfb11d46b3b1bdd245ee4dca9b5,2TYooBQrbB1NwopvUDVX8nfK9PiDf6kq60yAllveewOfP4JnF3fASbrjyAF2A7saNklx3vLjTw4FBksZwFwZDw==,demo-test-2026-09,"{""filename"":""note_evid-0197.txt"",""gps_lat"":-33.3262,""gps_lon"":25.4733,""id"":""EVID-0197"",""parent_id"":""INSP-0197"",""parent_type"":""inspection"",""timestamp"":""2026-06-25T23:00:00Z"",""uploader_id"":""USER-0017""}"
LGR-0198,evidence,EVID-0198,create,2026-06-26T02:00:00Z,USER-0018,,b78d39e599255dc18ea0addacba992cb5b036c6c181093b942382169febd3c3c,m62C/qUHq9X/3i/sIdXfzdTacDOyWZK6JOfcvQ/Ccz71hemnJyzLwv5sutFmb/sc6dCSJEYAXJxGIcYfHsYqBQ==,demo-test-2026-09,"{""filename"":""note_evid-0198.txt"",""gps_lat"":-33.3139,""gps_lon"":25.4733,""id"":""EVID-0198"",""parent_id"":""INSP-0198"",""parent_type"":""inspection"",""timestamp"":""2026-06-26T02:00:00Z"",""uploader_id"":""USER-0018""}"
LGR-0199,evidence,EVID-0199,create,2026-06-26T05:00:00Z,USER-0019,,e2dba5e1ad9236531a6455aba5c23aa3817f246fa9a392fca4c8ecad6601b4fa,X4exSL5tY7w0tNYJ9GWqFkYCJItACJ3dNW5qeWugy+azniv81P32jFnr5fy/TBFh93fDUNKaKkaZ86ilbKNvDQ==,demo-test-2026-09,"{""filename"":""note_evid-0199.txt"",""gps_lat"":-33.3016,""gps_lon"":25.4844,""id"":""EVID-0199"",""parent_id"":""INSP-0199"",""parent_type"":""inspection"",""timestamp"":""2026-06-26T05:00:00Z"",""uploader_id"":""USER-0019""}"
LGR-0200,evidence,EVID-0200,create,2026-07-21T09:00:00Z,USER-0020,,83204bf52981692800e7e72fb3754f51f099351a85744d370ef87b9ff1a8d993,jyeIuPw+zgabZKw5brdo6b4Q0e2KOJ/EZfrrPt9+9NWaUM3Ro5inDENM6lVho6kPbD/bYstnhNpq8BwwELwqDQ==,demo-test-2026-09,"{""filename"":""note_evid-0200.txt"",""gps_lat"":-33.2893,""gps_lon"":25.5399,""id"":""EVID-0200"",""parent_id"":""INC-0020"",""parent_type"":""incident"",""timestamp"":""2026-07-21T09:00:00Z"",""uploader_id"":""USER-0020""}"
LGR-0201,evidence,EVID-0201,create,2026-06-01T11:00:00Z,USER-0001,,191d0f71c55e762b43a6b4f01038739a5d89c9ed7cfd86a1399d79e1be19b075,H13MGeJOHb+hVhD32iS42dDejv+LZeuXxyy5GE1X3x5v1nuOMIQltyohJNTvEHgS/trH5yV923gLFVKwn+ftAg==,demo-test-2026-09,"{""filename"":""note_evid-0201.txt"",""gps_lat"":-33.4,""gps_lon"":25.44,""id"":""EVID-0201"",""parent_id"":""INSP-0001"",""parent_type"":""inspection"",""timestamp"":""2026-06-01T11:00:00Z"",""uploader_id"":""USER-0001""}"
LGR-0202,evidence,EVID-0202,create,2026-06-01T14:00:00Z,USER-0002,,e7ee0425b162222d955b879dd904c5b2ce034612912f24eac101d3f86ca865af,gmIvAE+MV9bS1gtFTLMAow/3w7wUVXjyq09QE4WH17G+HK1+kpaNN49xJCLvKFT6sV9Oyrj/BSQmqMl8Gzk5BA==,demo-test-2026-09,"{""filename"":""note_evid-0202.txt"",""gps_lat"":-33.3877,""gps_lon"":25.44,""id"":""EVID-0202"",""parent_id"":""INSP-0002"",""parent_type"":""inspection"",""timestamp"":""2026-06-01T14:00:00Z"",""uploader_id"":""USER-0002""}"
LGR-0203,evidence,EVID-0203,create,2026-06-01T17:00:00Z,USER-0003,,0d78cc38594d0e1892009b2e03b3c328954e513e33aeb038a0ea576818886e6c,F6KFdNJppK2qJ+Km9E+SKvCShF/wZe/WWvGR3/vI7CNp4g6mRlgqUbJ6dqh2UK6lgH+84FxKZYS/7yk7EsXlAg==,demo-test-2026-09,"{""filename"":""note_evid-0203.txt"",""gps_lat"":-33.3754,""gps_lon"":25.4511,""id"":""EVID-0203"",""parent_id"":""INSP-0003"",""parent_type"":""inspection"",""timestamp"":""2026-06-01T17:00:00Z"",""uploader_id"":""USER-0003""}"
LGR-0204,evidence,EVID-0204,create,2026-06-01T20:00:00Z,USER-0004,,d751c7795ef0a71a46bc57ef129d31c71512f605766d6e924328a7fb27a4c6ba,EA74QrPcYhx2FmFbtXVyxzOFWlvD29mz+fouKezRQLGq/sO3UY8mJComM/mh+iHtC8Yk8l1r0Nt2qNht/cKiDg==,demo-test-2026-09,"{""filename"":""note_evid-0204.txt"",""gps_lat"":-33.3631,""gps_lon"":25.4511,""id"":""EVID-0204"",""parent_id"":""INSP-0004"",""parent_type"":""inspection"",""timestamp"":""2026-06-01T20:00:00Z"",""uploader_id"":""USER-0004""}"
LGR-0205,evidence,EVID-0205,create,2026-07-26T09:00:00Z,USER-0005,,6ce87c8fab6fac5cf889678ed1e1e7c0f56800d3d7e9d6a011deb45101a0f6d7,rPpj6DTWNMK8K8HpMuSTGrxkaz+WGwbS+wEoUUuhMpsT6EBHPYQh95AuEL2pw5mUhbqO1vD25NWD0VX9TEsgBg==,demo-test-2026-09,"{""filename"":""note_evid-0205.txt"",""gps_lat"":-33.3508,""gps_lon"":25.4622,""id"":""EVID-0205"",""parent_id"":""INC-0025"",""parent_type"":""incident"",""timestamp"":""2026-07-26T09:00:00Z"",""uploader_id"":""USER-0005""}"
LGR-0206,evidence,EVID-0206,create,2026-06-02T02:00:00Z,USER-0006,,8f1b0bcfcde3ca9c98121b74724c2b2036970718995e1eb08a33917cbc550800,XCIWq8VmebFiQhb0W5hi7E/8/GAZ9qsIhwKQTfj3GBbZVstmskvlLmMn8a7lJRs6lCiTYlQwnHAJEz42NcutAA==,demo-test-2026-09,"{""filename"":""note_evid-0206.txt"",""gps_lat"":-33.3385,""gps_lon"":25.4622,""id"":""EVID-0206"",""parent_id"":""INSP-0006"",""parent_type"":""inspection"",""timestamp"":""2026-06-02T02:00:00Z"",""uploader_id"":""USER-0006""}"
LGR-0207,evidence,EVID-0207,create,2026-06-02T05:00:00Z,USER-0007,,26534ae146457b86a16e4817745f4236ca53122d4064c986c64bcb431a411fb7,+ozkRB+Lcik4bvxAjDwH612Cs9kJ9t8yW3YuVUCYmsrCR5HalC3blJNrCr6NUGbgw3eGdaaoNYI+R49I2z8hBw==,demo-test-2026-09,"{""filename"":""note_evid-0207.txt"",""gps_lat"":-33.3262,""gps_lon"":25.4733,""id"":""EVID-0207"",""parent_id"":""INSP-0007"",""parent_type"":""inspection"",""timestamp"":""2026-06-02T05:00:00Z"",""uploader_id"":""USER-0007""}"
LGR-0208,evidence,EVID-0208,create,2026-06-02T08:00:00Z,USER-0008,,920232202a6cb4362887a4552104108018c8cb950418c47ff16d84bd5321270e,Ydqkq/ol7RWSyKRDglLyVidIlCpg2YQNrYIZWNg8ztBoepFdpZ6ICMZuCkDu8sjalKFosBHn3JCagAqUtlWsCQ==,demo-test-2026-09,"{""filename"":""note_evid-0208.txt"",""gps_lat"":-33.3139,""gps_lon"":25.4733,""id"":""EVID-0208"",""parent_id"":""INSP-0008"",""parent_type"":""inspection"",""timestamp"":""2026-06-02T08:00:00Z"",""uploader_id"":""USER-0008""}"
LGR-0209,evidence,EVID-0209,create,2026-06-02T11:00:00Z,USER-0009,,1d02c1eb5bd7c50effda1cacd49e6b9f5a9ab27b9b3516eb2255ba333dd17f81,3Xd2dbW0ggSqS7qaHHp49lH7Mrsb5jQIM7CVegjK/h0i2OVlQAXmMFSJuxK6TJckypssedB5DC+yUIKJ8gXGDg==,demo-test-2026-09,"{""filename"":""note_evid-0209.txt"",""gps_lat"":-33.3016,""gps_lon"":25.4844,""id"":""EVID-0209"",""parent_id"":""INSP-0009"",""parent_type"":""inspection"",""timestamp"":""2026-06-02T11:00:00Z"",""uploader_id"":""USER-0009""}"
LGR-0210,evidence,EVID-0210,create,2026-07-31T09:00:00Z,USER-0010,,1ace79a24a9c0aa5199addaf4863f772b5cfde3e187f812fecd79fc068f598ef,tFBIbhTAzuMXUh51/zzHFhMM0nZXQHKAnm4r3moM8/zW8yzCBUhhPs2UhJkYQihaFWlmQdvOYI9n9Sqa4bS+Cg==,demo-test-2026-09,"{""filename"":""note_evid-0210.txt"",""gps_lat"":-33.2893,""gps_lon"":25.4844,""id"":""EVID-0210"",""parent_id"":""INC-0030"",""parent_type"":""incident"",""timestamp"":""2026-07-31T09:00:00Z"",""uploader_id"":""USER-0010""}"
LGR-0211,evidence,EVID-0211,create,2026-06-02T17:00:00Z,USER-0011,,fd18be0d3136366e8cf0700abd17de247cec6cade1c3b2280ee578e2cf4bac3b,TfoOxIVkMcFPV+SZ7U13z1YoEFEcFTCaEF2VV4GHaeoWTrQEVdPVLJ0X+vVzWE1q5GF/Ovxmep5tHDLbBtByBw==,demo-test-2026-09,"{""filename"":""note_evid-0211.txt"",""gps_lat"":-33.4,""gps_lon"":25.4955,""id"":""EVID-0211"",""parent_id"":""INSP-0011"",""parent_type"":""inspection"",""timestamp"":""2026-06-02T17:00:00Z"",""uploader_id"":""USER-0011""}"
LGR-0212,evidence,EVID-0212,create,2026-06-02T20:00:00Z,USER-0012,,d77411a59ab31f060e361892d9c89152f98744326854dc9180495d170d51d2c1,AtQSRf1AXfltf1/5Kf7DsSNSr8G3OzP1OTtmpLLOLmzubndjprbwHCFre8tFpGMUC3IJR8MR+OsIdtefaMDvDg==,demo-test-2026-09,"{""filename"":""note_evid-0212.txt"",""gps_lat"":-33.3877,""gps_lon"":25.4955,""id"":""EVID-0212"",""parent_id"":""INSP-0012"",""parent_type"":""inspection"",""timestamp"":""2026-06-02T20:00:00Z"",""uploader_id"":""USER-0012""}"
LGR-0213,evidence,EVID-0213,create,2026-06-02T23:00:00Z,USER-0013,,fb75a88619185298b04325c8e32ef1ced34a93c1f7329d27d4ce5fb03d852f37,/rZFVo0vBgoNv3iHORVQ2I8hpvU1Rsap/jKIrrw6zPU8/kUg5nSicxyNi9Dr4Vpkv6mLeU2imzguJ3Pl5VVeDA==,demo-test-2026-09,"{""filename"":""note_evid-0213.txt"",""gps_lat"":-33.3754,""gps_lon"":25.5066,""id"":""EVID-0213"",""parent_id"":""INSP-0013"",""parent_type"":""inspection"",""timestamp"":""2026-06-02T23:00:00Z"",""uploader_id"":""USER-0013""}"
LGR-0214,evidence,EVID-0214,create,2026-06-03T02:00:00Z,USER-0014,,931196f7a3be0004813ec5b0548abb77bd587a030172d728b45e2c793119d75d,VXc8Skuq4Mdyd4DKERR1CdFs6MdIppGP7H88CTe5NaGMO9WVBHE26DfVYzCSWPPsV5pyBrBA3scLtRWisZitDg==,demo-test-2026-09,"{""filename"":""note_evid-0214.txt"",""gps_lat"":-33.3631,""gps_lon"":25.5066,""id"":""EVID-0214"",""parent_id"":""INSP-0014"",""parent_type"":""inspection"",""timestamp"":""2026-06-03T02:00:00Z"",""uploader_id"":""USER-0014""}"
LGR-0215,evidence,EVID-0215,create,2026-07-06T09:00:00Z,USER-0005,,9014b06455bf6a2d353c5ec569f37d36b2c0533eb897a3fbf84ff647963635c2,Cxb1N+vZ9ET2M3rMv9Mrj10jwWIfGTFPsySnrnmG41m4n0LnDDF1ywfLthSJIrYpEYhIm+ldaOKOo3qYnh4bAw==,demo-test-2026-09,"{""filename"":""note_evid-0215.txt"",""gps_lat"":-33.3508,""gps_lon"":25.4622,""id"":""EVID-0215"",""parent_id"":""INC-0005"",""parent_type"":""incident"",""timestamp"":""2026-07-06T09:00:00Z"",""uploader_id"":""USER-0005""}"
LGR-0216,evidence,EVID-0216,create,2026-06-03T08:00:00Z,USER-0016,,18134081d3d09b2c38aa41a5160bdf6c376ccc33e45b7475f1cace4c24c13199,qrkU6VfXZFSbMDNFvJ9AWzbHzc2wLxVta/IEOSxByzVyHOQe12Zqa0BxyfJKws2nNN8Wo4XB8H9RAhw7D59VCw==,demo-test-2026-09,"{""filename"":""note_evid-0216.txt"",""gps_lat"":-33.3385,""gps_lon"":25.5177,""id"":""EVID-0216"",""parent_id"":""INSP-0016"",""parent_type"":""inspection"",""timestamp"":""2026-06-03T08:00:00Z"",""uploader_id"":""USER-0016""}"
LGR-0217,evidence,EVID-0217,create,2026-06-03T11:00:00Z,USER-0017,,ea2776fc1da61b6a500a94bdcd99768360e55e606a448cfb9d3ea0cbc2ed9f23,9n4OBuwAVxzWBcAUVWJ6ezbNlt07UfCyWz4k6zFX2zx+y8wdHV+YiWt4JV1vbYUD62RGNk1x0VXt9NS8j+cNBw==,demo-test-2026-09,"{""filename"":""note_evid-0217.txt"",""gps_lat"":-33.3262,""gps_lon"":25.5288,""id"":""EVID-0217"",""parent_id"":""INSP-0017"",""parent_type"":""inspection"",""timestamp"":""2026-06-03T11:00:00Z"",""uploader_id"":""USER-0017""}"
LGR-0218,evidence,EVID-0218,create,2026-06-03T14:00:00Z,USER-0018,,22d66179623f07bdebf52d989f65917bb543ddd8b6120d2ce9d7d9dfc3727969,bdz7K3hJTe06GmcY+GFFMnQZCdHhP//ieVbA6Y56Jg8kOvlUTdan1iWf3/qgjRblbfafORrl0mzvMdYAckAWBw==,demo-test-2026-09,"{""filename"":""note_evid-0218.txt"",""gps_lat"":-33.3139,""gps_lon"":25.5288,""id"":""EVID-0218"",""parent_id"":""INSP-0018"",""parent_type"":""inspection"",""timestamp"":""2026-06-03T14:00:00Z"",""uploader_id"":""USER-0018""}"
LGR-0219,evidence,EVID-0219,create,2026-06-03T17:00:00Z,USER-0019,,eb75af814761eca83605ba86325044eaba585eb6d92e315f877ac6399702c40b,Qk88lSQjZ2MPsA8uDa1614dcv28QOvYJhNN4ez8lFfP0NmhnyJ1pNhLthxNoT4pT3X3eI0JHrPbC4Ch78clNCQ==,demo-test-2026-09,"{""filename"":""note_evid-0219.txt"",""gps_lat"":-33.3016,""gps_lon"":25.5399,""id"":""EVID-0219"",""parent_id"":""INSP-0019"",""parent_type"":""inspection"",""timestamp"":""2026-06-03T17:00:00Z"",""uploader_id"":""USER-0019""}"
LGR-0220,evidence,EVID-0220,create,2026-07-11T09:00:00Z,USER-0010,,4b88313cb48d4414975098703bc0d203109458be7066d4617aed946353c69f7a,LnxIIMkT9+qoKLZ5fczfBy3Bw/zj9Qox/1+ULNs1T2nOK1ja6G/6lz/GOoOia/JWg2MmeCcVf1EzpCzE+1KiAw==,demo-test-2026-09,"{""filename"":""note_evid-0220.txt"",""gps_lat"":-33.2893,""gps_lon"":25.4844,""id"":""EVID-0220"",""parent_id"":""INC-0010"",""parent_type"":""incident"",""timestamp"":""2026-07-11T09:00:00Z"",""uploader_id"":""USER-0010""}"
LGR-0221,evidence,EVID-0221,create,2026-06-03T23:00:00Z,USER-0001,,e5be2a1f522165fd7a0dad42d829fffdfd84b897f740a726e30f070b7625cddf,lRApv1l11AHVnJwTNImGpCKuuGoxRfWf8hJADBvleqXnUvwNJNbDAa93/uWnazg6Jt/2JvMhy/YVOx4DwbU4AQ==,demo-test-2026-09,"{""filename"":""note_evid-0221.txt"",""gps_lat"":-33.4,""gps_lon"":25.44,""id"":""EVID-0221"",""parent_id"":""INSP-0021"",""parent_type"":""inspection"",""timestamp"":""2026-06-03T23:00:00Z"",""uploader_id"":""USER-0001""}"
LGR-0222,evidence,EVID-0222,create,2026-06-04T02:00:00Z,USER-0002,,dabbe40bdca3842eb6e817eaed65f499b8384df747733425ccafc8228b1a3534,WOQA0eVSM/MqP93YS16G1F4rAMciK/M700bXSrTOD+33G5A7smITEGBLVwX9Q57piF0ywM3wRUAwtwrLVs5WDg==,demo-test-2026-09,"{""filename"":""note_evid-0222.txt"",""gps_lat"":-33.3877,""gps_lon"":25.44,""id"":""EVID-0222"",""parent_id"":""INSP-0022"",""parent_type"":""inspection"",""timestamp"":""2026-06-04T02:00:00Z"",""uploader_id"":""USER-0002""}"
LGR-0223,evidence,EVID-0223,create,2026-06-04T05:00:00Z,USER-0003,,3af71dc36fc63002b90e16a291cc35ea4a33b6dbf5b544b6b7b232c77ecbc360,raKvVrn4oVXgDjXxl9F9+uBCRGU9KQxEfKlITMy3hlNxOnqLe1rjTM/75H8O4mmkIxsKyLDXyWzMcuqWx6alDg==,demo-test-2026-09,"{""filename"":""note_evid-0223.txt"",""gps_lat"":-33.3754,""gps_lon"":25.4511,""id"":""EVID-0223"",""parent_id"":""INSP-0023"",""parent_type"":""inspection"",""timestamp"":""2026-06-04T05:00:00Z"",""uploader_id"":""USER-0003""}"
LGR-0224,evidence,EVID-0224,create,2026-06-04T08:00:00Z,USER-0004,,60a86bdf5e14d5d6194156390193e0e35ccd7dc6a7ef7600c44fd4242c6e3dd3,xkedqcG/soydrXU3kKA0574/13WcAzXS+NzJ0yZDRxiUJ+ZJas9/YcX494gX9ekFFl+orNsXrxC2yoX31qhXBg==,demo-test-2026-09,"{""filename"":""note_evid-0224.txt"",""gps_lat"":-33.3631,""gps_lon"":25.4511,""id"":""EVID-0224"",""parent_id"":""INSP-0024"",""parent_type"":""inspection"",""timestamp"":""2026-06-04T08:00:00Z"",""uploader_id"":""USER-0004""}"
LGR-0225,evidence,EVID-0225,create,2026-07-16T09:00:00Z,USER-0015,,5f22ffc35b2c460c457895a24e170ff2ac1b2bd84f18fb3027a001ef3a2f1c4a,zqQP+U77JCjWXjKIgDiBxIO/DEJ1kQ8NUDKi+xXkUDW/6AMClEAyZ6BIsb9iJOAwQBH/SdLe1n5A5gI8o27rCg==,demo-test-2026-09,"{""filename"":""note_evid-0225.txt"",""gps_lat"":-33.3508,""gps_lon"":25.5177,""id"":""EVID-0225"",""parent_id"":""INC-0015"",""parent_type"":""incident"",""timestamp"":""2026-07-16T09:00:00Z"",""uploader_id"":""USER-0015""}"
LGR-0226,evidence,EVID-0226,create,2026-06-04T14:00:00Z,USER-0006,,c597d431b8ac80086093153a47ad3205bb38a6387ce1360d1faf100217307fda,MIC1O1xMHB6rhp5io6I9KvBq233OgwGEvJS2IWMdoFDlUBcSmkHHffT01ydzXkq2iFgyairaQz92ALWO696oAA==,demo-test-2026-09,"{""filename"":""note_evid-0226.txt"",""gps_lat"":-33.3385,""gps_lon"":25.4622,""id"":""EVID-0226"",""parent_id"":""INSP-0026"",""parent_type"":""inspection"",""timestamp"":""2026-06-04T14:00:00Z"",""uploader_id"":""USER-0006""}"
LGR-0227,evidence,EVID-0227,create,2026-06-04T17:00:00Z,USER-0007,,64bed648031593d4880455f0538576789b20dc34961da84ad546f7ea69cdbd5f,51E1TiSBr+Smu9kG1VwGXNRMjwxmDHC4j+1y0mjBUBKrnvKmO4qFf+y5KrYo807pC3a1250PF7/lMfg6IHXMDQ==,demo-test-2026-09,"{""filename"":""note_evid-0227.txt"",""gps_lat"":-33.3262,""gps_lon"":25.4733,""id"":""EVID-0227"",""parent_id"":""INSP-0027"",""parent_type"":""inspection"",""timestamp"":""2026-06-04T17:00:00Z"",""uploader_id"":""USER-0007""}"
LGR-0228,evidence,EVID-0228,create,2026-06-04T20:00:00Z,USER-0008,,1c4b80b8ac89c310435a301767ee1cc54a3665c4ac7b96a1731e7b563898d4d3,SGMOKyr82m1CVECPO3x1gkoUBB2B5cMfVVNcGQKZJwjNhk2jbP2g0UZ4a2jkn9OZPeIbGcygACOt3J7uQ5ZqDw==,demo-test-2026-09,"{""filename"":""note_evid-0228.txt"",""gps_lat"":-33.3139,""gps_lon"":25.4733,""id"":""EVID-0228"",""parent_id"":""INSP-0028"",""parent_type"":""inspection"",""timestamp"":""2026-06-04T20:00:00Z"",""uploader_id"":""USER-0008""}"
LGR-0229,evidence,EVID-0229,create,2026-06-04T23:00:00Z,USER-0009,,bace26776164f14da18f7dc53030447080854d1906ef197f1ac204d00d353add,3xQfPNCkcLBAqDsfSLqvFzYR9ttio8gNZiCXV8yEMFoIJXDNeQLXDIK2npL8cOAXqLdqPRPoX9AuoeHRh7rXAQ==,demo-test-2026-09,"{""filename"":""note_evid-0229.txt"",""gps_lat"":-33.3016,""gps_lon"":25.4844,""id"":""EVID-0229"",""parent_id"":""INSP-0029"",""parent_type"":""inspection"",""timestamp"":""2026-06-04T23:00:00Z"",""uploader_id"":""USER-0009""}"
LGR-0230,evidence,EVID-0230,create,2026-07-21T09:00:00Z,USER-0020,,dfc91f27215b9c21eb0b94ebf09f9371ca6cacca592e7ff9ea6eab79952de018,tfaLKuSLAGZ3o+XoOLBpZKouz4saJVYMOMCKAVh3/gFbFTB7HY0Lspmeitow4W1ahU1sHPA2YzlEwqlaaycaAA==,demo-test-2026-09,"{""filename"":""note_evid-0230.txt"",""gps_lat"":-33.2893,""gps_lon"":25.5399,""id"":""EVID-0230"",""parent_id"":""INC-0020"",""parent_type"":""incident"",""timestamp"":""2026-07-21T09:00:00Z"",""uploader_id"":""USER-0020""}"
LGR-0231,evidence,EVID-0231,create,2026-06-05T05:00:00Z,USER-0011,,65ba33862014651a6de5c0f36cea3f0c33c925fd2aa66b0d20d61ec006dd7fdb,3kokptJKU/mFrAUFlAvw4ZG99DBC8X6jMIBzVK6PjsTiUZQyDAPNkQcim0RyeT4t76GCHO8PPEfz9qh7Mz5PBw==,demo-test-2026-09,"{""filename"":""note_evid-0231.txt"",""gps_lat"":-33.4,""gps_lon"":25.4955,""id"":""EVID-0231"",""parent_id"":""INSP-0031"",""parent_type"":""inspection"",""timestamp"":""2026-06-05T05:00:00Z"",""uploader_id"":""USER-0011""}"
LGR-0232,evidence,EVID-0232,create,2026-06-05T08:00:00Z,USER-0012,,0dd1d0f217370d680c4e24646b870fc5e0561685e8813702544c979c42737187,0iYJAtN+3JANCj2C4mfrX1GtihISn6PuXXr0725vwrjHcEEKaiuFMZcqLuwB4WuESpTChShhluf/qPhBkz9SAQ==,demo-test-2026-09,"{""filename"":""note_evid-0232.txt"",""gps_lat"":-33.3877,""gps_lon"":25.4955,""id"":""EVID-0232"",""parent_id"":""INSP-0032"",""parent_type"":""inspection"",""timestamp"":""2026-06-05T08:00:00Z"",""uploader_id"":""USER-0012""}"
LGR-0233,evidence,EVID-0233,create,2026-06-05T11:00:00Z,USER-0013,,8a1f3e7d9767aba0ca19b85c6ec88f563425e21b4768a41c04face25bb96df19,9/DDdiMIL3FKgT8o9iDfdo0M/9GBxA4wxLYq9wOPemnMUmAznEyJcAqHl8K4ebcZusb/d7qOXOIfnc1m6hZ5AA==,demo-test-2026-09,"{""filename"":""note_evid-0233.txt"",""gps_lat"":-33.3754,""gps_lon"":25.5066,""id"":""EVID-0233"",""parent_id"":""INSP-0033"",""parent_type"":""inspection"",""timestamp"":""2026-06-05T11:00:00Z"",""uploader_id"":""USER-0013""}"
LGR-0234,evidence,EVID-0234,create,2026-06-05T14:00:00Z,USER-0014,,75b707b520fed6396bbe651757cbd62b9076ac75a34e73dd240dcfba50c2e7a5,BtpFEF0g6MlMor2tq+8wCj/mwoFGDscsKkTdc7LEhctKZaoAOypPmKbDmzVxReTn5zy2m38vk3hjW7Xpafg8Dw==,demo-test-2026-09,"{""filename"":""note_evid-0234.txt"",""gps_lat"":-33.3631,""gps_lon"":25.5066,""id"":""EVID-0234"",""parent_id"":""INSP-0034"",""parent_type"":""inspection"",""timestamp"":""2026-06-05T14:00:00Z"",""uploader_id"":""USER-0014""}"
LGR-0235,evidence,EVID-0235,create,2026-07-26T09:00:00Z,USER-0005,,1729b1bddef325b4b28b7063d6449092e8b97ca03584529243d2b8e866b0eead,oXh+wc+qEVqbRU1MH+b4/kXQZhu8Dh3PdeNUoUf8Zoe468YBlEx8Z3P0bbE49mJZ7k5Z3afeaZHh7j+stO8ZCA==,demo-test-2026-09,"{""filename"":""note_evid-0235.txt"",""gps_lat"":-33.3508,""gps_lon"":25.4622,""id"":""EVID-0235"",""parent_id"":""INC-0025"",""parent_type"":""incident"",""timestamp"":""2026-07-26T09:00:00Z"",""uploader_id"":""USER-0005""}"
LGR-0236,evidence,EVID-0236,create,2026-06-05T20:00:00Z,USER-0016,,4bfa64ac94d21391ec4eb3319ba2e3c631ae67b1d3bbfc6804f8b91798db8bb9,sbYI0v4R3YxSgzMU+bJ4afx8HjTZouYa3JpMh30toIUKolB4hhedNeruR9Iq6GnTAqlQ5lW5WgQEOJzaeZa+BQ==,demo-test-2026-09,"{""filename"":""note_evid-0236.txt"",""gps_lat"":-33.3385,""gps_lon"":25.5177,""id"":""EVID-0236"",""parent_id"":""INSP-0036"",""parent_type"":""inspection"",""timestamp"":""2026-06-05T20:00:00Z"",""uploader_id"":""USER-0016""}"
LGR-0237,evidence,EVID-0237,create,2026-06-05T23:00:00Z,USER-0017,,0a26b979c7f1d85116ae49c94025ba67414a55da6f5433bcf800a578df75789a,G5vKr29JdMSLoJu363nPeGshuQjdSvT1ngC1JLGIDwL6oWujMOv2hImLswOs6cUWnxPt5BWTLoXtoKq2/7XjAQ==,demo-test-2026-09,"{""filename"":""note_evid-0237.txt"",""gps_lat"":-33.3262,""gps_lon"":25.5288,""id"":""EVID-0237"",""parent_id"":""INSP-0037"",""parent_type"":""inspection"",""timestamp"":""2026-06-05T23:00:00Z"",""uploader_id"":""USER-0017""}"
LGR-0238,evidence,EVID-0238,create,2026-06-06T02:00:00Z,USER-0018,,ac693220daa83a3f98304c4592ba3dcbe2c9b0c26e9672d35e72a4fd399e1cec,/VF35PlN8B8N1AWt/Io/hlniDlNwdT0ee5u2Xrl3gkmYz57xRWpxFe72UgcdO2eddwmva5cXmDloWCoLZTEhAQ==,demo-test-2026-09,"{""filename"":""note_evid-0238.txt"",""gps_lat"":-33.3139,""gps_lon"":25.5288,""id"":""EVID-0238"",""parent_id"":""INSP-0038"",""parent_type"":""inspection"",""timestamp"":""2026-06-06T02:00:00Z"",""uploader_id"":""USER-0018""}"
LGR-0239,evidence,EVID-0239,create,2026-06-06T05:00:00Z,USER-0019,,830291b4b704b45e9c7cc7b1218865e2082cfc4de3510e2ddc84f8196b6331ed,U95DULojnhJ0oRjcY/8Ff9Boqq822OBGF5bVd8luuuf/2g3YODSkUu1dh6wtbNxSH2CKoHCJqKmH7AH91gxDCQ==,demo-test-2026-09,"{""filename"":""note_evid-0239.txt"",""gps_lat"":-33.3016,""gps_lon"":25.5399,""id"":""EVID-0239"",""parent_id"":""INSP-0039"",""parent_type"":""inspection"",""timestamp"":""2026-06-06T05:00:00Z"",""uploader_id"":""USER-0019""}"
LGR-0240,evidence,EVID-0240,create,2026-07-31T09:00:00Z,USER-0010,,337d2180557300793990dc7b4e38c26f9521c8b7971d8fc01807bb75d38c02e0,7pnyu9jFlAVP7zPzvjTWvrsGaKIv0Gy4Iq9bAbBJDUPbG0TX1GVsAp0LP5hONOpGWe+AnouCzNDi4XduIUPZBg==,demo-test-2026-09,"{""filename"":""note_evid-0240.txt"",""gps_lat"":-33.2893,""gps_lon"":25.4844,""id"":""EVID-0240"",""parent_id"":""INC-0030"",""parent_type"":""incident"",""timestamp"":""2026-07-31T09:00:00Z"",""uploader_id"":""USER-0010""}"
LGR-0241,evidence,EVID-0241,create,2026-06-06T11:00:00Z,USER-0001,,9b93f7f01f9c45cd1a28630adc3c7edfe1c831ea3ef32f5cce1621b4ebe1f930,/pe3REZB2zbYW6hLnZuREPud46Chb/iaKpNlQEEhJa671hydL1HQ5t+p5nbOiVnSbjmSTXVQZTzjkGX+ToYKCw==,demo-test-2026-09,"{""filename"":""note_evid-0241.txt"",""gps_lat"":-33.4,""gps_lon"":25.44,""id"":""EVID-0241"",""parent_id"":""INSP-0041"",""parent_type"":""inspection"",""timestamp"":""2026-06-06T11:00:00Z"",""uploader_id"":""USER-0001""}"
LGR-0242,evidence,EVID-0242,create,2026-06-06T14:00:00Z,USER-0002,,b089a2f3f027c56757dc3cfbf4bd40fdf7184a6c534dfefaaac532234a03b392,Q5f/WEmND03pSB3RqUzbIpRlOF63svMswam5cwPPTl2dAa/Y9aV8BK1XQZ3dRs/D4eP9VY/IgOYXzws55yVKCA==,demo-test-2026-09,"{""filename"":""note_evid-0242.txt"",""gps_lat"":-33.3877,""gps_lon"":25.44,""id"":""EVID-0242"",""parent_id"":""INSP-0042"",""parent_type"":""inspection"",""timestamp"":""2026-06-06T14:00:00Z"",""uploader_id"":""USER-0002""}"
LGR-0243,evidence,EVID-0243,create,2026-06-06T17:00:00Z,USER-0003,,d143dee3924f0ad437c762858858d85c8c7248760ae518f5a4a607cf0dbd450e,BiR2RreGr0R2CouhvMdDAkeZKRiqu+PhgZ4sG6mOw5Q9sU/ZG1Iir6FoYUTjzG401c31d94UVPnXX+5D6sEfCw==,demo-test-2026-09,"{""filename"":""note_evid-0243.txt"",""gps_lat"":-33.3754,""gps_lon"":25.4511,""id"":""EVID-0243"",""parent_id"":""INSP-0043"",""parent_type"":""inspection"",""timestamp"":""2026-06-06T17:00:00Z"",""uploader_id"":""USER-0003""}"
LGR-0244,evidence,EVID-0244,create,2026-06-06T20:00:00Z,USER-0004,,bbe1a60597d1feeeca7602c597fa5a5e0071148c3d8f38d50e6a83941831a86c,7HtpkJ6AXx0KQyOms38wArFFXHJJP/ZKrZjvy6MVmdWDNuUYzySq/+ZL0IxiCLwUG/wf4kFD/Yd8aMT/rdCHAg==,demo-test-2026-09,"{""filename"":""note_evid-0244.txt"",""gps_lat"":-33.3631,""gps_lon"":25.4511,""id"":""EVID-0244"",""parent_id"":""INSP-0044"",""parent_type"":""inspection"",""timestamp"":""2026-06-06T20:00:00Z"",""uploader_id"":""USER-0004""}"
LGR-0245,evidence,EVID-0245,create,2026-07-06T09:00:00Z,USER-0005,,6d7f25561b5a3c303d88b4f24aaa7cb45a48196801ed2037d0771b231f6286aa,saE+3dx/DPKKLg0xAy2tl94IIsxvEeKaKGQf15OqlvfZ6VccIsoWpkBihkSd3vDxVLI2wQPiicu4rmHRxg0pDw==,demo-test-2026-09,"{""filename"":""note_evid-0245.txt"",""gps_lat"":-33.3508,""gps_lon"":25.4622,""id"":""EVID-0245"",""parent_id"":""INC-0005"",""parent_type"":""incident"",""timestamp"":""2026-07-06T09:00:00Z"",""uploader_id"":""USER-0005""}"
LGR-0246,evidence,EVID-0246,create,2026-06-07T02:00:00Z,USER-0006,,8aed086424746329642eab782b44df253768657d48b7b86cb3d27fba81a7f819,6Vvcp0HJ8pDiE3TLJNQWT7ndYK8JJDBiPjIZ7LhDnyjBlNM5K0sZAfCZ3k0AyGAxUM+DEX+LH7ehkI7xwT4ABw==,demo-test-2026-09,"{""filename"":""note_evid-0246.txt"",""gps_lat"":-33.3385,""gps_lon"":25.4622,""id"":""EVID-0246"",""parent_id"":""INSP-0046"",""parent_type"":""inspection"",""timestamp"":""2026-06-07T02:00:00Z"",""uploader_id"":""USER-0006""}"
LGR-0247,evidence,EVID-0247,create,2026-06-07T05:00:00Z,USER-0007,,205704c4b44562fb87ded2a876ad4f6c65fdeae94fa0059909990399a25a9c3f,zKPRPLupm2j8+qshxFbOkBdupyI/op3QvvTJnozaICZ7eA6671jbQi5l7lkl/X+jmJKVmgx/GJKDGD9OJqWKBg==,demo-test-2026-09,"{""filename"":""note_evid-0247.txt"",""gps_lat"":-33.3262,""gps_lon"":25.4733,""id"":""EVID-0247"",""parent_id"":""INSP-0047"",""parent_type"":""inspection"",""timestamp"":""2026-06-07T05:00:00Z"",""uploader_id"":""USER-0007""}"
LGR-0248,evidence,EVID-0248,create,2026-06-07T08:00:00Z,USER-0008,,d7c9a16c818631e9996a741483c35e1145944293ff7133ef290554826cc25335,qEds+aOrf62AuRmwyGVaTYuPSU5X5Adjy9x1psXBfBF7vlMvJXgqYelH439KGKuElTQ2e5U4GiYqMMIaniveBA==,demo-test-2026-09,"{""filename"":""note_evid-0248.txt"",""gps_lat"":-33.3139,""gps_lon"":25.4733,""id"":""EVID-0248"",""parent_id"":""INSP-0048"",""parent_type"":""inspection"",""timestamp"":""2026-06-07T08:00:00Z"",""uploader_id"":""USER-0008""}"
LGR-0249,evidence,EVID-0249,create,2026-06-07T11:00:00Z,USER-0009,,98c08b249192d63fb4c8d1b27b87e8c9b00ea9c5cfc517d1ece92050b1e45930,fjOkA7Ei2GC+iovfBknWq8ktXA301dKvNjthlRp2FmtuVsX9lnJ7n2Mnfyt+TfQ/60L+H17Cikxpu/EiNmG4Bg==,demo-test-2026-09,"{""filename"":""note_evid-0249.txt"",""gps_lat"":-33.3016,""gps_lon"":25.4844,""id"":""EVID-0249"",""parent_id"":""INSP-0049"",""parent_type"":""inspection"",""timestamp"":""2026-06-07T11:00:00Z"",""uploader_id"":""USER-0009""}"
LGR-0250,evidence,EVID-0250,create,2026-07-11T09:00:00Z,USER-0010,,b6fa79b22cd211a4f2e2e57275d18c9f6a3935f8daa16865af102fb165236287,0j+kK49iYAdGmm44N3sgUpEdm/f4yyGKcyNFE/2tKeIAtJDALgwjZtcdSzeXHQvizZBRa3GhaLk2NzIUY3RCDw==,demo-test-2026-09,"{""filename"":""note_evid-0250.txt"",""gps_lat"":-33.2893,""gps_lon"":25.4844,""id"":""EVID-0250"",""parent_id"":""INC-0010"",""parent_type"":""incident"",""timestamp"":""2026-07-11T09:00:00Z"",""uploader_id"":""USER-0010""}"
LGR-0251,evidence,EVID-0251,create,2026-06-07T17:00:00Z,USER-0011,,48153f53b1893f2dc2068251b6d69cb2cbf2df2f63a6ea95032a85416b6b5153,7XprCGXBb/RYZ2Nx8M5wwklsO5+JUTd1Uc0rNeUu+CgMXoFLDk3viDVbLq8XmtWesg9ceU2WuAqoZC1BMAeoAg==,demo-test-2026-09,"{""filename"":""note_evid-0251.txt"",""gps_lat"":-33.4,""gps_lon"":25.44,""id"":""EVID-0251"",""parent_id"":""INSP-0051"",""parent_type"":""inspection"",""timestamp"":""2026-06-07T17:00:00Z"",""uploader_id"":""USER-0011""}"
LGR-0252,evidence,EVID-0252,create,2026-06-07T20:00:00Z,USER-0012,,e7a497fb50b96f799fe1781d0cd543a906bc3d15b048f111b1af995c57c7e3fe,6uuyTtFqJpN+qzh6NM2f4ym92HQcAp9Xa5SwYbAFxis1uDwwXlnG4YDTdpvuAufi/NhgCCP5E30kSLgOTiTNAQ==,demo-test-2026-09,"{""filename"":""note_evid-0252.txt"",""gps_lat"":-33.3877,""gps_lon"":25.44,""id"":""EVID-0252"",""parent_id"":""INSP-0052"",""parent_type"":""inspection"",""timestamp"":""2026-06-07T20:00:00Z"",""uploader_id"":""USER-0012""}"
LGR-0253,evidence,EVID-0253,create,2026-06-07T23:00:00Z,USER-0013,,355ba47211b0800d32140f54846db9ad9e613735f13e5a7eb68033f0fc050fa6,N+xTKVZaDaqCJE8QtMMRwQ9J5/cata6/DO5nZIF8L6lj+v54mO1veY36EOrwlCyC813EsM29jOtaLZyUUaGpDA==,demo-test-2026-09,"{""filename"":""note_evid-0253.txt"",""gps_lat"":-33.3754,""gps_lon"":25.4511,""id"":""EVID-0253"",""parent_id"":""INSP-0053"",""parent_type"":""inspection"",""timestamp"":""2026-06-07T23:00:00Z"",""uploader_id"":""USER-0013""}"
LGR-0254,evidence,EVID-0254,create,2026-06-08T02:00:00Z,USER-0014,,5285ce208449a5559aa9a4b2c2a438cc0330f5b6eb78aae2bfed376d05050bd5,TLRc21Bqn8MywI/430i7DlVr8FeQN96HoMXEfj70Uc3d0OBvnO7OBAFnN0uYdRC6Eol7Qipu/T9dTSwzyhhjDg==,demo-test-2026-09,"{""filename"":""note_evid-0254.txt"",""gps_lat"":-33.3631,""gps_lon"":25.4511,""id"":""EVID-0254"",""parent_id"":""INSP-0054"",""parent_type"":""inspection"",""timestamp"":""2026-06-08T02:00:00Z"",""uploader_id"":""USER-0014""}"
LGR-0255,evidence,EVID-0255,create,2026-07-16T09:00:00Z,USER-0015,,8930ad417ac1408edb03522c6e28453ae153c3c21a7b65be08f82412e6728782,FIgh5J7azbvOepEYCCw4BKQ9aPo8wLcA9gMWjUHnvb65BPbGx5hZyKatdPkHbYy/CVPFQ+fY5duJ3KukoP0VCQ==,demo-test-2026-09,"{""filename"":""note_evid-0255.txt"",""gps_lat"":-33.3508,""gps_lon"":25.5177,""id"":""EVID-0255"",""parent_id"":""INC-0015"",""parent_type"":""incident"",""timestamp"":""2026-07-16T09:00:00Z"",""uploader_id"":""USER-0015""}"
LGR-0256,evidence,EVID-0256,create,2026-06-08T08:00:00Z,USER-0016,,8ec285f92a764c31b65e847562a74de5f3660c43dddddd093cc4b1fc9de566c3,CDt8l9v/cxJ5JDKYeysSd6bNlGHCgwBDNG7rBkAvNHtZ8mG4JhSSTQpIKOLtPs1iS+9tr2i1Hc1EszXvQ2FODA==,demo-test-2026-09,"{""filename"":""note_evid-0256.txt"",""gps_lat"":-33.3385,""gps_lon"":25.4622,""id"":""EVID-0256"",""parent_id"":""INSP-0056"",""parent_type"":""inspection"",""timestamp"":""2026-06-08T08:00:00Z"",""uploader_id"":""USER-0016""}"
LGR-0257,evidence,EVID-0257,create,2026-06-08T11:00:00Z,USER-0017,,93ed554fc2bd41d8203f82bd50781663a6a7008f3e3fa05d5100cd356259256f,xvcU98hROgFQXpbmuOlUSTZtc7nz50o0mX/8dmx3iQxYRXJ3D57IfhFC5RdN6I30G+2zOdv+fJAXG/5oeveYAg==,demo-test-2026-09,"{""filename"":""note_evid-0257.txt"",""gps_lat"":-33.3262,""gps_lon"":25.4733,""id"":""EVID-0257"",""parent_id"":""INSP-0057"",""parent_type"":""inspection"",""timestamp"":""2026-06-08T11:00:00Z"",""uploader_id"":""USER-0017""}"
LGR-0258,evidence,EVID-0258,create,2026-06-08T14:00:00Z,USER-0018,,f69a277f696de93eac879a15e4c5f933cd27c4937f37efff2188a490d556b6b1,G2RFfcSu5fqaRJLVHnvYNbyftH8CFut11seup2aYQRs1WIghtyLDZMpVK1qSmdJ+9xzXUEfNLj8Ndn0o22S1Cw==,demo-test-2026-09,"{""filename"":""note_evid-0258.txt"",""gps_lat"":-33.3139,""gps_lon"":25.4733,""id"":""EVID-0258"",""parent_id"":""INSP-0058"",""parent_type"":""inspection"",""timestamp"":""2026-06-08T14:00:00Z"",""uploader_id"":""USER-0018""}"
LGR-0259,evidence,EVID-0259,create,2026-06-08T17:00:00Z,USER-0019,,191f9560d7a2514a56c55d8cce4d758d10f6a5fd4e143b4186ccbfb09241a4c3,70uJy/MzNhe8QojShRHw6bfVz9TBGyJjwfdLE/VnA3pEG9Q1TXkZfQ0uIWcm+lDCoUJhjWwpzUOlguq1c5iDCg==,demo-test-2026-09,"{""filename"":""note_evid-0259.txt"",""gps_lat"":-33.3016,""gps_lon"":25.4844,""id"":""EVID-0259"",""parent_id"":""INSP-0059"",""parent_type"":""inspection"",""timestamp"":""2026-06-08T17:00:00Z"",""uploader_id"":""USER-0019""}"
LGR-0260,evidence,EVID-0260,create,2026-07-21T09:00:00Z,USER-0020,,4606839a7c07bc4e950ca5cd27b2b09e87a715f724c8a9828f88ad33f0532e2c,IiQRkx+wI7F2k+0T4mn3j77eHDXH2DmK0z5Z+kFzmrMX8UvJZ24clVkhybEXKjUILobiUZwJHwGuiwl2+1/TCA==,demo-test-2026-09,"{""filename"":""note_evid-0260.txt"",""gps_lat"":-33.2893,""gps_lon"":25.5399,""id"":""EVID-0260"",""parent_id"":""INC-0020"",""parent_type"":""incident"",""timestamp"":""2026-07-21T09:00:00Z"",""uploader_id"":""USER-0020""}"
LGR-0261,evidence,EVID-0261,create,2026-06-08T23:00:00Z,USER-0001,,c52276b1528441f68e3cca5a2b1e6d86b5d73196f2f6fd42fc1c8b03de7509c8,HpVgl/k8+hfeTNt3FdqikwNJZljL07wtPyg+CJXsOQXzLCh7zqErKBlQvONqYOg5AUzZOagaphVFBxOC5/r1DQ==,demo-test-2026-09,"{""filename"":""note_evid-0261.txt"",""gps_lat"":-33.4,""gps_lon"":25.4955,""id"":""EVID-0261"",""parent_id"":""INSP-0061"",""parent_type"":""inspection"",""timestamp"":""2026-06-08T23:00:00Z"",""uploader_id"":""USER-0001""}"
LGR-0262,evidence,EVID-0262,create,2026-06-09T02:00:00Z,USER-0002,,fb6e1a133ac497174ae3589c5704ec268e54f390f8acaac69263685886242c19,NzAYUY3uFWIWfW+9a4FunKMIoIKqBO8OUKBKjlncfMuVyDPh7cBaG+E8Xkj8HMsSW5+vulRtP97mQUeeaBPRAg==,demo-test-2026-09,"{""filename"":""note_evid-0262.txt"",""gps_lat"":-33.3877,""gps_lon"":25.4955,""id"":""EVID-0262"",""parent_id"":""INSP-0062"",""parent_type"":""inspection"",""timestamp"":""2026-06-09T02:00:00Z"",""uploader_id"":""USER-0002""}"
LGR-0263,evidence,EVID-0263,create,2026-06-09T05:00:00Z,USER-0003,,df08a0853bc139d452ca16e63cd939f1ee529931274bb73a1daf0955b21d70aa,5mDcGL61bhpgzwB1rbn3BCouKnYPVYdngZLkdkZshnSUPGES0Vd1zcS3Ezkhtb8RWmz0tC3OwOfKMhJqGD3cCg==,demo-test-2026-09,"{""filename"":""note_evid-0263.txt"",""gps_lat"":-33.3754,""gps_lon"":25.5066,""id"":""EVID-0263"",""parent_id"":""INSP-0063"",""parent_type"":""inspection"",""timestamp"":""2026-06-09T05:00:00Z"",""uploader_id"":""USER-0003""}"
LGR-0264,evidence,EVID-0264,create,2026-06-09T08:00:00Z,USER-0004,,aaf1cdf8d523438c0d47409dadab0e883b0a7ed08339546744668ccd6c89a7e0,O+nRpYTz4fCh9SyoprkuZFtQgA2nyH5GCYOyKh/hgDJrBT1BzprRLWvf3BC0OFUlxDVGgdYrwyB22dfE1bp2Aw==,demo-test-2026-09,"{""filename"":""note_evid-0264.txt"",""gps_lat"":-33.3631,""gps_lon"":25.5066,""id"":""EVID-0264"",""parent_id"":""INSP-0064"",""parent_type"":""inspection"",""timestamp"":""2026-06-09T08:00:00Z"",""uploader_id"":""USER-0004""}"
LGR-0265,evidence,EVID-0265,create,2026-07-26T09:00:00Z,USER-0005,,2f6464596fd8fd7c2287a90bff4e4ff647dbfc32490afd269f25c2b400206721,t3sCUgEa/zN5e5cT2YeviB+K3a5JDcK6mJHXNFd3UP630KdCAPwtUzadBZ4IQ4u7F55+NNRqxdq0Ky5Syn7JDQ==,demo-test-2026-09,"{""filename"":""note_evid-0265.txt"",""gps_lat"":-33.3508,""gps_lon"":25.4622,""id"":""EVID-0265"",""parent_id"":""INC-0025"",""parent_type"":""incident"",""timestamp"":""2026-07-26T09:00:00Z"",""uploader_id"":""USER-0005""}"
LGR-0266,evidence,EVID-0266,create,2026-06-09T14:00:00Z,USER-0006,,2d5cacc7a780dcd9fbf430a6291fdd23cea068ca35bc19aa04bc4a398ab60b16,nCj8KvS67M9VVkaj/PPL06FzyGxarnhq4Ai0/koM49fPmhY0Gdexie55KNxeMfv1TaGpL1pJDZlwpqFGRR4zCQ==,demo-test-2026-09,"{""filename"":""note_evid-0266.txt"",""gps_lat"":-33.3385,""gps_lon"":25.5177,""id"":""EVID-0266"",""parent_id"":""INSP-0066"",""parent_type"":""inspection"",""timestamp"":""2026-06-09T14:00:00Z"",""uploader_id"":""USER-0006""}"
LGR-0267,evidence,EVID-0267,create,2026-06-09T17:00:00Z,USER-0007,,33130ca7eec689562faa738171dd160e490c9c181a1f67f1e3a30f673a751a30,w0OKSyEkeLJxEhIS/BWpsA0ow+z3YTxAPoj0R2UHGFOYrz2YSlQ/k/T0b9OWlbQ3jhN4Mk/MaqlIux6YgW87BQ==,demo-test-2026-09,"{""filename"":""note_evid-0267.txt"",""gps_lat"":-33.3262,""gps_lon"":25.5288,""id"":""EVID-0267"",""parent_id"":""INSP-0067"",""parent_type"":""inspection"",""timestamp"":""2026-06-09T17:00:00Z"",""uploader_id"":""USER-0007""}"
LGR-0268,evidence,EVID-0268,create,2026-06-09T20:00:00Z,USER-0008,,d0f2f662b4e71216c4e8a226503cf1067dbf992882777fb718c6f37a190a9d04,tah/kMud1K1ETmL9bepyKY51nNRPNAfZGBklcGZoIpseTOsjnw3yR5qont2LNU3hALYbMxt5M1aKwJoaOcXsAg==,demo-test-2026-09,"{""filename"":""note_evid-0268.txt"",""gps_lat"":-33.3139,""gps_lon"":25.5288,""id"":""EVID-0268"",""parent_id"":""INSP-0068"",""parent_type"":""inspection"",""timestamp"":""2026-06-09T20:00:00Z"",""uploader_id"":""USER-0008""}"
LGR-0269,evidence,EVID-0269,create,2026-06-09T23:00:00Z,USER-0009,,9cbc6215211dda44104709c8639329c1f5020ab4b1eb600006a56e937bca94c0,znoqLguw+w3jMb+K9Ugg2bXyQwsO66NWYNrgiokGB2d+75j5NUPqmOxqUkKV7aTS+/s+0vX1jMQNonrUK+PXAg==,demo-test-2026-09,"{""filename"":""note_evid-0269.txt"",""gps_lat"":-33.3016,""gps_lon"":25.5399,""id"":""EVID-0269"",""parent_id"":""INSP-0069"",""parent_type"":""inspection"",""timestamp"":""2026-06-09T23:00:00Z"",""uploader_id"":""USER-0009""}"
LGR-0270,evidence,EVID-0270,create,2026-07-31T09:00:00Z,USER-0010,,c30e6d0354f64daa58a92f890a421f09ee5bbdaaf0756c48885cbad0143a0e41,H5cWj/pefXWjHcBJE5flL38K7NLum2Oq47UZF7YQVGrRqxxtvIorwXaKS1vlke4B1sUCQeHfKQujk+i3Es3VCQ==,demo-test-2026-09,"{""filename"":""note_evid-0270.txt"",""gps_lat"":-33.2893,""gps_lon"":25.4844,""id"":""EVID-0270"",""parent_id"":""INC-0030"",""parent_type"":""incident"",""timestamp"":""2026-07-31T09:00:00Z"",""uploader_id"":""USER-0010""}"
LGR-0271,evidence,EVID-0271,create,2026-06-10T05:00:00Z,USER-0011,,7907dfd522edef24589f060e94fc57f347f385bc6f0c83726d8f14388199f012,/Ng8aS14wvkmLt+w6Q56OX1XZDZc1ySIm80mO9Nvs9gSXmpRvIe6vC7s/51R2HZ3JFrub5wk+Ipqn7vJm0esBg==,demo-test-2026-09,"{""filename"":""note_evid-0271.txt"",""gps_lat"":-33.4,""gps_lon"":25.44,""id"":""EVID-0271"",""parent_id"":""INSP-0071"",""parent_type"":""inspection"",""timestamp"":""2026-06-10T05:00:00Z"",""uploader_id"":""USER-0011""}"
LGR-0272,evidence,EVID-0272,create,2026-06-10T08:00:00Z,USER-0012,,0ac70bd6b5b0278b240a5250a00bb0cf8d52d5be52760100093e2615dd236f63,kxQuaFKcxKX+3Cj/tgwYjv3aRguHNFXz6XKqZ66IF68hz7rhwgz/HMbw10TCISPM1QPEui4PEJYI1EXI3dwrBg==,demo-test-2026-09,"{""filename"":""note_evid-0272.txt"",""gps_lat"":-33.3877,""gps_lon"":25.44,""id"":""EVID-0272"",""parent_id"":""INSP-0072"",""parent_type"":""inspection"",""timestamp"":""2026-06-10T08:00:00Z"",""uploader_id"":""USER-0012""}"
LGR-0273,evidence,EVID-0273,create,2026-06-10T11:00:00Z,USER-0013,,594a78ff85db8f8131d4bdaa05835889fd7cebd69a33c5b1bf59826ceb7dc36f,ezgUCoyftIvyNnIYlS24sFlsH7aDVqRtmCRr8B8LsCC0IXoZjrIZZLFgKLT8M4Srw8hiSRwRoYFhpvXw/WghBQ==,demo-test-2026-09,"{""filename"":""note_evid-0273.txt"",""gps_lat"":-33.3754,""gps_lon"":25.4511,""id"":""EVID-0273"",""parent_id"":""INSP-0073"",""parent_type"":""inspection"",""timestamp"":""2026-06-10T11:00:00Z"",""uploader_id"":""USER-0013""}"
LGR-0274,evidence,EVID-0274,create,2026-06-10T14:00:00Z,USER-0014,,940834d7f3f7d9f70a46b7f8d7ac4dc640672d8edf40892a6152e169414e2d4d,UVk2eZW3zZRN06b/bqU85ns2Z+jxRu7NFqL0Rak1o7A4pzJpTJJG7b4luD9aTmjueNy8SQZ6Q/RwBzKZPJHKDQ==,demo-test-2026-09,"{""filename"":""note_evid-0274.txt"",""gps_lat"":-33.3631,""gps_lon"":25.4511,""id"":""EVID-0274"",""parent_id"":""INSP-0074"",""parent_type"":""inspection"",""timestamp"":""2026-06-10T14:00:00Z"",""uploader_id"":""USER-0014""}"
LGR-0275,evidence,EVID-0275,create,2026-07-06T09:00:00Z,USER-0005,,e18c2246e212840dd73b395230be0d10247b7952dedbd344e97128d842648ff2,eeHGvwC8k0NGt03zkOL6/SjlGCgBOlMmlqlXCTReAPoYDvBMtzlX/flXJwA+msfAoZ93UTeALMDzwnhf7prpAw==,demo-test-2026-09,"{""filename"":""note_evid-0275.txt"",""gps_lat"":-33.3508,""gps_lon"":25.4622,""id"":""EVID-0275"",""parent_id"":""INC-0005"",""parent_type"":""incident"",""timestamp"":""2026-07-06T09:00:00Z"",""uploader_id"":""USER-0005""}"
LGR-0276,evidence,EVID-0276,create,2026-06-10T20:00:00Z,USER-0016,,8575027482bcbc5c3b5e32742fb312052320bb3820140b88281662c64f8cd97a,wMLIIaQ1Ff3UIqi4NDXQJFM4rqfrOLLxfdLKFcvMgSMrdG5xyVmXAu4SJWuFViuzVQyJI7Kz20zKdWnFQgXYAQ==,demo-test-2026-09,"{""filename"":""note_evid-0276.txt"",""gps_lat"":-33.3385,""gps_lon"":25.4622,""id"":""EVID-0276"",""parent_id"":""INSP-0076"",""parent_type"":""inspection"",""timestamp"":""2026-06-10T20:00:00Z"",""uploader_id"":""USER-0016""}"
LGR-0277,evidence,EVID-0277,create,2026-06-10T23:00:00Z,USER-0017,,f9e9afc2b5f484ee96e51578158137ce4757c37c1990dfd0623b78ab54af57ad,cAy5Rfqpypj6XneabgHkb90Rh5+n+IAZ0XNpSE2bdh9QVt1wjxfJwcbyAa1TmE9qOOAut1ksp3tdeEizEox3AA==,demo-test-2026-09,"{""filename"":""note_evid-0277.txt"",""gps_lat"":-33.3262,""gps_lon"":25.4733,""id"":""EVID-0277"",""parent_id"":""INSP-0077"",""parent_type"":""inspection"",""timestamp"":""2026-06-10T23:00:00Z"",""uploader_id"":""USER-0017""}"
LGR-0278,evidence,EVID-0278,create,2026-06-11T02:00:00Z,USER-0018,,b3a56468d568373baaa5183af9bd603e047a37f815b54619ec15dc536903dad6,r7pRaVbtXHE3WOC40yiLx7QQuRjEXYud50Dp+qNfh/J+eSx1k0o2wmChVFuUxnaS4qKil00A+UiF6rohlGNMDw==,demo-test-2026-09,"{""filename"":""note_evid-0278.txt"",""gps_lat"":-33.3139,""gps_lon"":25.4733,""id"":""EVID-0278"",""parent_id"":""INSP-0078"",""parent_type"":""inspection"",""timestamp"":""2026-06-11T02:00:00Z"",""uploader_id"":""USER-0018""}"
LGR-0279,evidence,EVID-0279,create,2026-06-11T05:00:00Z,USER-0019,,2e4b93330646e79bc1b127846955d9d3b5eb5a890d5aea6977a28c84553cd8ed,p40fCILpdTcy/oaKfTd1R/p8BIIjLHSnKSsSeDGKwlQ6SHe3T3Y7dKWREDKuCkpqUdVBr4ENFsOqaYsoXf8TCw==,demo-test-2026-09,"{""filename"":""note_evid-0279.txt"",""gps_lat"":-33.3016,""gps_lon"":25.4844,""id"":""EVID-0279"",""parent_id"":""INSP-0079"",""parent_type"":""inspection"",""timestamp"":""2026-06-11T05:00:00Z"",""uploader_id"":""USER-0019""}"
LGR-0280,evidence,EVID-0280,create,2026-07-11T09:00:00Z,USER-0010,,f765e67f2fb6daef674b889569f3c0fbd3d1db4ca013387a18bb65362b4419bb,d/xXzx8Jt1ptXZBJAdGtFK+/3Bqw121qbqY9o30gcb4dFyEE88MzCrN+db6EdwMoPZTFr36f7tPoq56bwMBmCg==,demo-test-2026-09,"{""filename"":""note_evid-0280.txt"",""gps_lat"":-33.2893,""gps_lon"":25.4844,""id"":""EVID-0280"",""parent_id"":""INC-0010"",""parent_type"":""incident"",""timestamp"":""2026-07-11T09:00:00Z"",""uploader_id"":""USER-0010""}"
LGR-0281,evidence,EVID-0281,create,2026-06-11T11:00:00Z,USER-0001,,7af6d11b01a518ed8ff7a1c926cbc782e97152fb6da293765136cd616f5cdac1,RUlXWr9vK8q3sbe0pPDvqpxx8GgTWGoFbTKPFccs1vNKWU2WuheIgPHL7xKlH4w7efvXPEsOsqUQO7QqTgnWDQ==,demo-test-2026-09,"{""filename"":""note_evid-0281.txt"",""gps_lat"":-33.4,""gps_lon"":25.4955,""id"":""EVID-0281"",""parent_id"":""INSP-0081"",""parent_type"":""inspection"",""timestamp"":""2026-06-11T11:00:00Z"",""uploader_id"":""USER-0001""}"
LGR-0282,evidence,EVID-0282,create,2026-06-11T14:00:00Z,USER-0002,,fdc3e932c4900a3ac932ddb01e199579cf13647be4bea98552fb9fdb53eb3e1d,GBh9uo6dEuORkrhqLtyM+A+5qy+pYmi2Gct6IhTM5J5uUlm1gL+oZ4071Wa6k8j/mu3M4cTN50kFs7VuSxhKDw==,demo-test-2026-09,"{""filename"":""note_evid-0282.txt"",""gps_lat"":-33.3877,""gps_lon"":25.4955,""id"":""EVID-0282"",""parent_id"":""INSP-0082"",""parent_type"":""inspection"",""timestamp"":""2026-06-11T14:00:00Z"",""uploader_id"":""USER-0002""}"
LGR-0283,evidence,EVID-0283,create,2026-06-11T17:00:00Z,USER-0003,,76d4d356c7b934010551e5bc62685e7e2a9c8a8a61b4980c49b59edff1513ec2,lF19kkrCVddJ1iQsdq1O9jsunFjudhfdLmr5HrMiAar596a4QT9M1fHyNA9JK+21CXKCpBcHO5anBMZ6Ty13Bg==,demo-test-2026-09,"{""filename"":""note_evid-0283.txt"",""gps_lat"":-33.3754,""gps_lon"":25.5066,""id"":""EVID-0283"",""parent_id"":""INSP-0083"",""parent_type"":""inspection"",""timestamp"":""2026-06-11T17:00:00Z"",""uploader_id"":""USER-0003""}"
LGR-0284,evidence,EVID-0284,create,2026-06-11T20:00:00Z,USER-0004,,e6bdd760868c617b565ac60dc74bc839863561481f2874b37e22bfd9d7a90a4c,LapZfu/4SAfrhxdbsYFG2scq9ZphTHqtX6n23GLyFmePfQT9OWhfrO3pQvCIbnUU8UI2Z2OUA8Pv6gVd+32iCA==,demo-test-2026-09,"{""filename"":""note_evid-0284.txt"",""gps_lat"":-33.3631,""gps_lon"":25.5066,""id"":""EVID-0284"",""parent_id"":""INSP-0084"",""parent_type"":""inspection"",""timestamp"":""2026-06-11T20:00:00Z"",""uploader_id"":""USER-0004""}"
LGR-0285,evidence,EVID-0285,create,2026-07-16T09:00:00Z,USER-0015,,14757895502c184b4a0d47d126491f28da33740a1fec57948fdd25f16e1246c8,aMSoVoVPbl1Fnv1btItsEuRUpnzNNvcJm0u+XnZxS+SEJ7af1HDU2dWpXI7UhWVwM0Nas95ahy8MCARW9o3kBw==,demo-test-2026-09,"{""filename"":""note_evid-0285.txt"",""gps_lat"":-33.3508,""gps_lon"":25.5177,""id"":""EVID-0285"",""parent_id"":""INC-0015"",""parent_type"":""incident"",""timestamp"":""2026-07-16T09:00:00Z"",""uploader_id"":""USER-0015""}"
LGR-0286,evidence,EVID-0286,create,2026-06-12T02:00:00Z,USER-0006,,60ae7a46f86793acbdec4c550a763802b98807f8a30ca87904fa3df926834962,sVo9OpS076YM2TdxsZKag5HyUyPT9s49IWDs4PtODqu/jgoI6dUWghxZHxqOzxSdJI3S7vIYPv2AiSVVWN3JCw==,demo-test-2026-09,"{""filename"":""note_evid-0286.txt"",""gps_lat"":-33.3385,""gps_lon"":25.5177,""id"":""EVID-0286"",""parent_id"":""INSP-0086"",""parent_type"":""inspection"",""timestamp"":""2026-06-12T02:00:00Z"",""uploader_id"":""USER-0006""}"
LGR-0287,evidence,EVID-0287,create,2026-06-12T05:00:00Z,USER-0007,,bdc975802292aed8902b95219e4bfa02378df140d3b89a5a04f61be2d47c9dbe,hWddRYJjCI/D/O+fi2C2wlWSwD/X/X0mN8/bJ44escICbERXwnz1iD+Z9EVv1S3kNIwSHLOAUxalIZ3bYNxgAA==,demo-test-2026-09,"{""filename"":""note_evid-0287.txt"",""gps_lat"":-33.3262,""gps_lon"":25.5288,""id"":""EVID-0287"",""parent_id"":""INSP-0087"",""parent_type"":""inspection"",""timestamp"":""2026-06-12T05:00:00Z"",""uploader_id"":""USER-0007""}"
LGR-0288,evidence,EVID-0288,create,2026-06-12T08:00:00Z,USER-0008,,355f719b25f31e1c6da88657b648d3e1f42b1c0a04389881a58454a740ef9e61,6X/hVLQzAPM44OokPuG5jqwjk/58Fs4S0sR0aaXoOuJIRRHL1tTmMQ2/Xt1g0aXH314Qxivy4v5pBc/h2/hjBg==,demo-test-2026-09,"{""filename"":""note_evid-0288.txt"",""gps_lat"":-33.3139,""gps_lon"":25.5288,""id"":""EVID-0288"",""parent_id"":""INSP-0088"",""parent_type"":""inspection"",""timestamp"":""2026-06-12T08:00:00Z"",""uploader_id"":""USER-0008""}"
LGR-0289,evidence,EVID-0289,create,2026-06-12T11:00:00Z,USER-0009,,da6232be91541cd15351c9dfe1c09024387ba0d29eadaa19d727895c68cd498e,ncVDs10TnIJ3l5EbdvE1JbZl6zEGPuEfCYKZYSFDNBpc/4h0RUiIoBZJiQJkclyEd0nyDMTAnIr9Jny404XpBw==,demo-test-2026-09,"{""filename"":""note_evid-0289.txt"",""gps_lat"":-33.3016,""gps_lon"":25.5399,""id"":""EVID-0289"",""parent_id"":""INSP-0089"",""parent_type"":""inspection"",""timestamp"":""2026-06-12T11:00:00Z"",""uploader_id"":""USER-0009""}"
LGR-0290,evidence,EVID-0290,create,2026-07-21T09:00:00Z,USER-0020,,2e97958bccde8235d6854e588debf6ad44a2b0132d0cb3e79de342810416e278,Rcht9CzUO46K3/gYJIoAORnCspXlqHY2mOGcnVu4mAN1VZeEi1l2N4Pq5yduuUOa+ll7FZ9DXH1sr674skdFAQ==,demo-test-2026-09,"{""filename"":""note_evid-0290.txt"",""gps_lat"":-33.2893,""gps_lon"":25.5399,""id"":""EVID-0290"",""parent_id"":""INC-0020"",""parent_type"":""incident"",""timestamp"":""2026-07-21T09:00:00Z"",""uploader_id"":""USER-0020""}"
LGR-0291,evidence,EVID-0291,create,2026-06-12T17:00:00Z,USER-0011,,4dd007549bae4fb54c79777151f34964762a89b7c7ea69e3641cf830770da343,TXQdbVjoEvDW3deb+kUlfZV3iUOIumQaviBWHbZdtI40uc2a0fdm4HUgpCy8nUXdjD+/NikA+VZ/d78WbxLWDg==,demo-test-2026-09,"{""filename"":""note_evid-0291.txt"",""gps_lat"":-33.4,""gps_lon"":25.44,""id"":""EVID-0291"",""parent_id"":""INSP-0091"",""parent_type"":""inspection"",""timestamp"":""2026-06-12T17:00:00Z"",""uploader_id"":""USER-0011""}"
LGR-0292,evidence,EVID-0292,create,2026-06-12T20:00:00Z,USER-0012,,533aa9ec0df4fb3d0ec8c72fc8eac003f4534b3cd0137b632a7efc9886f3ded0,GOyD5+ikdxFia3AJVLxdMU9U1o1caDFDBCM4Y7DRrpcZxJ86A5F6TpYzJm6/epVjDsNsO0gklU/ERCYHwbZtDQ==,demo-test-2026-09,"{""filename"":""note_evid-0292.txt"",""gps_lat"":-33.3877,""gps_lon"":25.44,""id"":""EVID-0292"",""parent_id"":""INSP-0092"",""parent_type"":""inspection"",""timestamp"":""2026-06-12T20:00:00Z"",""uploader_id"":""USER-0012""}"
LGR-0293,evidence,EVID-0293,create,2026-06-12T23:00:00Z,USER-0013,,3593457319942250722ed1fa05c20c09010cf96b4a55bedadd7d64d6be63e8e3,WQsvWd3hpJ5GsGjJKfxRbJQxDgecW9mede8JltJW/lFdXt80J3e1vkAfIol3hhcA/CjY+bBnvfHznq3fqbmXAw==,demo-test-2026-09,"{""filename"":""note_evid-0293.txt"",""gps_lat"":-33.3754,""gps_lon"":25.4511,""id"":""EVID-0293"",""parent_id"":""INSP-0093"",""parent_type"":""inspection"",""timestamp"":""2026-06-12T23:00:00Z"",""uploader_id"":""USER-0013""}"
LGR-0294,evidence,EVID-0294,create,2026-06-13T02:00:00Z,USER-0014,,7c38c559ee69ae21218b7bd03c09dc8d4c4874070013532fbfae9951aede5864,BDbdDTL5KHrl5XZOn1nSBuCo6nRhJ/04HqrMf5LEjv9Xs04mOjUhsa2ptuR1tzr1edLYGq3VadznC+JlNlbbDA==,demo-test-2026-09,"{""filename"":""note_evid-0294.txt"",""gps_lat"":-33.3631,""gps_lon"":25.4511,""id"":""EVID-0294"",""parent_id"":""INSP-0094"",""parent_type"":""inspection"",""timestamp"":""2026-06-13T02:00:00Z"",""uploader_id"":""USER-0014""}"
LGR-0295,evidence,EVID-0295,create,2026-07-26T09:00:00Z,USER-0005,,f40a1f40dfc61a8fbccf35ae5621f2b04fa4525e1de7d7dc2a13b7031cb2e917,pZKALPmA6SqACESapbQQd6EScJ2MfNVTjKZdk9JjkMp26mF4k8zudUgzJa7whivq/9LtM/4Sv+VBJViIIPq4Cw==,demo-test-2026-09,"{""filename"":""note_evid-0295.txt"",""gps_lat"":-33.3508,""gps_lon"":25.4622,""id"":""EVID-0295"",""parent_id"":""INC-0025"",""parent_type"":""incident"",""timestamp"":""2026-07-26T09:00:00Z"",""uploader_id"":""USER-0005""}"
LGR-0296,evidence,EVID-0296,create,2026-06-13T08:00:00Z,USER-0016,,d7479fd1ad6c8bd5dd24d71b95e7eafc11438df2b9f5fcf92f598fc1c4aad3f9,/crk0ciluUAcP+5R6Pe8ZcLhy/Nko4lv1ie0ty86iP5msOFxNk8DFYe53R6nAzUfWz0b+FzAX70tzASSVEktAQ==,demo-test-2026-09,"{""filename"":""note_evid-0296.txt"",""gps_lat"":-33.3385,""gps_lon"":25.4622,""id"":""EVID-0296"",""parent_id"":""INSP-0096"",""parent_type"":""inspection"",""timestamp"":""2026-06-13T08:00:00Z"",""uploader_id"":""USER-0016""}"
LGR-0297,evidence,EVID-0297,create,2026-06-13T11:00:00Z,USER-0017,,29035a1fd6cbc055eed9b2f5e4a99a617f1705022b727cd6244b31bc33d9ee51,CE4wL1N5uRsO3hsYxFzW0/NWrzc7lFgiGIWnVZoVqo6nmA966z8iGk7h2FwBxOg0IB5xDMk75QAAIZBODf5MCQ==,demo-test-2026-09,"{""filename"":""note_evid-0297.txt"",""gps_lat"":-33.3262,""gps_lon"":25.4733,""id"":""EVID-0297"",""parent_id"":""INSP-0097"",""parent_type"":""inspection"",""timestamp"":""2026-06-13T11:00:00Z"",""uploader_id"":""USER-0017""}"
LGR-0298,evidence,EVID-0298,create,2026-06-13T14:00:00Z,USER-0018,,8ba2831ec12b8810585401cd20a5cd08df1a6a0102fc7bb5e1e056987eb02e92,q3Gm7KSyZ9EvkoeFlvSbCykR5/2N21mZO8g3kJlzFZMYuaCSC1NjSAOev1LiAYeBDD4zTBSFNWDemnPQtkpXCw==,demo-test-2026-09,"{""filename"":""note_evid-0298.txt"",""gps_lat"":-33.3139,""gps_lon"":25.4733,""id"":""EVID-0298"",""parent_id"":""INSP-0098"",""parent_type"":""inspection"",""timestamp"":""2026-06-13T14:00:00Z"",""uploader_id"":""USER-0018""}"
LGR-0299,evidence,EVID-0299,create,2026-06-13T17:00:00Z,USER-0019,,b3d0f0a930e380299028422155f9ba0dae5b7b82118d60fcc94f13e6217b86ec,+/XiEOb1t6ETYQpKXQ8QcORcK2tO5xw0x+uK+j6xy26GGUUdBhkrySEN6Z+cb8B1nahZ+eDzlp30yFdy7KcHAw==,demo-test-2026-09,"{""filename"":""note_evid-0299.txt"",""gps_lat"":-33.3016,""gps_lon"":25.4844,""id"":""EVID-0299"",""parent_id"":""INSP-0099"",""parent_type"":""inspection"",""timestamp"":""2026-06-13T17:00:00Z"",""uploader_id"":""USER-0019""}"
LGR-0300,evidence,EVID-0300,create,2026-07-31T09:00:00Z,USER-0010,,2630315b1b7b7af07ddb4083697e09e07bba75f8f5b733b80881b4c9ec1d8c70,z9fXmsnQBDx8Uy0YoS9mjP4Chfr/3EUpGBs6GdUScSeaauHZuaAmhXibQFg2Qe8c+sPXUSr11EzFIlavlS06CA==,demo-test-2026-09,"{""filename"":""note_evid-0300.txt"",""gps_lat"":-33.2893,""gps_lon"":25.4844,""id"":""EVID-0300"",""parent_id"":""INC-0030"",""parent_type"":""incident"",""timestamp"":""2026-07-31T09:00:00Z"",""uploader_id"":""USER-0010""}"
LGR-0301,evidence,EVID-0301,create,2026-06-13T23:00:00Z,USER-0001,,ed00e33674a505b53ca906f26ae1f392234507f89c50d90aad4ea5d5c84b84dc,ajym2xqmFEhidgcKnir73KuBDcHte6H92MzsYogwE9OQivqjeNpX7XZuurehxAPde5hKOYI/Xvx/UIHNFLoWCQ==,demo-test-2026-09,"{""filename"":""note_evid-0301.txt"",""gps_lat"":-33.4,""gps_lon"":25.44,""id"":""EVID-0301"",""parent_id"":""INSP-0101"",""parent_type"":""inspection"",""timestamp"":""2026-06-13T23:00:00Z"",""uploader_id"":""USER-0001""}"
LGR-0302,evidence,EVID-0302,create,2026-06-14T02:00:00Z,USER-0002,,942b8110e448ce940df4b50eea24a98063a8f9b256ec21ce087f5b564c522da4,U/vtpR8rPQtZUBhd/c3jxTKveC95Z239PwPYW82xBcnwbclE7lFdt0IaLVOvWHvFuV2WQthOkQGjfI8SrsWuDg==,demo-test-2026-09,"{""filename"":""note_evid-0302.txt"",""gps_lat"":-33.3877,""gps_lon"":25.44,""id"":""EVID-0302"",""parent_id"":""INSP-0102"",""parent_type"":""inspection"",""timestamp"":""2026-06-14T02:00:00Z"",""uploader_id"":""USER-0002""}"
LGR-0303,evidence,EVID-0303,create,2026-06-14T05:00:00Z,USER-0003,,b13e77596416feef78b0d219fba5fd3d9cd7cc40663ee68ca4daf581ab84ea7a,fxtXoplBfaj89f8JzC5spDQmpoUQ5CJVBfeBQU6QsTuHeCysWPo36bwuWuH0sexPhnSawauGr54CmH24qnQQAQ==,demo-test-2026-09,"{""filename"":""note_evid-0303.txt"",""gps_lat"":-33.3754,""gps_lon"":25.4511,""id"":""EVID-0303"",""parent_id"":""INSP-0103"",""parent_type"":""inspection"",""timestamp"":""2026-06-14T05:00:00Z"",""uploader_id"":""USER-0003""}"
LGR-0304,evidence,EVID-0304,create,2026-06-14T08:00:00Z,USER-0004,,561be47f4888718e5ef9be88f75087eb80eb750c6793e16ccaba9d04659015d2,tTsGR6E5kHJFZx+IypYfXpjtj0ZOJuJTIXFT1b7aYc/F3TMxIedPx3Mdt6z+uJf993xBG0Uuh42NTuHM7hD7Dw==,demo-test-2026-09,"{""filename"":""note_evid-0304.txt"",""gps_lat"":-33.3631,""gps_lon"":25.4511,""id"":""EVID-0304"",""parent_id"":""INSP-0104"",""parent_type"":""inspection"",""timestamp"":""2026-06-14T08:00:00Z"",""uploader_id"":""USER-0004""}"
LGR-0305,evidence,EVID-0305,create,2026-07-06T09:00:00Z,USER-0005,,27f803cdac387202beb353e9456902c7d72a77c67f2c4cd7853c6a4ac377ce48,ATNMP6hpjKtuNDd8Gs9+i0r8EbhgE7Hfhi3u8qm+Fy2G0cEnEFx14HwLzu00OBG60GtMMjrgDuim6oOTO6nqBw==,demo-test-2026-09,"{""filename"":""note_evid-0305.txt"",""gps_lat"":-33.3508,""gps_lon"":25.4622,""id"":""EVID-0305"",""parent_id"":""INC-0005"",""parent_type"":""incident"",""timestamp"":""2026-07-06T09:00:00Z"",""uploader_id"":""USER-0005""}"
LGR-0306,evidence,EVID-0306,create,2026-06-14T14:00:00Z,USER-0006,,f0b37ccd4d603221e7ac016c9d08287aec2231350eff7a00f9bc472f1925ba54,b09Eur2AS+Ni2MfHingbK10mHk1Od2ZNDE18VFXWROA6R5jQKL+MuQtPRoJQZPJijdg1MzVLpbZrr1zBMB0ZAQ==,demo-test-2026-09,"{""filename"":""note_evid-0306.txt"",""gps_lat"":-33.3385,""gps_lon"":25.4622,""id"":""EVID-0306"",""parent_id"":""INSP-0106"",""parent_type"":""inspection"",""timestamp"":""2026-06-14T14:00:00Z"",""uploader_id"":""USER-0006""}"
LGR-0307,evidence,EVID-0307,create,2026-06-14T17:00:00Z,USER-0007,,d8ddbbfd13b5915fbb4d822f0f50e4453974f497dbfb6c75151b4e1e135e04b1,zml2YbfaQyeLQLLM9nZYPoKDAyec72thEk1kpiAebwRdhIkHyOx+URTsUwEkaKZkynyyCjK5w0rbFSdEwpbpDQ==,demo-test-2026-09,"{""filename"":""note_evid-0307.txt"",""gps_lat"":-33.3262,""gps_lon"":25.4733,""id"":""EVID-0307"",""parent_id"":""INSP-0107"",""parent_type"":""inspection"",""timestamp"":""2026-06-14T17:00:00Z"",""uploader_id"":""USER-0007""}"
LGR-0308,evidence,EVID-0308,create,2026-06-14T20:00:00Z,USER-0008,,f63c4199e2775e53c59e9c6c03b6b8b2b1069640d01eb43ec0d5365bf4115f45,c5oovUgwfCZZ1Z2+RFEWpVzuJLtsO+QWhqzK6fcjvTyL+NDi8SOsT3l6BVaIMpzACeQy7r4x6Xj3lyljNi8YCQ==,demo-test-2026-09,"{""filename"":""note_evid-0308.txt"",""gps_lat"":-33.3139,""gps_lon"":25.4733,""id"":""EVID-0308"",""parent_id"":""INSP-0108"",""parent_type"":""inspection"",""timestamp"":""2026-06-14T20:00:00Z"",""uploader_id"":""USER-0008""}"
LGR-0309,evidence,EVID-0309,create,2026-06-14T23:00:00Z,USER-0009,,e6b8e162af81cf765dfa913154aeef75a17d7cb839536dad8648c047bd9eb27f,qUXRK9bB/7d/zSUGExsBl1JWlB3OdGNOhq3e+FQfQDblzteDLM4DiOrPOLUa8IPqPy2GikFdE+QXf9qlVAXjAQ==,demo-test-2026-09,"{""filename"":""note_evid-0309.txt"",""gps_lat"":-33.3016,""gps_lon"":25.4844,""id"":""EVID-0309"",""parent_id"":""INSP-0109"",""parent_type"":""inspection"",""timestamp"":""2026-06-14T23:00:00Z"",""uploader_id"":""USER-0009""}"
LGR-0310,evidence,EVID-0310,create,2026-07-11T09:00:00Z,USER-0010,,c7051b2555866896fb908399072455e75610ac08ddb96bbdf45ae70f11f5faff,Bs5rcVwgw71THR+y0oFSyCEq/NH7F+6w0rZchAqjofEUjak6ktaBp8GM+Cf3FWBLd6u4ACWYNk3smo/ELRpMBw==,demo-test-2026-09,"{""filename"":""note_evid-0310.txt"",""gps_lat"":-33.2893,""gps_lon"":25.4844,""id"":""EVID-0310"",""parent_id"":""INC-0010"",""parent_type"":""incident"",""timestamp"":""2026-07-11T09:00:00Z"",""uploader_id"":""USER-0010""}"
LGR-0311,evidence,EVID-0311,create,2026-06-15T05:00:00Z,USER-0011,,3af3f3c35d920fb3f421f94d5a29b3456cdf0f87086ed19362aa48aa4931ff8e,SKxW+LOZNXU82IpNOSRbrHSkWxTZtmL0EMGpXUticNAMIgNNraSgfentyWmsX0nn+cyhNTliiC/aVcDK5fyfAQ==,demo-test-2026-09,"{""filename"":""note_evid-0311.txt"",""gps_lat"":-33.4,""gps_lon"":25.4955,""id"":""EVID-0311"",""parent_id"":""INSP-0111"",""parent_type"":""inspection"",""timestamp"":""2026-06-15T05:00:00Z"",""uploader_id"":""USER-0011""}"
LGR-0312,evidence,EVID-0312,create,2026-06-15T08:00:00Z,USER-0012,,c053fcce36f97cf59e4bd2ee09dda0fd96ecd2b684cd37b1ac803f6097ca0e37,gvZb6mQjmiOEW0Mfx9WIxDt80YYx4kUD2Tjs1v1ib2db7M4rx4YACZ5DDc4wANK1oR0UpgcJcaYH+yHfYe8uDA==,demo-test-2026-09,"{""filename"":""note_evid-0312.txt"",""gps_lat"":-33.3877,""gps_lon"":25.4955,""id"":""EVID-0312"",""parent_id"":""INSP-0112"",""parent_type"":""inspection"",""timestamp"":""2026-06-15T08:00:00Z"",""uploader_id"":""USER-0012""}"
LGR-0313,evidence,EVID-0313,create,2026-06-15T11:00:00Z,USER-0013,,676bba9f085f7a6975675545410c53cc19677a1b9ed9dfeffa1ffbbdb198554d,WIWNvMBs/Q64DRmYRQZeNf0GyrmvpR93CvtuufWRovfNhZzzgdYzk7Amgp+4AFhTAaoWClBixeo7YCsLoOUIBg==,demo-test-2026-09,"{""filename"":""note_evid-0313.txt"",""gps_lat"":-33.3754,""gps_lon"":25.5066,""id"":""EVID-0313"",""parent_id"":""INSP-0113"",""parent_type"":""inspection"",""timestamp"":""2026-06-15T11:00:00Z"",""uploader_id"":""USER-0013""}"
LGR-0314,evidence,EVID-0314,create,2026-06-15T14:00:00Z,USER-0014,,0f1ed396ccb35cbad2cfba6ebd51077a3ddbbafadbdfdc47c8899e95be384370,wjOVkUk9p18Q+t0cAQ8YFh6g5S0OC5sMNb9/2ZbeEgbCaKXReOJXDPFQ6onJ/Y3XCNEAluBrvBrUO5PNv2d5BA==,demo-test-2026-09,"{""filename"":""note_evid-0314.txt"",""gps_lat"":-33.3631,""gps_lon"":25.5066,""id"":""EVID-0314"",""parent_id"":""INSP-0114"",""parent_type"":""inspection"",""timestamp"":""2026-06-15T14:00:00Z"",""uploader_id"":""USER-0014""}"
LGR-0315,evidence,EVID-0315,create,2026-07-16T09:00:00Z,USER-0015,,023f3b7b4dfaac4342e5cd14148f027e4fa50472c0f4dfbf2d8462121ccfb247,B5cK3mesJdkQ3zYjI9ickI+lN6pKSJfdB3NofsJ+8PzoevrIPG1T9oicI+bvK5qcbz2598y5XMYpLlVdWfTQCg==,demo-test-2026-09,"{""filename"":""note_evid-0315.txt"",""gps_lat"":-33.3508,""gps_lon"":25.5177,""id"":""EVID-0315"",""parent_id"":""INC-0015"",""parent_type"":""incident"",""timestamp"":""2026-07-16T09:00:00Z"",""uploader_id"":""USER-0015""}"
LGR-0316,evidence,EVID-0316,create,2026-06-15T20:00:00Z,USER-0016,,07ec0d75f829243f781fea47b9307a6ca255f3a97a28c4dde2a546986efa30b4,cvVml7RAhCkuABeGrEIRT93fwnGaGeGnqhzZhJf1GOT29O22yypLeajaHPhHya+ydjKByXezkN+VR2ARBVarCQ==,demo-test-2026-09,"{""filename"":""note_evid-0316.txt"",""gps_lat"":-33.3385,""gps_lon"":25.5177,""id"":""EVID-0316"",""parent_id"":""INSP-0116"",""parent_type"":""inspection"",""timestamp"":""2026-06-15T20:00:00Z"",""uploader_id"":""USER-0016""}"
LGR-0317,evidence,EVID-0317,create,2026-06-15T23:00:00Z,USER-0017,,b7a3d92b69d261d14e927c1d605e5fc4da598c5a543753332ac18d3d10a79f92,9+AN22e05VIvT7LwT5VBBFO/Fc09XSCuytv2wnYLqyDY+M3XAFe51CmbCWBaZ0tVTrrDnRgfo77XUwMO5akZCQ==,demo-test-2026-09,"{""filename"":""note_evid-0317.txt"",""gps_lat"":-33.3262,""gps_lon"":25.5288,""id"":""EVID-0317"",""parent_id"":""INSP-0117"",""parent_type"":""inspection"",""timestamp"":""2026-06-15T23:00:00Z"",""uploader_id"":""USER-0017""}"
LGR-0318,evidence,EVID-0318,create,2026-06-16T02:00:00Z,USER-0018,,00902cc5104648d660a133d65b130ce0535bc697e520fdc6a4bd675a48eb2553,VocZ+8o8MbA2bvEJKOjDu+SvSFoVCVXF2neSWV6Q/nOfho3I6D6ics5m9/Baa9WfvpVivdAA9JrbgZKwt5VBCw==,demo-test-2026-09,"{""filename"":""note_evid-0318.txt"",""gps_lat"":-33.3139,""gps_lon"":25.5288,""id"":""EVID-0318"",""parent_id"":""INSP-0118"",""parent_type"":""inspection"",""timestamp"":""2026-06-16T02:00:00Z"",""uploader_id"":""USER-0018""}"
LGR-0319,evidence,EVID-0319,create,2026-06-16T05:00:00Z,USER-0019,,1b6ea43a316624992b977287d224ab6aafe7c1a76923e43257c473c49d7c2417,kq8tUcmFi0etDzCeCBq5IVO1A7VQ6BpeyIa77UteYPKYgHWxgkISQ5B42POuMKeIVa9b30WvymC+Ik9tys/zDQ==,demo-test-2026-09,"{""filename"":""note_evid-0319.txt"",""gps_lat"":-33.3016,""gps_lon"":25.5399,""id"":""EVID-0319"",""parent_id"":""INSP-0119"",""parent_type"":""inspection"",""timestamp"":""2026-06-16T05:00:00Z"",""uploader_id"":""USER-0019""}"
LGR-0320,evidence,EVID-0320,create,2026-07-21T09:00:00Z,USER-0020,,6f06846582486447e7633e6ec51498e3fca8868850c182b78761d5a7f8dd38b1,E7hm1vGwSHGHMY5q6G5eUQgVaR7H3iaoO7De5gJ4Od68Rc1TKZcVBezlzO10WZc1q6WF7O1tYPpbWNfK13DyCQ==,demo-test-2026-09,"{""filename"":""note_evid-0320.txt"",""gps_lat"":-33.2893,""gps_lon"":25.5399,""id"":""EVID-0320"",""parent_id"":""INC-0020"",""parent_type"":""incident"",""timestamp"":""2026-07-21T09:00:00Z"",""uploader_id"":""USER-0020""}"
LGR-0321,evidence,EVID-0321,create,2026-06-16T11:00:00Z,USER-0001,,f4ca8fbf82a33e3c94ee69b8d54fc91eea37b777bc78d93d78b0d023f0e78db8,jZ4//wk5zWijOABgy2qrPntKe2lN8tD2HXmYVD4GondXYXbvsQTDV7Im7qibA4r5EAB7ciFBBfIo6NGl6+3MBw==,demo-test-2026-09,"{""filename"":""note_evid-0321.txt"",""gps_lat"":-33.4,""gps_lon"":25.44,""id"":""EVID-0321"",""parent_id"":""INSP-0121"",""parent_type"":""inspection"",""timestamp"":""2026-06-16T11:00:00Z"",""uploader_id"":""USER-0001""}"
LGR-0322,evidence,EVID-0322,create,2026-06-16T14:00:00Z,USER-0002,,4e3c06729117320558e20c7e156e41719e483e72ce688e3c9e3a62130cc93997,RNTWDACYoc+0sLjTqYpdBczAyWrOc7CP6o7pUA5Zl49EOBkh7v20y6SUCe6CAjUcUeLSAjLTFKrLOIdites8DA==,demo-test-2026-09,"{""filename"":""note_evid-0322.txt"",""gps_lat"":-33.3877,""gps_lon"":25.44,""id"":""EVID-0322"",""parent_id"":""INSP-0122"",""parent_type"":""inspection"",""timestamp"":""2026-06-16T14:00:00Z"",""uploader_id"":""USER-0002""}"
LGR-0323,evidence,EVID-0323,create,2026-06-16T17:00:00Z,USER-0003,,5e266f1e46ef0491b5cddde8742d6f4c40c626a472c51764562bdbbeba4fdb31,/xRvEXDJaex+rV2j/CQksHaZPrqL0HsktTvVMHIxQXGIjJoqNihu+fBLMxPaoD9AbW2TI74rd0F097s0KLIiCA==,demo-test-2026-09,"{""filename"":""note_evid-0323.txt"",""gps_lat"":-33.3754,""gps_lon"":25.4511,""id"":""EVID-0323"",""parent_id"":""INSP-0123"",""parent_type"":""inspection"",""timestamp"":""2026-06-16T17:00:00Z"",""uploader_id"":""USER-0003""}"
LGR-0324,evidence,EVID-0324,create,2026-06-16T20:00:00Z,USER-0004,,1d6af0639dbceffe3dc84c61acc84083a661dc6c69f7d472eff3db1432e4296c,EY5wgZWSnYMFMhHsM3lQUpsYc82EEDRsak9FCERySS7p6SnfPSbHDNSZeJrTVi/fYyEUr3SW1khkWcxmRPa9Aw==,demo-test-2026-09,"{""filename"":""note_evid-0324.txt"",""gps_lat"":-33.3631,""gps_lon"":25.4511,""id"":""EVID-0324"",""parent_id"":""INSP-0124"",""parent_type"":""inspection"",""timestamp"":""2026-06-16T20:00:00Z"",""uploader_id"":""USER-0004""}"
LGR-0325,evidence,EVID-0325,create,2026-07-26T09:00:00Z,USER-0005,,363d18e20abde6c4d81da48584283b772b792f22d44642313df45a3c5219e27a,Fz0RO4DuEws5x0tw9MaNbXw1X2h3qH664yMxpKK2HOENhkQhYcSAbsfQidyuX2v9vVkcXXvGFSxbJmEVGDQFDA==,demo-test-2026-09,"{""filename"":""note_evid-0325.txt"",""gps_lat"":-33.3508,""gps_lon"":25.4622,""id"":""EVID-0325"",""parent_id"":""INC-0025"",""parent_type"":""incident"",""timestamp"":""2026-07-26T09:00:00Z"",""uploader_id"":""USER-0005""}"
LGR-0326,evidence,EVID-0326,create,2026-06-17T02:00:00Z,USER-0006,,915fd64a3ec7159ed4b6385e8a16568b4ce4fb18e918018d43b871318e80ba55,2E0ZaK08T7BycIZ3LQbmpb/Le4xTNWByXSGSdknNOEaUOjbroih1hYgYH3KNIasBHvJzq8Qo2TtLroxlJOVKBg==,demo-test-2026-09,"{""filename"":""note_evid-0326.txt"",""gps_lat"":-33.3385,""gps_lon"":25.4622,""id"":""EVID-0326"",""parent_id"":""INSP-0126"",""parent_type"":""inspection"",""timestamp"":""2026-06-17T02:00:00Z"",""uploader_id"":""USER-0006""}"
LGR-0327,evidence,EVID-0327,create,2026-06-17T05:00:00Z,USER-0007,,c8562d38c1c9343a945ef77d27a6d418219f0c21869130ffc961e19831740c70,Ck1Nwv/fuECDkhnTyNqfCwK/kEKvouS9vM+naCO3BNWNnFgaamWZsAX8l/JtIFgGKt47RKYN6kQ8U0rT9dyJCg==,demo-test-2026-09,"{""filename"":""note_evid-0327.txt"",""gps_lat"":-33.3262,""gps_lon"":25.4733,""id"":""EVID-0327"",""parent_id"":""INSP-0127"",""parent_type"":""inspection"",""timestamp"":""2026-06-17T05:00:00Z"",""uploader_id"":""USER-0007""}"
LGR-0328,evidence,EVID-0328,create,2026-06-17T08:00:00Z,USER-0008,,9d2c8cbaeafa726327ee891b79ac814cacbb17b5863c2225f7382106669c74d2,FgCii+KQf5SE3Z3RcYhLsgG8G2Cw5wcYgqGppGqykb3JYbtamudpZGygmbLuEyWlxeuYoOT7FGEn6Garm3bTCA==,demo-test-2026-09,"{""filename"":""note_evid-0328.txt"",""gps_lat"":-33.3139,""gps_lon"":25.4733,""id"":""EVID-0328"",""parent_id"":""INSP-0128"",""parent_type"":""inspection"",""timestamp"":""2026-06-17T08:00:00Z"",""uploader_id"":""USER-0008""}"
LGR-0329,evidence,EVID-0329,create,2026-06-17T11:00:00Z,USER-0009,,e639d17d4750158bbf0339d453408b01b5b765d285d165ab87a7f6d104ee409d,pg3+4g2yW7mmj03MfpVOHE8BFWulw+7Wf3eh2vXlKGnBJObxFJFRZwIwGY+AhTFsqfJz2oJiBFzUtwzxmL+ABQ==,demo-test-2026-09,"{""filename"":""note_evid-0329.txt"",""gps_lat"":-33.3016,""gps_lon"":25.4844,""id"":""EVID-0329"",""parent_id"":""INSP-0129"",""parent_type"":""inspection"",""timestamp"":""2026-06-17T11:00:00Z"",""uploader_id"":""USER-0009""}"
LGR-0330,evidence,EVID-0330,create,2026-07-31T09:00:00Z,USER-0010,,21f06e401578f38d9b1a6ff5a24acc25625ee470a5c7ffe22d9753777efeff44,p66mRIpakj4+fDoLrHi1qOnF+IfP7bpkzv6zProOt+LshrsgtWecvU28tDbUt7xXa9Iu9XDW4RVclWeQDTZ4CQ==,demo-test-2026-09,"{""filename"":""note_evid-0330.txt"",""gps_lat"":-33.2893,""gps_lon"":25.4844,""id"":""EVID-0330"",""parent_id"":""INC-0030"",""parent_type"":""incident"",""timestamp"":""2026-07-31T09:00:00Z"",""uploader_id"":""USER-0010""}"
LGR-0331,evidence,EVID-0331,create,2026-06-17T17:00:00Z,USER-0011,,1e1167676617c2117c67f9cc1520c22798029b05a451282c27482a63ebe795ec,/A63AcIe6+myTe3UnMyMVw+HWt6iklcin5E9adaQ+8deqji7LEGPr9rhcW65XpWIZcQAwtXEvm2jtesIYOLOCg==,demo-test-2026-09,"{""filename"":""note_evid-0331.txt"",""gps_lat"":-33.4,""gps_lon"":25.4955,""id"":""EVID-0331"",""parent_id"":""INSP-0131"",""parent_type"":""inspection"",""timestamp"":""2026-06-17T17:00:00Z"",""uploader_id"":""USER-0011""}"
LGR-0332,evidence,EVID-0332,create,2026-06-17T20:00:00Z,USER-0012,,cbfb6a9a8f553cbef04718903ea9537dde640c6907adc8fc44970339599daec6,E81RXu+5TXnUHISPwD2Utiu9w795JD5Hm57mDdsM+4DSct000jTxH5SZ8ETYvPKOUIO6B7msL47E8NhO2mJ5Dw==,demo-test-2026-09,"{""filename"":""note_evid-0332.txt"",""gps_lat"":-33.3877,""gps_lon"":25.4955,""id"":""EVID-0332"",""parent_id"":""INSP-0132"",""parent_type"":""inspection"",""timestamp"":""2026-06-17T20:00:00Z"",""uploader_id"":""USER-0012""}"
LGR-0333,evidence,EVID-0333,create,2026-06-17T23:00:00Z,USER-0013,,ad2bf45bf222d57ae033152fa7a7ded6f67a023e1721f838ff033d9d9fa7da9b,HBcJs5vk9BksxCh2+8HJH9so8wLviIAgYEtGDptR1PaCgNBgaV81JHnPx8aBz24K1bE9epIgiP/nz1pwtXB/DQ==,demo-test-2026-09,"{""filename"":""note_evid-0333.txt"",""gps_lat"":-33.3754,""gps_lon"":25.5066,""id"":""EVID-0333"",""parent_id"":""INSP-0133"",""parent_type"":""inspection"",""timestamp"":""2026-06-17T23:00:00Z"",""uploader_id"":""USER-0013""}"
LGR-0334,evidence,EVID-0334,create,2026-06-18T02:00:00Z,USER-0014,,98b01ccacbabf517f4b5182bb48029dbb05b05153eced1ba81d9d67629f0ed0b,OMa8TQW6DoyYrjW1d/smBlXnHzByxG/jyLU9TF36L7H+bqpXArlMZPL5r0tqTz2TEQy7hVSAwh5UcJinXMvTAw==,demo-test-2026-09,"{""filename"":""note_evid-0334.txt"",""gps_lat"":-33.3631,""gps_lon"":25.5066,""id"":""EVID-0334"",""parent_id"":""INSP-0134"",""parent_type"":""inspection"",""timestamp"":""2026-06-18T02:00:00Z"",""uploader_id"":""USER-0014""}"
LGR-0335,evidence,EVID-0335,create,2026-07-06T09:00:00Z,USER-0005,,f023b65cc8fad533c3313e29f736bc93b8d0a2685104f8fe88cd6f9622af4990,FvBW84fYat3o4SBJBSB2TbRC7PGrti46fA9vibbpjVvkAIih3zgEsNbyeiIC6U/RxrxDGZjpgZk2HCZS+4zlDg==,demo-test-2026-09,"{""filename"":""note_evid-0335.txt"",""gps_lat"":-33.3508,""gps_lon"":25.4622,""id"":""EVID-0335"",""parent_id"":""INC-0005"",""parent_type"":""incident"",""timestamp"":""2026-07-06T09:00:00Z"",""uploader_id"":""USER-0005""}"
LGR-0336,evidence,EVID-0336,create,2026-06-18T08:00:00Z,USER-0016,,dff661929552ca4f746808f00541b74b6e02c5c068f347781215713933d886bd,GgoQ1Axo3wYF/rkADx12as9qAUgw0BMtwiy/rJjLh6CLSnxs9ym9YAysF48+2xp/G/W9hElcjAj+V0aaTb2KAA==,demo-test-2026-09,"{""filename"":""note_evid-0336.txt"",""gps_lat"":-33.3385,""gps_lon"":25.5177,""id"":""EVID-0336"",""parent_id"":""INSP-0136"",""parent_type"":""inspection"",""timestamp"":""2026-06-18T08:00:00Z"",""uploader_id"":""USER-0016""}"
LGR-0337,evidence,EVID-0337,create,2026-06-18T11:00:00Z,USER-0017,,b166663502f6abbbf5808c9bd86d3551c7bfad1e98b0326c860cef6072df5a24,zYtf9M3Nb1fdaS83Wdf9LgArtdiANGdZJuzixBXqPbFiDuyWNd9Iy5J0m5bMaEaaO6WBnd5baSdC6p4m3BsBBw==,demo-test-2026-09,"{""filename"":""note_evid-0337.txt"",""gps_lat"":-33.3262,""gps_lon"":25.5288,""id"":""EVID-0337"",""parent_id"":""INSP-0137"",""parent_type"":""inspection"",""timestamp"":""2026-06-18T11:00:00Z"",""uploader_id"":""USER-0017""}"
LGR-0338,evidence,EVID-0338,create,2026-06-18T14:00:00Z,USER-0018,,50730bdff4c8b06108a7cd652582649cf12e3d70489c3bf9503f25ec3c5c7a9b,r+hMLTgkHfiTrTkKCocPVTEUDvJMdWitQ8VT/lxdVkJIzsb83Tz11VcOYhuAjfmgQepSi/9B5MCB8Dizm02XAQ==,demo-test-2026-09,"{""filename"":""note_evid-0338.txt"",""gps_lat"":-33.3139,""gps_lon"":25.5288,""id"":""EVID-0338"",""parent_id"":""INSP-0138"",""parent_type"":""inspection"",""timestamp"":""2026-06-18T14:00:00Z"",""uploader_id"":""USER-0018""}"
LGR-0339,evidence,EVID-0339,create,2026-06-18T17:00:00Z,USER-0019,,2c6c0a82f5c53cc595f7cfcb8c5b183f4382b93a27f3529fbb98e0af9b6f0676,dMhdxfG4/eaqLCf9sYw7V0Sptvjfdy2FKolWbu7Ih8/uTAZpyFPR2Y+mT1MgCK3CGrhuTPpPVjhKPTT96lk0Cw==,demo-test-2026-09,"{""filename"":""note_evid-0339.txt"",""gps_lat"":-33.3016,""gps_lon"":25.5399,""id"":""EVID-0339"",""parent_id"":""INSP-0139"",""parent_type"":""inspection"",""timestamp"":""2026-06-18T17:00:00Z"",""uploader_id"":""USER-0019""}"
LGR-0340,evidence,EVID-0340,create,2026-07-11T09:00:00Z,USER-0010,,61f2e7189036b9f31ac4dfd0bd86e34fe1c2db696696aae191f741101baebec8,e1CHTQLQ9fz8/W++6HepmQoLeeFFx3GEUfjqV1Qz0yegGflHluhV11Nw7/sJypsFdSR82rRixxQx95ntT0tFDg==,demo-test-2026-09,"{""filename"":""note_evid-0340.txt"",""gps_lat"":-33.2893,""gps_lon"":25.4844,""id"":""EVID-0340"",""parent_id"":""INC-0010"",""parent_type"":""incident"",""timestamp"":""2026-07-11T09:00:00Z"",""uploader_id"":""USER-0010""}"
LGR-0341,evidence,EVID-0341,create,2026-06-18T23:00:00Z,USER-0001,,411521054d0ccbd9ea593d102245096a2bb6f82df972f30ad052936336bf440f,qGSuy+Nvzhlhsty6rVZT9T74DTHq3V/Ap/n3n7ZOfYwCLP9wOjIvDYzkC2inw4mIXY0H/0R39cEx9tH7OTV7BA==,demo-test-2026-09,"{""filename"":""note_evid-0341.txt"",""gps_lat"":-33.4,""gps_lon"":25.44,""id"":""EVID-0341"",""parent_id"":""INSP-0141"",""parent_type"":""inspection"",""timestamp"":""2026-06-18T23:00:00Z"",""uploader_id"":""USER-0001""}"
LGR-0342,evidence,EVID-0342,create,2026-06-19T02:00:00Z,USER-0002,,06dc110248f0a54172d462907908be554f4bc7318eadbc95e88732b9688a35f9,sSjvA8i24O8ZdA6LeP23JkEwGaVrkPs1HL0v/MEfLQ5tX9ElxsZguQhnoAUwV3srhXV1ksTpagrcPKww5OCqBg==,demo-test-2026-09,"{""filename"":""note_evid-0342.txt"",""gps_lat"":-33.3877,""gps_lon"":25.44,""id"":""EVID-0342"",""parent_id"":""INSP-0142"",""parent_type"":""inspection"",""timestamp"":""2026-06-19T02:00:00Z"",""uploader_id"":""USER-0002""}"
LGR-0343,evidence,EVID-0343,create,2026-06-19T05:00:00Z,USER-0003,,ceff91c733b9436ae154672d11948bd138ed3eb00578d8adc276a0e8b8cab2bc,1OvzvmURtM1qqOQHMRkr9Boi2hzClZdKr2NWcoCatDV/faimB7WiQL04s71N9lePf26yDGwvw+0Oy5tXxXpCAw==,demo-test-2026-09,"{""filename"":""note_evid-0343.txt"",""gps_lat"":-33.3754,""gps_lon"":25.4511,""id"":""EVID-0343"",""parent_id"":""INSP-0143"",""parent_type"":""inspection"",""timestamp"":""2026-06-19T05:00:00Z"",""uploader_id"":""USER-0003""}"
LGR-0344,evidence,EVID-0344,create,2026-06-19T08:00:00Z,USER-0004,,5bca0902c97f9b80c0609911361965d2cb7e8a399b52fda37cce2768f5dd8920,rpj6wuWp4/lARWd3GHTixFTJjEzmVm3QmlHFKxPc7xSlFBMr5fNjIZKGWclOSwsXJ3/fXwYuto86mgvki8t8Dw==,demo-test-2026-09,"{""filename"":""note_evid-0344.txt"",""gps_lat"":-33.3631,""gps_lon"":25.4511,""id"":""EVID-0344"",""parent_id"":""INSP-0144"",""parent_type"":""inspection"",""timestamp"":""2026-06-19T08:00:00Z"",""uploader_id"":""USER-0004""}"
LGR-0345,evidence,EVID-0345,create,2026-07-16T09:00:00Z,USER-0015,,48ecb848df4f8bf7b69eaa140221140002ff76bfab79046b4ec78bf677b0621e,/9dXOkNaotao6fl6Fe73Wea2VKDayeCnHHUbk8ugGF2gk3URqsjUMWbwtSHlTe3wm0XXjIXpM8/Q3G43E5W7Cw==,demo-test-2026-09,"{""filename"":""note_evid-0345.txt"",""gps_lat"":-33.3508,""gps_lon"":25.5177,""id"":""EVID-0345"",""parent_id"":""INC-0015"",""parent_type"":""incident"",""timestamp"":""2026-07-16T09:00:00Z"",""uploader_id"":""USER-0015""}"
LGR-0346,evidence,EVID-0346,create,2026-06-19T14:00:00Z,USER-0006,,11517851a28053d2da9d55f1b55849f391779355f7427555ef5fbe5fed6f9dc2,QhWRmRmP8bGxS+qNIAubmtjn/C+6KnGzSFKP/+dRgiguqboUjcKsXjhvPi9XCkpj/nm5aEIv/sLZwUeuPBj/Bg==,demo-test-2026-09,"{""filename"":""note_evid-0346.txt"",""gps_lat"":-33.3385,""gps_lon"":25.4622,""id"":""EVID-0346"",""parent_id"":""INSP-0146"",""parent_type"":""inspection"",""timestamp"":""2026-06-19T14:00:00Z"",""uploader_id"":""USER-0006""}"
LGR-0347,evidence,EVID-0347,create,2026-06-19T17:00:00Z,USER-0007,,aa80ff7e5d5392b88a41d08ffd775e13fcfae7c41052bdee26f5d5f715cf694a,onqUGAUQgF7Fz3eQpr51mMezZJnWkVn2v0a2M3mFBbTZjcuj0bnmEi04TGOrNt/fTD9JH5QExvRQa6xNpTtiAg==,demo-test-2026-09,"{""filename"":""note_evid-0347.txt"",""gps_lat"":-33.3262,""gps_lon"":25.4733,""id"":""EVID-0347"",""parent_id"":""INSP-0147"",""parent_type"":""inspection"",""timestamp"":""2026-06-19T17:00:00Z"",""uploader_id"":""USER-0007""}"
LGR-0348,evidence,EVID-0348,create,2026-06-19T20:00:00Z,USER-0008,,1ece053bba9fdace2aba2259c39b872e3b587cd29b49f6c57549f44b796bcca5,FMFYXHdXhgsBqevhekV3OXsIG7j1+zrBi7Fz0gK8ZM9qqFfs2tvFSKUzIppldUXrxMM/SkZirSvemOqBoIulDA==,demo-test-2026-09,"{""filename"":""note_evid-0348.txt"",""gps_lat"":-33.3139,""gps_lon"":25.4733,""id"":""EVID-0348"",""parent_id"":""INSP-0148"",""parent_type"":""inspection"",""timestamp"":""2026-06-19T20:00:00Z"",""uploader_id"":""USER-0008""}"
LGR-0349,evidence,EVID-0349,create,2026-06-19T23:00:00Z,USER-0009,,cb0a40d969dc9c3007d9fe766d97728265073883ced96ea572576bfdc19f050d,eqnGQxldXB8AjbC5OJo/2r+c5LNyU0q7fAeY9avQ8YSAfllGZ7E8QDqaDqfub5Rv7pORlbcbsUnGIVQaL5tFAA==,demo-test-2026-09,"{""filename"":""note_evid-0349.txt"",""gps_lat"":-33.3016,""gps_lon"":25.4844,""id"":""EVID-0349"",""parent_id"":""INSP-0149"",""parent_type"":""inspection"",""timestamp"":""2026-06-19T23:00:00Z"",""uploader_id"":""USER-0009""}"
LGR-0350,evidence,EVID-0350,create,2026-07-21T09:00:00Z,USER-0020,,f4657eb41bdfe7273c032540a8f6d8c8eda2d500eb59dd389279f7cb10511767,3HXDrBTwFryFcWmcoxLlSjylTtOPclFFzMNa3UVBwml+FSCbMUYxF65o6/jqBokba1doptEALhEGP//3TS71Aw==,demo-test-2026-09,"{""filename"":""note_evid-0350.txt"",""gps_lat"":-33.2893,""gps_lon"":25.5399,""id"":""EVID-0350"",""parent_id"":""INC-0020"",""parent_type"":""incident"",""timestamp"":""2026-07-21T09:00:00Z"",""uploader_id"":""USER-0020""}"
LGR-0351,evidence,EVID-0351,create,2026-06-20T05:00:00Z,USER-0011,,3c95f4ac8ba020c48b15168d304a0c8bfee4df8dd43206ecec89b2fc924f4c94,NeIZTFteR/IQAJ5wndYCEPsSn0JbN4dDRN6TcU3QY29WCyWz3Vum6pw5k8XHOXRm0puJ9fDja3YyyCmMhNEuBg==,demo-test-2026-09,"{""filename"":""note_evid-0351.txt"",""gps_lat"":-33.4,""gps_lon"":25.44,""id"":""EVID-0351"",""parent_id"":""INSP-0151"",""parent_type"":""inspection"",""timestamp"":""2026-06-20T05:00:00Z"",""uploader_id"":""USER-0011""}"
LGR-0352,evidence,EVID-0352,create,2026-06-20T08:00:00Z,USER-0012,,16fee2efce37a46113cddd56b9b48bddb90c90d0b43146187fc45fe447f79deb,nBMndZsqA5P/7TOa+bhafMJgMkyw+Hc/2CLx4idv7hF3VwqvrMY/8ZX3IwCBj2g3ZfvVZ5Zd5BgDDh8ABUHtAg==,demo-test-2026-09,"{""filename"":""note_evid-0352.txt"",""gps_lat"":-33.3877,""gps_lon"":25.44,""id"":""EVID-0352"",""parent_id"":""INSP-0152"",""parent_type"":""inspection"",""timestamp"":""2026-06-20T08:00:00Z"",""uploader_id"":""USER-0012""}"
LGR-0353,evidence,EVID-0353,create,2026-06-20T11:00:00Z,USER-0013,,04d690291364cb640b75dc2ef1cdae3d07e89e4a194172500b96c7d406947746,iJBHembqI26T7ABkULLOVZRUIsfdLtOQDPDU36pd+VVeqZxQ9gHJMEQYcO6L4tnB0z0pH7n8rvRUUi3YPxU4BA==,demo-test-2026-09,"{""filename"":""note_evid-0353.txt"",""gps_lat"":-33.3754,""gps_lon"":25.4511,""id"":""EVID-0353"",""parent_id"":""INSP-0153"",""parent_type"":""inspection"",""timestamp"":""2026-06-20T11:00:00Z"",""uploader_id"":""USER-0013""}"
LGR-0354,evidence,EVID-0354,create,2026-06-20T14:00:00Z,USER-0014,,39aeca7d9df2c05fc21c4b2de63cacaaff438e6f82a215d5fc863675cadbe64c,uAzC129SlzlijozHEMUBWSf/ZOaZbhTi6VfPcNvAH6CZ4bfZ0wfUVm4dNJt922UBtCv8hQTUXZwpaLs+LQ7tAA==,demo-test-2026-09,"{""filename"":""note_evid-0354.txt"",""gps_lat"":-33.3631,""gps_lon"":25.4511,""id"":""EVID-0354"",""parent_id"":""INSP-0154"",""parent_type"":""inspection"",""timestamp"":""2026-06-20T14:00:00Z"",""uploader_id"":""USER-0014""}"
LGR-0355,evidence,EVID-0355,create,2026-07-26T09:00:00Z,USER-0005,,c15b3026783d696845ae25043f7742f62ba26a3f4d044e52dbda66a2a1c7d1ed,eTnAT3GWCEe8ehsSRx9NKzir77XIHO7yqesqbU4/5jHi4a0e5X538IjtLzsm8r12Abwc+SbF2hJVlECMhWxNCw==,demo-test-2026-09,"{""filename"":""note_evid-0355.txt"",""gps_lat"":-33.3508,""gps_lon"":25.4622,""id"":""EVID-0355"",""parent_id"":""INC-0025"",""parent_type"":""incident"",""timestamp"":""2026-07-26T09:00:00Z"",""uploader_id"":""USER-0005""}"
LGR-0356,evidence,EVID-0356,create,2026-06-20T20:00:00Z,USER-0016,,05dd83a93f316759c4724a8b44b76f1e723cd465b64a5371010bf79a23d06182,NugDJLL5DnBHRSzdkLAniFUni29tBxfpnAAokX3OQZ/ep+Z/u4aApMCWS3oF9EQFd/P/ewkJy9k9hbci6MzKAA==,demo-test-2026-09,"{""filename"":""note_evid-0356.txt"",""gps_lat"":-33.3385,""gps_lon"":25.4622,""id"":""EVID-0356"",""parent_id"":""INSP-0156"",""parent_type"":""inspection"",""timestamp"":""2026-06-20T20:00:00Z"",""uploader_id"":""USER-0016""}"
LGR-0357,evidence,EVID-0357,create,2026-06-20T23:00:00Z,USER-0017,,6cea2765271520013fd4f1b12e47e6c2a45ddb6cf64d64c5e45f4c975cc5b566,EJcMkCCAuzi3o2pzz1zkBXbpEBVtDnOoV6oLinrygEE/ZOH+e0kIE35Y0tfXYUH929CcQW5P1x8OE7DukaeWCQ==,demo-test-2026-09,"{""filename"":""note_evid-0357.txt"",""gps_lat"":-33.3262,""gps_lon"":25.4733,""id"":""EVID-0357"",""parent_id"":""INSP-0157"",""parent_type"":""inspection"",""timestamp"":""2026-06-20T23:00:00Z"",""uploader_id"":""USER-0017""}"
LGR-0358,evidence,EVID-0358,create,2026-06-21T02:00:00Z,USER-0018,,7ec2bfa029c36a4bb191c906f02c404ebf7a74544111377442e6da3adce59ebe,QQ9cw+GPzqQO/KyNCSd0JTbkfM79TjyTafzghNqYC7S22zLhEeyGuwL/CzmBj698kSL8vsNsDw0OBQ6/J4RjDQ==,demo-test-2026-09,"{""filename"":""note_evid-0358.txt"",""gps_lat"":-33.3139,""gps_lon"":25.4733,""id"":""EVID-0358"",""parent_id"":""INSP-0158"",""parent_type"":""inspection"",""timestamp"":""2026-06-21T02:00:00Z"",""uploader_id"":""USER-0018""}"
LGR-0359,evidence,EVID-0359,create,2026-06-21T05:00:00Z,USER-0019,,0363bbcd01db32698b58bf3fa72aefbc97b91f778ebe440ef84f8c068af4b21f,xW3W0Lvs71YC25KQG3eYcpxB+ySJKt8tfPmylYrJxbfM6Gl+aoBoVYF3UadjXg1Y6DMsAEIJ2mKKxpijTuUZAQ==,demo-test-2026-09,"{""filename"":""note_evid-0359.txt"",""gps_lat"":-33.3016,""gps_lon"":25.4844,""id"":""EVID-0359"",""parent_id"":""INSP-0159"",""parent_type"":""inspection"",""timestamp"":""2026-06-21T05:00:00Z"",""uploader_id"":""USER-0019""}"
LGR-0360,evidence,EVID-0360,create,2026-07-31T09:00:00Z,USER-0010,,04f88f7e93d21e1cc266251e4316ce528d429e1b85378e286322d5d637d78041,I1tVyGzTR06n+RoqK1EaVWjdITQdo5JIJIPjU9h0bWFXA3NhY+4BwUfOoxgKiUXN1aX2259jo7yTlZhp7oWKAw==,demo-test-2026-09,"{""filename"":""note_evid-0360.txt"",""gps_lat"":-33.2893,""gps_lon"":25.4844,""id"":""EVID-0360"",""parent_id"":""INC-0030"",""parent_type"":""incident"",""timestamp"":""2026-07-31T09:00:00Z"",""uploader_id"":""USER-0010""}"
LGR-0361,evidence,EVID-0361,create,2026-06-21T11:00:00Z,USER-0001,,b07d415bed3c60cb6e4dc3d94090d782063efef566c2db3e4bd88dfb5b84aee5,9nxGhWGlZ6Qwwh435QgMySuBRCp3FcBRuABzorCNiXdOgcB6Knnim3M27H7HaAkvwot3N05o2Qz3kJD9dTDbAg==,demo-test-2026-09,"{""filename"":""note_evid-0361.txt"",""gps_lat"":-33.4,""gps_lon"":25.4955,""id"":""EVID-0361"",""parent_id"":""INSP-0161"",""parent_type"":""inspection"",""timestamp"":""2026-06-21T11:00:00Z"",""uploader_id"":""USER-0001""}"
LGR-0362,evidence,EVID-0362,create,2026-06-21T14:00:00Z,USER-0002,,b51c9df05a0c4485adae96e3c53f32a124c7c3552ed2be71b21ae2aae09e74ec,hijHq2uZi6PX2geOSXdbc8YeQi7elKLf1Eeu2+TkLDyBi2lQ1p9/mPtcmClKUmEUVTEOv1jea6wmMsqszcPiCg==,demo-test-2026-09,"{""filename"":""note_evid-0362.txt"",""gps_lat"":-33.3877,""gps_lon"":25.4955,""id"":""EVID-0362"",""parent_id"":""INSP-0162"",""parent_type"":""inspection"",""timestamp"":""2026-06-21T14:00:00Z"",""uploader_id"":""USER-0002""}"
LGR-0363,evidence,EVID-0363,create,2026-06-21T17:00:00Z,USER-0003,,6106ea0cebf40d002fee6001f37137253fcf7b5b1e6548f79b3361a58e3157ba,aGc+EDMzaKRWGqtnPr2iz/LFGjj5hm49Fme9G2nhot6GA4+nO3JKLRX8r4/fJcxQ7KrC6B9ej8X6L2mcJYx2Bg==,demo-test-2026-09,"{""filename"":""note_evid-0363.txt"",""gps_lat"":-33.3754,""gps_lon"":25.5066,""id"":""EVID-0363"",""parent_id"":""INSP-0163"",""parent_type"":""inspection"",""timestamp"":""2026-06-21T17:00:00Z"",""uploader_id"":""USER-0003""}"
LGR-0364,evidence,EVID-0364,create,2026-06-21T20:00:00Z,USER-0004,,e39ae4aeceedf627c8b5866dd70e54d1a7603df9e0c8ceb885ec16dc4b993510,LHrZYfGQlDenzIR6ZVilfwh/eSD2kw1m7q3n+WPGNAR6wMdHB0BHp2G8C0JamM4SfY3uIVdc12Nekmd+kBm6Bg==,demo-test-2026-09,"{""filename"":""note_evid-0364.txt"",""gps_lat"":-33.3631,""gps_lon"":25.5066,""id"":""EVID-0364"",""parent_id"":""INSP-0164"",""parent_type"":""inspection"",""timestamp"":""2026-06-21T20:00:00Z"",""uploader_id"":""USER-0004""}"
LGR-0365,evidence,EVID-0365,create,2026-07-06T09:00:00Z,USER-0005,,73f8f2eb03b1ac53bbff050ea01b069fc2c8c9f1afc4fe825588bbf6e3f456c0,BWAc41UqIySnt2rTcNQeLsgD9OXYZPNRktn1oW+Pmi2wWYq9bddBGg3iXuEI/RkoyXKVOkjhwtzQVSONEt/TDg==,demo-test-2026-09,"{""filename"":""note_evid-0365.txt"",""gps_lat"":-33.3508,""gps_lon"":25.4622,""id"":""EVID-0365"",""parent_id"":""INC-0005"",""parent_type"":""incident"",""timestamp"":""2026-07-06T09:00:00Z"",""uploader_id"":""USER-0005""}"
LGR-0366,evidence,EVID-0366,create,2026-06-22T02:00:00Z,USER-0006,,427ec05be0434d7c7512614566bd8f87f4fcf1ac59fbee73b447f4441e1c64dc,0/jNIhnUjLTso+DBGdr4x6bkZL3FKsb5vzKmYR8MqsGOAIDtZZlJ5hp18XXQm9faB5L8u7vAfgoPvMPOlAu7CQ==,demo-test-2026-09,"{""filename"":""note_evid-0366.txt"",""gps_lat"":-33.3385,""gps_lon"":25.5177,""id"":""EVID-0366"",""parent_id"":""INSP-0166"",""parent_type"":""inspection"",""timestamp"":""2026-06-22T02:00:00Z"",""uploader_id"":""USER-0006""}"
LGR-0367,evidence,EVID-0367,create,2026-06-22T05:00:00Z,USER-0007,,23485cf2e48a0153216fde56c7d856c37a1e1a0f0b2b5933a5764ca6963844f2,gnGr5ChaWyS1MRv6TD9RhbrheWjrwsj4NHJPX7rW7LrDeHK5vJi2mGy7kthz+tvGcFQE4VtuL/tP5hahfL15CQ==,demo-test-2026-09,"{""filename"":""note_evid-0367.txt"",""gps_lat"":-33.3262,""gps_lon"":25.5288,""id"":""EVID-0367"",""parent_id"":""INSP-0167"",""parent_type"":""inspection"",""timestamp"":""2026-06-22T05:00:00Z"",""uploader_id"":""USER-0007""}"
LGR-0368,evidence,EVID-0368,create,2026-06-22T08:00:00Z,USER-0008,,3787b8f6d572515cdf5f3973b125f9b5a3f264579d4d59557993d647f333f1bb,Gk66XJt2f+XTLf6UEjiNxn1AjZxtNvvanayy+STP6NiCEP6ZrkwMzJyuHXcnt+x/8DCRlUs38v5jcVZVMSInCA==,demo-test-2026-09,"{""filename"":""note_evid-0368.txt"",""gps_lat"":-33.3139,""gps_lon"":25.5288,""id"":""EVID-0368"",""parent_id"":""INSP-0168"",""parent_type"":""inspection"",""timestamp"":""2026-06-22T08:00:00Z"",""uploader_id"":""USER-0008""}"
LGR-0369,evidence,EVID-0369,create,2026-06-22T11:00:00Z,USER-0009,,4eb50b8a9cc6b068b6736b8d50606a24e975d98ddc30ea4baa842e9d163f28a9,Hrv1s6hzxfDNTrjEm75eJWjEMX+F3Kudccgkx7dRbBUFoWvbEROUvFcxLERIKgQ9jPAGBqOQnXcWVpsrHbU/BQ==,demo-test-2026-09,"{""filename"":""note_evid-0369.txt"",""gps_lat"":-33.3016,""gps_lon"":25.5399,""id"":""EVID-0369"",""parent_id"":""INSP-0169"",""parent_type"":""inspection"",""timestamp"":""2026-06-22T11:00:00Z"",""uploader_id"":""USER-0009""}"
LGR-0370,evidence,EVID-0370,create,2026-07-11T09:00:00Z,USER-0010,,46f348598b246982e3dfebc63dfc944c8d5b23ef80f4ecc6aaf3ffa54463e33e,PChRVpMCxthhnQOQo8HLeRYhajo5Y/OFz5T15IaDFF63fllstyrtEeEDUH94GNNPUQWpcyV9HGm+xqYjE4ctDQ==,demo-test-2026-09,"{""filename"":""note_evid-0370.txt"",""gps_lat"":-33.2893,""gps_lon"":25.4844,""id"":""EVID-0370"",""parent_id"":""INC-0010"",""parent_type"":""incident"",""timestamp"":""2026-07-11T09:00:00Z"",""uploader_id"":""USER-0010""}"
LGR-0371,evidence,EVID-0371,create,2026-06-22T17:00:00Z,USER-0011,,34633f7734deec9046cb3c843fcd063b4ee77795a75def3a729946d8d9f29c2e,/JIgTqL1sSRdgPaYsOvhVlJ5UHvd9ZLzfuQqaMD+oru+0FW2XR0ufipuWqBFWQ4K9qkL6Kr5jjLs5SsnGJILDw==,demo-test-2026-09,"{""filename"":""note_evid-0371.txt"",""gps_lat"":-33.4,""gps_lon"":25.44,""id"":""EVID-0371"",""parent_id"":""INSP-0171"",""parent_type"":""inspection"",""timestamp"":""2026-06-22T17:00:00Z"",""uploader_id"":""USER-0011""}"
LGR-0372,evidence,EVID-0372,create,2026-06-22T20:00:00Z,USER-0012,,6233b5dc59587086ee5884a0014263c75e7614b61e3e70421ad1dc70841e1a4a,kYPpDjt889wVeRsywVRV9v13Bmow2iaVUZyobR3m/a6pgkegFQeOCqyrO8T0BUTx6S5MBfzXyATVd3nixVS7CQ==,demo-test-2026-09,"{""filename"":""note_evid-0372.txt"",""gps_lat"":-33.3877,""gps_lon"":25.44,""id"":""EVID-0372"",""parent_id"":""INSP-0172"",""parent_type"":""inspection"",""timestamp"":""2026-06-22T20:00:00Z"",""uploader_id"":""USER-0012""}"
LGR-0373,evidence,EVID-0373,create,2026-06-22T23:00:00Z,USER-0013,,1522c42555295fff04d706926f8c4ee13d03a65091fed542fbb0a087f7e4926d,LefvX7PBI61GvP+MOk5SFm40wIy3Op36lmkOaMtYQFrsqTBDOO+oidr1UZ7Z4HyWnRl0UcNTLxzs9e+8aZYpBg==,demo-test-2026-09,"{""filename"":""note_evid-0373.txt"",""gps_lat"":-33.3754,""gps_lon"":25.4511,""id"":""EVID-0373"",""parent_id"":""INSP-0173"",""parent_type"":""inspection"",""timestamp"":""2026-06-22T23:00:00Z"",""uploader_id"":""USER-0013""}"
LGR-0374,evidence,EVID-0374,create,2026-06-23T02:00:00Z,USER-0014,,1ef2ec4a1aca56224c263920a5cabd0e6742c22f8fd94c2ace55dfbd4c785758,r+Up8kKR+odw4/gwOgPZSQ/Kop8wQ6a/OZom8kt7GQzk/S4zRyNtZXiT5X4oNgC1ROyl5x0Aj5dGZ5NfejBxAQ==,demo-test-2026-09,"{""filename"":""note_evid-0374.txt"",""gps_lat"":-33.3631,""gps_lon"":25.4511,""id"":""EVID-0374"",""parent_id"":""INSP-0174"",""parent_type"":""inspection"",""timestamp"":""2026-06-23T02:00:00Z"",""uploader_id"":""USER-0014""}"
LGR-0375,evidence,EVID-0375,create,2026-07-16T09:00:00Z,USER-0015,,f35693a482d331e8d9702375ef573c1886e876deadd0abb9a0b79aaa842d3078,jRcQrp4WTOsLiODvyBQVuEfmUBeIv3gl4ExObCvH0v/BKZYbinU70K9Kp6hvoNxDAYcmPARATqVxZIsVDMihBA==,demo-test-2026-09,"{""filename"":""note_evid-0375.txt"",""gps_lat"":-33.3508,""gps_lon"":25.5177,""id"":""EVID-0375"",""parent_id"":""INC-0015"",""parent_type"":""incident"",""timestamp"":""2026-07-16T09:00:00Z"",""uploader_id"":""USER-0015""}"
LGR-0376,evidence,EVID-0376,create,2026-06-23T08:00:00Z,USER-0016,,fba09db4d5602596c178874df83c0f8210ad3556056900eb50602d9909b2e436,hLZFOh1Q5gGFCYqLwuU/CJfH+KIwsXpkYmEAppaqaZi58RPNsZmLuDIlgmwAX3tX8mKbMM9p0NwPmmCrFonBCQ==,demo-test-2026-09,"{""filename"":""note_evid-0376.txt"",""gps_lat"":-33.3385,""gps_lon"":25.4622,""id"":""EVID-0376"",""parent_id"":""INSP-0176"",""parent_type"":""inspection"",""timestamp"":""2026-06-23T08:00:00Z"",""uploader_id"":""USER-0016""}"
LGR-0377,evidence,EVID-0377,create,2026-06-23T11:00:00Z,USER-0017,,1bf77ce44dff78088bf36a3add9442f403de3e0097078c954d2f9a428cf62bfa,GLg2nMkUTcoxr02okx1vfxKhnzfzFkKEymzaNue/psKem5Us44Bi1Ht6icn8XXPfFSjn1H5bw9QbapUkMGTNCg==,demo-test-2026-09,"{""filename"":""note_evid-0377.txt"",""gps_lat"":-33.3262,""gps_lon"":25.4733,""id"":""EVID-0377"",""parent_id"":""INSP-0177"",""parent_type"":""inspection"",""timestamp"":""2026-06-23T11:00:00Z"",""uploader_id"":""USER-0017""}"
LGR-0378,evidence,EVID-0378,create,2026-06-23T14:00:00Z,USER-0018,,ea026853af6697d966a95802f19084c3c7b36e2137bb53ae848a34a1227626e0,HiPgFVUg5fsgbQoq2wGBUhefwjQ5LjLQW0mDFkoRXe3qwS9fxw29bRt9/t3/Gt2me2sOY69KSlj0KFWW5d6YAA==,demo-test-2026-09,"{""filename"":""note_evid-0378.txt"",""gps_lat"":-33.3139,""gps_lon"":25.4733,""id"":""EVID-0378"",""parent_id"":""INSP-0178"",""parent_type"":""inspection"",""timestamp"":""2026-06-23T14:00:00Z"",""uploader_id"":""USER-0018""}"
LGR-0379,evidence,EVID-0379,create,2026-06-23T17:00:00Z,USER-0019,,cabc7b7ba78125faa0846801a4f694bbacaa8f3f748706b401026cb1e29377ad,r+IoD3RFYIPt6+pXDJltWNwg06yG8m8jFqT1WS1T+WuetCg160O8W/NjBVEfLanrEatTkBqP/jAOZtAFj0ApBw==,demo-test-2026-09,"{""filename"":""note_evid-0379.txt"",""gps_lat"":-33.3016,""gps_lon"":25.4844,""id"":""EVID-0379"",""parent_id"":""INSP-0179"",""parent_type"":""inspection"",""timestamp"":""2026-06-23T17:00:00Z"",""uploader_id"":""USER-0019""}"
LGR-0380,evidence,EVID-0380,create,2026-07-21T09:00:00Z,USER-0020,,5d6b3eef98a0e7f265de17eb401256968efe6bfbb77b4c10d5f311652ed3f6dc,VN5Q1BKiJxhve3rDj6pRk7crwFCnWeZpIL0wVhIo9c+XNqiq48Oe/mR0wrF7rpQI1AJtHi6LpHWWtzM/k7ooAw==,demo-test-2026-09,"{""filename"":""note_evid-0380.txt"",""gps_lat"":-33.2893,""gps_lon"":25.5399,""id"":""EVID-0380"",""parent_id"":""INC-0020"",""parent_type"":""incident"",""timestamp"":""2026-07-21T09:00:00Z"",""uploader_id"":""USER-0020""}"
LGR-0381,evidence,EVID-0381,create,2026-06-23T23:00:00Z,USER-0001,,e2db093a595346fa49489a5c6d5fea2023cb26490896e8f2b35547029add697f,XytuD7tX+VecvY/o5Q4bC5ohgAj+ivJjn8Z139z35H+ov097fyl7WgEkA6vuUbK3RVmXpcNJpJZcD6rbDNumDQ==,demo-test-2026-09,"{""filename"":""note_evid-0381.txt"",""gps_lat"":-33.4,""gps_lon"":25.4955,""id"":""EVID-0381"",""parent_id"":""INSP-0181"",""parent_type"":""inspection"",""timestamp"":""2026-06-23T23:00:00Z"",""uploader_id"":""USER-0001""}"
LGR-0382,evidence,EVID-0382,create,2026-06-24T02:00:00Z,USER-0002,,240eaee62e0ed1a277f553b0024dba28748fa75d1cbd8202e6420549a3e7db85,+4tF8ESUdeRIS0P0qGcDj5zMdn52ZMaCQXSHVOhB8FVaHzI/1pftVoPt9R6ZSe7/MwILTtYsQg7XiQXQWPDmCg==,demo-test-2026-09,"{""filename"":""note_evid-0382.txt"",""gps_lat"":-33.3877,""gps_lon"":25.4955,""id"":""EVID-0382"",""parent_id"":""INSP-0182"",""parent_type"":""inspection"",""timestamp"":""2026-06-24T02:00:00Z"",""uploader_id"":""USER-0002""}"
LGR-0383,evidence,EVID-0383,create,2026-06-24T05:00:00Z,USER-0003,,95358edbdc36eb28e21b6c3ddc428e8a0e398022c86d67f468225fc929ad4c76,Dr9bPZn3f41jXbzvSgLmmDhm0T6ccBHSjxazdfcC+C5qT5pVFzpFCEhtgHko3iOEkPrqUd4OkaVdE41sXYFSCg==,demo-test-2026-09,"{""filename"":""note_evid-0383.txt"",""gps_lat"":-33.3754,""gps_lon"":25.5066,""id"":""EVID-0383"",""parent_id"":""INSP-0183"",""parent_type"":""inspection"",""timestamp"":""2026-06-24T05:00:00Z"",""uploader_id"":""USER-0003""}"
LGR-0384,evidence,EVID-0384,create,2026-06-24T08:00:00Z,USER-0004,,4286374871104cd4dd51b4fac4ffcb58d70be4755810657afad696b6dc9fd87b,PJQDh+E2mcT292A/gbvxolns37PTNo/YksAjMezqEgM0BpjAUkeUbf4t2faTA9WWp/nC7NZJuMahS6Fxx+M3DA==,demo-test-2026-09,"{""filename"":""note_evid-0384.txt"",""gps_lat"":-33.3631,""gps_lon"":25.5066,""id"":""EVID-0384"",""parent_id"":""INSP-0184"",""parent_type"":""inspection"",""timestamp"":""2026-06-24T08:00:00Z"",""uploader_id"":""USER-0004""}"
LGR-0385,evidence,EVID-0385,create,2026-07-26T09:00:00Z,USER-0005,,47517c39150618a5290a7a2b91d1a64dcdc74e06d5131e609e219cff1eecbce7,SA3hPGfg0p3XDGoG0Oic+GbO+nZjDKlBhWQql+M+ItF+Pm4pbiB4khRC/n8oQYn0DHk0fAY71fJxQmoM04F7Bg==,demo-test-2026-09,"{""filename"":""note_evid-0385.txt"",""gps_lat"":-33.3508,""gps_lon"":25.4622,""id"":""EVID-0385"",""parent_id"":""INC-0025"",""parent_type"":""incident"",""timestamp"":""2026-07-26T09:00:00Z"",""uploader_id"":""USER-0005""}"
LGR-0386,evidence,EVID-0386,create,2026-06-24T14:00:00Z,USER-0006,,b8aa263febbc862d23013e409d6138ffb84ff572101067c961391d859b0e3a72,+NQSzV7pIhHJKGlOrzb+s0q4JqJ0X6PVwdlsxMg3CewpRFQBwTtnyfi7WN3DY6XRxzsYdlfkZfpLHHrIlAQYDA==,demo-test-2026-09,"{""filename"":""note_evid-0386.txt"",""gps_lat"":-33.3385,""gps_lon"":25.5177,""id"":""EVID-0386"",""parent_id"":""INSP-0186"",""parent_type"":""inspection"",""timestamp"":""2026-06-24T14:00:00Z"",""uploader_id"":""USER-0006""}"
LGR-0387,evidence,EVID-0387,create,2026-06-24T17:00:00Z,USER-0007,,cd67278f0958792c67b2cd0d8974277d80fccc3c328f43289e1fc5f52de5f548,QSESgtYFEoJonZbYtOuoY/wnruMoofCYy08Tpf5PdwwBiECpcixPxNGsJSesH3F4S+WD9zXmI4AOqf9J/xleDg==,demo-test-2026-09,"{""filename"":""note_evid-0387.txt"",""gps_lat"":-33.3262,""gps_lon"":25.5288,""id"":""EVID-0387"",""parent_id"":""INSP-0187"",""parent_type"":""inspection"",""timestamp"":""2026-06-24T17:00:00Z"",""uploader_id"":""USER-0007""}"
LGR-0388,evidence,EVID-0388,create,2026-06-24T20:00:00Z,USER-0008,,eebc38e482352464e92f8b83bfcc9e1aae7662c0899bd5fc40be892a02c2299b,1ZlW4R2diudvA4uYns9lvNfCwjNxKndW3qCB89z+wqR5qgnGqSeOJcMSvxJKll8vZefxLckYTw4Q0dReARIqAw==,demo-test-2026-09,"{""filename"":""note_evid-0388.txt"",""gps_lat"":-33.3139,""gps_lon"":25.5288,""id"":""EVID-0388"",""parent_id"":""INSP-0188"",""parent_type"":""inspection"",""timestamp"":""2026-06-24T20:00:00Z"",""uploader_id"":""USER-0008""}"
LGR-0389,evidence,EVID-0389,create,2026-06-24T23:00:00Z,USER-0009,,110686e08e079a5314caac13983834b8fe2bd1e55ed81a81ea24a8f8a186140d,4NwgpnM4XnS/yxORsSsvIBEuoiNPLMmzAidxi6dyHTKeqKZHeD1nu1pdgsAnpNCar6Ju6iHtnSuERAtgYRQZAQ==,demo-test-2026-09,"{""filename"":""note_evid-0389.txt"",""gps_lat"":-33.3016,""gps_lon"":25.5399,""id"":""EVID-0389"",""parent_id"":""INSP-0189"",""parent_type"":""inspection"",""timestamp"":""2026-06-24T23:00:00Z"",""uploader_id"":""USER-0009""}"
LGR-0390,evidence,EVID-0390,create,2026-07-31T09:00:00Z,USER-0010,,a8ea29b13539f35677f891e6ad06d739cb127940e44b42458646a7fb1d41237b,iVtDWZOxOTPDYEtz3XogOAENfzavvbB7FIysekVyMJylVHXS+DKQv8jzsFuFozOJn6YFgg2ZebHhdsXD02trBw==,demo-test-2026-09,"{""filename"":""note_evid-0390.txt"",""gps_lat"":-33.2893,""gps_lon"":25.4844,""id"":""EVID-0390"",""parent_id"":""INC-0030"",""parent_type"":""incident"",""timestamp"":""2026-07-31T09:00:00Z"",""uploader_id"":""USER-0010""}"
LGR-0391,evidence,EVID-0391,create,2026-06-25T05:00:00Z,USER-0011,,ce2c15509330f6fbfc79d93812b816d07ea20cacf83aab4d6e42d08ffec03c56,NQoLDcIsKpFkq3IgE0OuIRtresItWUHcCpaxWAHBlPZCBVbRWDlV3bcOH3zfznXOqy3+jggA17liDr6QlAhjBw==,demo-test-2026-09,"{""filename"":""note_evid-0391.txt"",""gps_lat"":-33.4,""gps_lon"":25.44,""id"":""EVID-0391"",""parent_id"":""INSP-0191"",""parent_type"":""inspection"",""timestamp"":""2026-06-25T05:00:00Z"",""uploader_id"":""USER-0011""}"
LGR-0392,evidence,EVID-0392,create,2026-06-25T08:00:00Z,USER-0012,,3fed88c62ecfc6039ec9d53cd9d3ef27f274568ec35f4829306695aa8865a626,iqJg7msHn5KSjGRVsfPKdzxk9E56hUlza0VeE7NPgVZMe2N6AV343q23u/cYv52ExnVVV4Lz3i8Atx7rRqK9Bg==,demo-test-2026-09,"{""filename"":""note_evid-0392.txt"",""gps_lat"":-33.3877,""gps_lon"":25.44,""id"":""EVID-0392"",""parent_id"":""INSP-0192"",""parent_type"":""inspection"",""timestamp"":""2026-06-25T08:00:00Z"",""uploader_id"":""USER-0012""}"
LGR-0393,evidence,EVID-0393,create,2026-06-25T11:00:00Z,USER-0013,,b53ad67cb73a8b321d022421992718a936bc0b3a7f5e94292291a6d76f70b8be,kOMyepQG+ad9XKvB4XBKH1TBaKF8Tl8Vm2F92uE2bCT1lFb58/tfJ3pAMrjdGJIV95lEHeTmpljYr04tVLHsCA==,demo-test-2026-09,"{""filename"":""note_evid-0393.txt"",""gps_lat"":-33.3754,""gps_lon"":25.4511,""id"":""EVID-0393"",""parent_id"":""INSP-0193"",""parent_type"":""inspection"",""timestamp"":""2026-06-25T11:00:00Z"",""uploader_id"":""USER-0013""}"
LGR-0394,evidence,EVID-0394,create,2026-06-25T14:00:00Z,USER-0014,,c18b8f31c5dc62838f7000b62a1f502dd5b283830b7d80598d5cdb3c668182bf,b0cLokzklNU8omgRD/twBT3bsA4U5v3XcxHjF4nXhpzPDrgrEH4DS2wOFKbBpcyLWdswh8jFOUkgOsSCnHWjBQ==,demo-test-2026-09,"{""filename"":""note_evid-0394.txt"",""gps_lat"":-33.3631,""gps_lon"":25.4511,""id"":""EVID-0394"",""parent_id"":""INSP-0194"",""parent_type"":""inspection"",""timestamp"":""2026-06-25T14:00:00Z"",""uploader_id"":""USER-0014""}"
LGR-0395,evidence,EVID-0395,create,2026-07-06T09:00:00Z,USER-0005,,8826bc9001929b52f9c9902cb278b57bf733d63706fc4491c2a249695356491d,2zGr9pK9J7hEZr/CCAZAhQ4XInXmExfRwwx6bTksOEg1EnUVTHc67m/7XmSi+mWhYNOp1UfHMyQHQL2XVwX2Bg==,demo-test-2026-09,"{""filename"":""note_evid-0395.txt"",""gps_lat"":-33.3508,""gps_lon"":25.4622,""id"":""EVID-0395"",""parent_id"":""INC-0005"",""parent_type"":""incident"",""timestamp"":""2026-07-06T09:00:00Z"",""uploader_id"":""USER-0005""}"
LGR-0396,evidence,EVID-0396,create,2026-06-25T20:00:00Z,USER-0016,,2dfad9c8f77d0d371648106a38e93e22aa42b816f8ad44a1745e574c59cfbf6c,kPVMQfEY6c/ThJ/tYw/04TKu2Z1J38EhQgECvrulh4rJZddI4IfjGXZbEVcxi2PR4VQM7IrpYbp+drQqC5CBAA==,demo-test-2026-09,"{""filename"":""note_evid-0396.txt"",""gps_lat"":-33.3385,""gps_lon"":25.4622,""id"":""EVID-0396"",""parent_id"":""INSP-0196"",""parent_type"":""inspection"",""timestamp"":""2026-06-25T20:00:00Z"",""uploader_id"":""USER-0016""}"
LGR-0397,evidence,EVID-0397,create,2026-06-25T23:00:00Z,USER-0017,,4c5a8eef0771cf8ff70ebd9d4d67a4af839a33d24529c819f5bc392a0204beab,gpqaR4/NzmuFnHQJfKyxqK8T+DKLCWmxvJgRtmxL0dbAWSNGhESGqA/y+ltpq4PJ5lZ4HVcqR4TdLBAEN/b+Dg==,demo-test-2026-09,"{""filename"":""note_evid-0397.txt"",""gps_lat"":-33.3262,""gps_lon"":25.4733,""id"":""EVID-0397"",""parent_id"":""INSP-0197"",""parent_type"":""inspection"",""timestamp"":""2026-06-25T23:00:00Z"",""uploader_id"":""USER-0017""}"
LGR-0398,evidence,EVID-0398,create,2026-06-26T02:00:00Z,USER-0018,,12053a8b2da390d1a0ca49bbc0e673a6ad92a9dede79dd392a6b1bef1f52baf5,JV0kyAJu4TiI8Wr+ha3FVQ6smI47bv3D/chrSPaTrE8mbPfSDpiqXtFkMGD6VKckRPvmQNZC1FvSD7MuUCBlAA==,demo-test-2026-09,"{""filename"":""note_evid-0398.txt"",""gps_lat"":-33.3139,""gps_lon"":25.4733,""id"":""EVID-0398"",""parent_id"":""INSP-0198"",""parent_type"":""inspection"",""timestamp"":""2026-06-26T02:00:00Z"",""uploader_id"":""USER-0018""}"
LGR-0399,evidence,EVID-0399,create,2026-06-26T05:00:00Z,USER-0019,,6d628e3fd15d81f4ac3acddfef1f0fd1318bdb70f58a511918877494fb0a05fe,0I6EMLY/xUZHDbZdSSSpkUUjiHbTICMlGm7PubvJiyF4gk82RX/6dwU7BgwSPTAhv6Tl4MOqRr3A1dS8nO9+Cw==,demo-test-2026-09,"{""filename"":""note_evid-0399.txt"",""gps_lat"":-33.3016,""gps_lon"":25.4844,""id"":""EVID-0399"",""parent_id"":""INSP-0199"",""parent_type"":""inspection"",""timestamp"":""2026-06-26T05:00:00Z"",""uploader_id"":""USER-0019""}"
LGR-0400,evidence,EVID-0400,create,2026-07-11T09:00:00Z,USER-0010,,39e1ce26521114073d9bc43da73f8a2fbecc91c85be1c236a6f854d3187912bf,Q5twg3LlirxRYpAMXf6iXAoVFEzlvx6NzKG6hpDPErD6ujsAjg0KNZYpczHegqc0NveW4bfXcAq9V9c2OHvLDQ==,demo-test-2026-09,"{""filename"":""note_evid-0400.txt"",""gps_lat"":-33.2893,""gps_lon"":25.4844,""id"":""EVID-0400"",""parent_id"":""INC-0010"",""parent_type"":""incident"",""timestamp"":""2026-07-11T09:00:00Z"",""uploader_id"":""USER-0010""}"
LGR-0401,incident,INC-0001,create,2026-07-02T09:00:00Z,USER-0001,,8775bc2315d74a01b66b0b9710972ca9087b7351f7c391674c846c87e884e78e,8mgVx9unzLu8oGpOX4tmGSiQaAcLdARQPdNJmwRX13FvEbShYSAdFQCTAKYjiQ/Q3LNkAJjjgjsQHFeJ5lMWDA==,demo-test-2026-09,"{""id"":""INC-0001"",""priority"":""P4-Low"",""site_id"":""SITE-0001"",""status"":""Open"",""title"":""Access road dust affecting livestock""}"
LGR-0402,incident,INC-0002,create,2026-07-03T09:00:00Z,USER-0002,,0e6d1551b3889a02ac8701e2aec291450f269e440d696b3653a0c7c2cb1ef86b,k+2owqvQcrkEmFDs0vXS8imAjIWOmYWncwJrto0dsYSAT1FFJU+VMvWWnECTxhsmmVSJi73f0CqYIhWLW+RbBw==,demo-test-2026-09,"{""id"":""INC-0002"",""priority"":""P3-Medium"",""site_id"":""SITE-0002"",""status"":""Investigating"",""title"":""Employment list dispute at km marker""}"
LGR-0403,incident,INC-0003,create,2026-07-04T09:00:00Z,USER-0003,,42cbe35fe0af6fdd9a8e6330273cda46540629f96d1c37e65476ebfdce7444b3,yR0Yh6f21x3PksQ+i0/mZB5I6l9BNWRS5eFJh6TjEoXoJay/o2jHLyBGvInBz8gbhL5baOCidIyohUKQoUs3CQ==,demo-test-2026-09,"{""id"":""INC-0003"",""priority"":""P2-High"",""site_id"":""SITE-0003"",""status"":""Escalated"",""title"":""Noise after 18:00 near homestead""}"
LGR-0404,incident,INC-0004,create,2026-07-05T09:00:00Z,USER-0004,,e0dbab01f07ce09f75dea58e08d8ae3c8e00748bfd788f07b645742209e05a71,nzKM2I7uUFeCnEngOEvdqlvTpVXTxtigxNQNPzU1K+1F8cbKzBignMbytXIsU1lWVgNguv3rLUUbVXmlcxxpBQ==,demo-test-2026-09,"{""id"":""INC-0004"",""priority"":""P1-Critical"",""site_id"":""SITE-0004"",""status"":""Closed"",""title"":""Standing water at culvert inlet""}"
LGR-0405,incident,INC-0005,create,2026-07-06T09:00:00Z,USER-0005,,8c09ad701401a5a329b56de41bf905ab00753620187e74a8b40386fd10d30698,ynNaJ+fPH70+TMmX648MY9r+vEt++JKFBKxhLMyJ+Ldb15gna/ImdNNsntIYMvQ40Y3J1UR1VLCcHGzLp42kDQ==,demo-test-2026-09,"{""id"":""INC-0005"",""priority"":""P4-Low"",""site_id"":""SITE-0005"",""status"":""Open"",""title"":""Fence cut on community grazing land""}"
LGR-0406,incident,INC-0006,create,2026-07-07T09:00:00Z,USER-0006,,6e08491e5f993dd4c437b844ee1d29dc1a2364314f3c1b4d0ed8c9c36d0074f3,fXIV3K51ZeKTf9qe1YzE1sr7mXrdlPN7WhN8F6OIV/iM6p2orwBD+LcJYeTKa1Lz3sbhcu+qWrc7M7kR0/HbBg==,demo-test-2026-09,"{""id"":""INC-0006"",""priority"":""P3-Medium"",""site_id"":""SITE-0006"",""status"":""Investigating"",""title"":""Access road dust affecting livestock""}"
LGR-0407,incident,INC-0007,create,2026-07-08T09:00:00Z,USER-0007,,2ace0874c38a5430bb0db9354c96691c104b9fbc987a8f551c31104dd4ec7505,kB3lc73SA3rkWMJbNDtmKMmUpNbyJPrcuhMvW6z+C5TfyVCbjbhez2CNIz4OT+tUuEtJ5Ge42yrcM1uIr1exAw==,demo-test-2026-09,"{""id"":""INC-0007"",""priority"":""P2-High"",""site_id"":""SITE-0007"",""status"":""Escalated"",""title"":""Employment list dispute at km marker""}"
LGR-0408,incident,INC-0008,create,2026-07-09T09:00:00Z,USER-0008,,cd0fc516d959d5d765f7a2fd405275213d00d2b12850e9b300f203a9dc34b9ce,mSGhG25WvNCiT483agmtUP34xZOARRKVA6SXYJuEehsaANU6qMF2uS7yuE+uy8OzOsvhTKapmUc/CyiY73QHAA==,demo-test-2026-09,"{""id"":""INC-0008"",""priority"":""P1-Critical"",""site_id"":""SITE-0008"",""status"":""Closed"",""title"":""Noise after 18:00 near homestead""}"
LGR-0409,incident,INC-0009,create,2026-07-10T09:00:00Z,USER-0009,,f07df54c281177771e0203b41e4d0238543d526b687f5cfab20df76e4fb065bc,7vNTD8HyKGkbIBeSgo8QJC1frBhl0BM340w3rt9XvpkFT4tUJ8rIgaRXA/YeSS4W2HBvhwAXXt9jTiOYGJb7AQ==,demo-test-2026-09,"{""id"":""INC-0009"",""priority"":""P4-Low"",""site_id"":""SITE-0009"",""status"":""Open"",""title"":""Standing water at culvert inlet""}"
LGR-0410,incident,INC-0010,create,2026-07-11T09:00:00Z,USER-0010,,d1c93718a0039d778fedfc74e9f9109c22d15cfeaed8d7675d917d86e814dc1c,jrqHZjifAVDeyRuhaqIZBKU2SBQt3deGs7F6GO3DFuMAWWZl/ynsN94b8EZkFzk1YSDCbrVa1iSCPXpHkrRXAg==,demo-test-2026-09,"{""id"":""INC-0010"",""priority"":""P3-Medium"",""site_id"":""SITE-0010"",""status"":""Investigating"",""title"":""Fence cut on community grazing land""}"
LGR-0411,incident,INC-0011,create,2026-07-12T09:00:00Z,USER-0011,,407e2c8083f21413e7b64bf398a2a34c383eecb92edca153c70677ad770db9dd,cipFYB3/AcrrcBH6CXAZqQtULLSkgrI8rZWo5v7y9ECf7h7rO/f7m3JG47ua3pVMRTkQM6P6EhgIz194JRgpDg==,demo-test-2026-09,"{""id"":""INC-0011"",""priority"":""P2-High"",""site_id"":""SITE-0011"",""status"":""Escalated"",""title"":""Access road dust affecting livestock""}"
LGR-0412,incident,INC-0012,create,2026-07-13T09:00:00Z,USER-0012,,0738c2536209e7345e5e36363027432bc8b26a7fa7d089ca406e156e67f36096,KsXwMcHMlRfRHdmQOxDg9+Ymj9Fg1yNVJr2AOG8hxPLWi9/8CQKVJWR7uhz/PrAajaB8IqinIUEQBBpPiclKDw==,demo-test-2026-09,"{""id"":""INC-0012"",""priority"":""P1-Critical"",""site_id"":""SITE-0012"",""status"":""Closed"",""title"":""Employment list dispute at km marker""}"
LGR-0413,incident,INC-0013,create,2026-07-14T09:00:00Z,USER-0013,,3ec0b89b3a4fe8d9297e515a69e06be3e3a17635d35fd484cc32947c591f10a2,RrF0x12uJpHgMHlx7CkWqhmybxJuv3Ydufz+VqkA7q1z84iyyOS/v1RZFOCRSn3BJ5UhN5ugnI1KZ2l65gQAAA==,demo-test-2026-09,"{""id"":""INC-0013"",""priority"":""P4-Low"",""site_id"":""SITE-0013"",""status"":""Open"",""title"":""Noise after 18:00 near homestead""}"
LGR-0414,incident,INC-0014,create,2026-07-15T09:00:00Z,USER-0014,,0104c1c0fe61b5e9a5fde3eca174e913e14b922215b9d1fb8330f2f5da1e4bd1,6riXYFOtrCtE1LP82if2c6cplkx2tgyX5tvQNjcl2wvnUHelk5Df04ovjhxoCPodVrS6TbTHYylMS8P/3J6MBA==,demo-test-2026-09,"{""id"":""INC-0014"",""priority"":""P3-Medium"",""site_id"":""SITE-0014"",""status"":""Investigating"",""title"":""Standing water at culvert inlet""}"
LGR-0415,incident,INC-0015,create,2026-07-16T09:00:00Z,USER-0015,,ac974ad19a5f869cb200e7a2f1c30adbee50f68b8b6d50da70238f8341b0928e,8QntZDfKFEVo5GjEzL+G4fJQODZG+Zp6J1WZp7bg5u7dorA6jdWIoJtgVKUYSgmWAUmeI5XCCY3RFqhu7Va5DQ==,demo-test-2026-09,"{""id"":""INC-0015"",""priority"":""P2-High"",""site_id"":""SITE-0015"",""status"":""Escalated"",""title"":""Fence cut on community grazing land""}"
LGR-0416,incident,INC-0016,create,2026-07-17T09:00:00Z,USER-0016,,e5f8f8c88814fa020edd8ca050ec8521137cabccb23c14bcfaed96c4be4744b9,J1jzSPNRresZ//S1ZYkpfVPk7LDssY9Ugr//pSHkmqvY9n3Gw8p8++GNQoa4lANI9IpmTpqRP4BWAtTe1bKsBg==,demo-test-2026-09,"{""id"":""INC-0016"",""priority"":""P1-Critical"",""site_id"":""SITE-0016"",""status"":""Closed"",""title"":""Access road dust affecting livestock""}"
LGR-0417,incident,INC-0017,create,2026-07-18T09:00:00Z,USER-0017,,0351b2d5fec38620fe4a5d8164c36c3392e4db866bd903e71aad714ea8781fc7,nc5REfxj+KNfNIX2Yyj8tC4NzulCeppIJCpvxH21z6zK0B7XHUVQ/lvaMVXyCjHHyCDjqMnLi1d5GAwlW4wcDg==,demo-test-2026-09,"{""id"":""INC-0017"",""priority"":""P4-Low"",""site_id"":""SITE-0017"",""status"":""Open"",""title"":""Employment list dispute at km marker""}"
LGR-0418,incident,INC-0018,create,2026-07-19T09:00:00Z,USER-0018,,60f5546caf3f7981d2a10ad62eca17e539abd9488b822a5904882a65338b01fb,Ousj31ytT7eXDx8Ux7UGZCH6c8riiCfAdTH6t8OmSiRSJtcfokM9frrW5CAupKY8D2tetkuSyvNjkC4XyCq7Cw==,demo-test-2026-09,"{""id"":""INC-0018"",""priority"":""P3-Medium"",""site_id"":""SITE-0018"",""status"":""Investigating"",""title"":""Noise after 18:00 near homestead""}"
LGR-0419,incident,INC-0019,create,2026-07-20T09:00:00Z,USER-0019,,46b91d85fc5cb43901de413c04c16eaa2543f7f30130672b71d9ad864ff4526b,xUCZRtczky2UMcKZY8vvSuKIRhlvyPJM9czYZW3056Zz9Il8zMg88cxoRwij6Rdn+cUaE1Nu7gtiuS/+dnCUAA==,demo-test-2026-09,"{""id"":""INC-0019"",""priority"":""P2-High"",""site_id"":""SITE-0019"",""status"":""Escalated"",""title"":""Standing water at culvert inlet""}"
LGR-0420,incident,INC-0020,create,2026-07-21T09:00:00Z,USER-0020,,991bb05a81ed398a97fb27b9d34952fdc5c8d549d6c996d5c9eb10c4c88db20b,1IhVUSQCGVmJYnRVxhB81A/wN7+XQOdez8KxyIpBdAKsCgRmiWA4ElB2/XfN433gIa8P7rR+H7BrArpB7T6MDA==,demo-test-2026-09,"{""id"":""INC-0020"",""priority"":""P1-Critical"",""site_id"":""SITE-0020"",""status"":""Closed"",""title"":""Fence cut on community grazing land""}"
LGR-0421,incident,INC-0021,create,2026-07-22T09:00:00Z,USER-0001,,c09568b6cb86b3a403b2096247e404fd8aae76f87e0b2c4fe6a8624c350990d5,mM5leSWjnrrTWJjpJeC1J6ZrcxumjufN0orRLO+hrjhRbsN3GVT5iV/dtE1zTzUuRSiwtoMpOvtW5Er/WYs6Dw==,demo-test-2026-09,"{""id"":""INC-0021"",""priority"":""P4-Low"",""site_id"":""SITE-0001"",""status"":""Open"",""title"":""Access road dust affecting livestock""}"
LGR-0422,incident,INC-0022,create,2026-07-23T09:00:00Z,USER-0002,,35c969e880ac3d15b38bc24af5dff209527e014805a9b5317b717c6adec1f184,Ls/Go6gH4R3SOO2LBbv2YiZnREe9wN8V0rdkIWPbfPRuin0+pVZYJyASdlJo1umFgEiu63w8I3KYpBhl/cYTDg==,demo-test-2026-09,"{""id"":""INC-0022"",""priority"":""P3-Medium"",""site_id"":""SITE-0002"",""status"":""Investigating"",""title"":""Employment list dispute at km marker""}"
LGR-0423,incident,INC-0023,create,2026-07-24T09:00:00Z,USER-0003,,00d614decfb80217e03fe46c2143cb411c4636c0a7841a065eebadf1569393ac,wjySxBM0Y0GlEHUDW3NOpBnWi8sT9SmQR7I/dYFr617ji1AusACNsB9mtS18Ua4ft5scLhf1Fd2mfr5rOx4rAw==,demo-test-2026-09,"{""id"":""INC-0023"",""priority"":""P2-High"",""site_id"":""SITE-0003"",""status"":""Escalated"",""title"":""Noise after 18:00 near homestead""}"
LGR-0424,incident,INC-0024,create,2026-07-25T09:00:00Z,USER-0004,,8ec33d54e2344a2676e14d1efc21e479acfab6f186b79a201d977f423573b979,ORd/peDGN4tf7JWOsnisRuj4Z9nvQJc9XpICylZhjAOkEJepG+LPcJb2MQuqvisyM2ux1kJJ1zkeyI6qrWf/Bw==,demo-test-2026-09,"{""id"":""INC-0024"",""priority"":""P1-Critical"",""site_id"":""SITE-0004"",""status"":""Closed"",""title"":""Standing water at culvert inlet""}"
LGR-0425,incident,INC-0025,create,2026-07-26T09:00:00Z,USER-0005,,061422e467b3c503f4a059356e3767a744b803b82f1918ebdcb71422fd3eb6c2,o74+dblh1oT67jWH/WwSc+EBrgkHfqrImTGi7G2mSyzuZGBuXQU4DSKIrWsOWLPDycYsf5RYq3sRf0iyBo8nAg==,demo-test-2026-09,"{""id"":""INC-0025"",""priority"":""P4-Low"",""site_id"":""SITE-0005"",""status"":""Open"",""title"":""Fence cut on community grazing land""}"
LGR-0426,incident,INC-0026,create,2026-07-27T09:00:00Z,USER-0006,,d727313d6b85b47abb652383c2d67d4ebf919ab0036c930e9833ad3808d7325c,55D9+OYTnSS+Myj/Igl2c97KN5gUkF4QmprSidJgVhb4tFbE0/4efCE3LctTGckF6RrdD3ADvxHOsHxlkyfYDQ==,demo-test-2026-09,"{""id"":""INC-0026"",""priority"":""P3-Medium"",""site_id"":""SITE-0006"",""status"":""Investigating"",""title"":""Access road dust affecting livestock""}"
LGR-0427,incident,INC-0027,create,2026-07-28T09:00:00Z,USER-0007,,c9eebef907ed4ccd350e08037393d9914a91a41e0407c53701d7e7e9b3d416db,QDrE3OFiFigC5C8fK/EZuX6q1kv/srA5VNt5ZeBze0Gtn7j5AjBx3h1l5d0tUHPXubvWwgEiUzUq6pGY7dGhBw==,demo-test-2026-09,"{""id"":""INC-0027"",""priority"":""P2-High"",""site_id"":""SITE-0007"",""status"":""Escalated"",""title"":""Employment list dispute at km marker""}"
LGR-0428,incident,INC-0028,create,2026-07-29T09:00:00Z,USER-0008,,110cf0bc39f21c694b1ccc6b4ce220a9690d22597e6c6045739a0ead87ca0024,Z+CLtNRd1JCeGS3O9Mp3biYZoVeg0kzJ1CpGKq3suStNQ4jY8ajkJUPXJayHokiXFQqF7JyKaGW8uGX+gucGAA==,demo-test-2026-09,"{""id"":""INC-0028"",""priority"":""P1-Critical"",""site_id"":""SITE-0008"",""status"":""Closed"",""title"":""Noise after 18:00 near homestead""}"
LGR-0429,incident,INC-0029,create,2026-07-30T09:00:00Z,USER-0009,,cb710cc30c9416bb231a0f150dc9fe4d2270e77ced0ad40f1060cbd3dc5935e0,MAyOBmNaMALvJfgEpXgQ6zmxh3xcLaO3i/nvcShi2O50AFRx6hSCtwCBU3AKTeYXEkPF/lN8IVvc6mCD4J9qAQ==,demo-test-2026-09,"{""id"":""INC-0029"",""priority"":""P4-Low"",""site_id"":""SITE-0009"",""status"":""Open"",""title"":""Standing water at culvert inlet""}"
LGR-0430,incident,INC-0030,create,2026-07-31T09:00:00Z,USER-0010,,9658d327248419bd49f6b7b8dc4fc360a7dcf1921d4f40cf84a25f98eb74b0fb,CHjByazd1Ok8ZScyk4QMeIbIeOYcbbeuOGSSw6GyRjTGhIr/LFKXKonb0jSFLaYyjAugtEJ6Qe39FbMXPdQzCg==,demo-test-2026-09,"{""id"":""INC-0030"",""priority"":""P3-Medium"",""site_id"":""SITE-0010"",""status"":""Investigating"",""title"":""Fence cut on community grazing land""}"
LGR-0431,inspection,INSP-0001,create,2026-06-01T11:00:00Z,USER-0001,,4cc09056bd1e4ff4c753b1ec58b4d50bfcf090ed2fa5c81de9458e0ca67bdd40,f8CW3oMeZ7Hg1kBS9dYqKtV2hlQO9jiC1gtRsyCiYp1HtBL/oV1UpuIfzgBkbq4QsKDhEt4kMl/9mkSj/nZgAg==,demo-test-2026-09,"{""asset_id"":""ASSET-0001"",""id"":""INSP-0001"",""score"":61,""status"":""Completed""}"
LGR-0432,inspection,INSP-0002,create,2026-06-01T14:00:00Z,USER-0002,,cce55221d489cbd67004ff28562706b28b0f50b5c1b68ec42615de101a545562,3s/EEENiYpxlgnwfsC36HT/19LNR92nhtBPtd7lj+xOtWnLSwGt0CbToI2IeqNl57JA4q0qB/GAjt2QyuRX/CQ==,demo-test-2026-09,"{""asset_id"":""ASSET-0002"",""id"":""INSP-0002"",""score"":62,""status"":""Completed""}"
LGR-0433,inspection,INSP-0003,create,2026-06-01T17:00:00Z,USER-0003,,31e6a3f2c0ee997e028df6c6b2229a5261a8f8734c29f68dfd8677c2ef1a8af5,LbtaNiQmabYmfUqip9bqLu86Uo9RF6JU2SRR0m4Z4ijRXX+UwoyXZOQtGJ1Qgm3mlwtfN/CXgc+mhuc5qdVHCA==,demo-test-2026-09,"{""asset_id"":""ASSET-0003"",""id"":""INSP-0003"",""score"":63,""status"":""Completed""}"
LGR-0434,inspection,INSP-0004,create,2026-06-01T20:00:00Z,USER-0004,,4c0f5045af50b854d1893ccd7419d541e3c931bac556814fb453a1baf00d9a0b,mLoQ6BBrfXraTak0cdE8ujIX6bunZ4Myvttxrg5SgpFuAAFGYCqfVXsufEF7Z5Y0e4tmBAOXxfUx9JpjdDQRCg==,demo-test-2026-09,"{""asset_id"":""ASSET-0004"",""id"":""INSP-0004"",""score"":64,""status"":""Completed""}"
LGR-0435,inspection,INSP-0005,create,2026-06-01T23:00:00Z,USER-0005,,c5920a434f3254194c67bb612fdc1e38698778839b906c876f80fb1f68f9dfa8,RPYXwYMURIXSjZc4sqzizeZORo2dnyy2enP3rx2j2BhnXzRQuziRy6xa1rf2tCHuXbZ5AzshGmjx/OWgMXqMDw==,demo-test-2026-09,"{""asset_id"":""ASSET-0005"",""id"":""INSP-0005"",""score"":65,""status"":""Completed""}"
LGR-0436,inspection,INSP-0006,create,2026-06-02T02:00:00Z,USER-0006,,40508ad2f5debca5e22e8791137e2b65b1704caba50230b29c14a6b827f40ea2,Y2Kh2xT9YDwMclMiZCiVxAZl4SOYmpJMoYoWNZblRjGMakbzmreLjxeAU5Qw0u4wYkyYIo+fttLS8p2Dfk3UAA==,demo-test-2026-09,"{""asset_id"":""ASSET-0006"",""id"":""INSP-0006"",""score"":66,""status"":""Completed""}"
LGR-0437,inspection,INSP-0007,create,2026-06-02T05:00:00Z,USER-0007,,3e890c32c70555a3458c6831cb22c5e41ae04727f90899ba908522fd07db0425,q5OWSGS1Dpv4bMv5tKZJ/LcNcXKGkOoZdn8kvzIm0zSmsB2yvb5jb5dKglSQCCkOXTBnwuOiXr6Hb3yeQFrJCA==,demo-test-2026-09,"{""asset_id"":""ASSET-0007"",""id"":""INSP-0007"",""score"":67,""status"":""Open""}"
LGR-0438,inspection,INSP-0008,create,2026-06-02T08:00:00Z,USER-0008,,52ff3d7321ec3be052a528e4e8664da853931482e6e9b2dfc1ea3cbcf2c79fb8,XR0RhT5CAAE+dWG6E6sWk0n47xgd0psRxjOKs2qO6oVXFk85+MSXXG5DixL2CiMNdKFXVfEZSb8UTqnY5XEkDQ==,demo-test-2026-09,"{""asset_id"":""ASSET-0008"",""id"":""INSP-0008"",""score"":68,""status"":""Completed""}"
LGR-0439,inspection,INSP-0009,create,2026-06-02T11:00:00Z,USER-0009,,768f50a8f6b3e7f061a2e2e03a70aba9e96838e593314665c51e10b4ad8fa471,xkpV09e8it0iT7+aNY42awsPjGG96k/Q95gtZqyIqb5ZoFVCaVIcV794OILlHJjY7LuY9c0mGoPzTVQIT0o8Aw==,demo-test-2026-09,"{""asset_id"":""ASSET-0009"",""id"":""INSP-0009"",""score"":69,""status"":""Completed""}"
LGR-0440,inspection,INSP-0010,create,2026-06-02T14:00:00Z,USER-0010,,a8fdd26e6a3f584826879a4433a0d2787fbfc49323b44a06a899848e6163cdcd,B1/GmY70lVbns/ugHY4nzbnWYj1ddm4Z9xgGSCmQqQrqkOO3iSvKaKXBzk/PMSKacgmPwcNz4cTPl5bRxIa1Bg==,demo-test-2026-09,"{""asset_id"":""ASSET-0010"",""id"":""INSP-0010"",""score"":70,""status"":""Completed""}"
LGR-0441,inspection,INSP-0011,create,2026-06-02T17:00:00Z,USER-0011,,9af84ec6fdbcd8371650577665a2ee945b8a1ff9f298f78bef29ec49aaf95a26,H/CGwH3y+CIENROSGhZWBbfza9O4R96iJBRkKbeVsi00Ya9I3f2WyZJN+PHai98E+ncTSV2kvieisW5tUOcUDA==,demo-test-2026-09,"{""asset_id"":""ASSET-0011"",""id"":""INSP-0011"",""score"":71,""status"":""Completed""}"
LGR-0442,inspection,INSP-0012,create,2026-06-02T20:00:00Z,USER-0012,,8daccbeb0277be316e6522027658662a178f7f4c7d62e635a2dd9b5da5b79692,XlRclhQR6MwjLu/TnAqYak6sSIXASbKAS/8oEihYyvBo160n6eFK5+RNZ5JUOVmffG60CNGN7WgXIUEdTxCMDw==,demo-test-2026-09,"{""asset_id"":""ASSET-0012"",""id"":""INSP-0012"",""score"":72,""status"":""Completed""}"
LGR-0443,inspection,INSP-0013,create,2026-06-02T23:00:00Z,USER-0013,,b3314f190815ad80494fba3b25935f4f0d662cb75b2ae42ffbb1e5beb1934c86,lfYMm9k5oPo4DOnUG0wUNkX2SIFGqRktmX7PXxwzTlTP0cMZTAu160aksoW/LRJYbXLN0jBq8SJcufQ4A0n6BA==,demo-test-2026-09,"{""asset_id"":""ASSET-0013"",""id"":""INSP-0013"",""score"":73,""status"":""Completed""}"
LGR-0444,inspection,INSP-0014,create,2026-06-03T02:00:00Z,USER-0014,,6b0711d18aeeb0c9f2068fe0de439c0e4255e783ecfccf1f54e5cdf6b394c8ba,1emSB1YtHqpZ2b9+aZh2gGeKq8giQiiuFsIsC8iNa+j4Dw1owfTeM4k3GwnS0eXZykMNwo/mQzx+z4gBfu3VCQ==,demo-test-2026-09,"{""asset_id"":""ASSET-0014"",""id"":""INSP-0014"",""score"":74,""status"":""Open""}"
LGR-0445,inspection,INSP-0015,create,2026-06-03T05:00:00Z,USER-0015,,55e28698b57dd8ceb8197949f5c4b8413fe022f174dcef0f386778646b8d39e9,MSQ+xtVf44ieIY5/0N+bzzxt6b7nzGuYJK3pRw3kjUqngDPNO3MJawfJC/9ojjHKC67+rIxk9niOle0b+wDTAg==,demo-test-2026-09,"{""asset_id"":""ASSET-0015"",""id"":""INSP-0015"",""score"":75,""status"":""Completed""}"
LGR-0446,inspection,INSP-0016,create,2026-06-03T08:00:00Z,USER-0016,,07d4249f2e1c26d68273d4d6e1fc0c8831cea2b95876e0f6c8fc2a8efbc13129,eKnM6NqtTIiVcDQdohclIxKO+yE4G5uxBWGApYG1yd7b2ZqlUqkV0cqwHXSL8Ag5cWyHXXlV6cAQRF8U4P/mDg==,demo-test-2026-09,"{""asset_id"":""ASSET-0016"",""id"":""INSP-0016"",""score"":76,""status"":""Completed""}"
LGR-0447,inspection,INSP-0017,create,2026-06-03T11:00:00Z,USER-0017,,5d917efb6045434b511d8b5fc92322c5f400f4b2c00fe6d46231033cc64fd168,OaCAJOT2n5TTT6o3g0ph6iZ20HqUOQBFgY7yrTxBTh5D2Qcv49HYwL/Oy7EddxrtxrPib/O2VKYYV/wSgutMCg==,demo-test-2026-09,"{""asset_id"":""ASSET-0017"",""id"":""INSP-0017"",""score"":77,""status"":""Completed""}"
LGR-0448,inspection,INSP-0018,create,2026-06-03T14:00:00Z,USER-0018,,1004dffbdbc79f83f5f9bed6b5c76a235df506d5d6ecb5623119edfa9f1b06e3,lAGyoTCHFp+NaMslrB5E0F1t7do5StvIhAbAGi6PTAA9nY+2fcW4CO8N6QCsVXdZgoyfgIN8V+ntLTBQQlZJCw==,demo-test-2026-09,"{""asset_id"":""ASSET-0018"",""id"":""INSP-0018"",""score"":78,""status"":""Completed""}"
LGR-0449,inspection,INSP-0019,create,2026-06-03T17:00:00Z,USER-0019,,a1bc3476c8ae7bd7ec869855dbc8e33eea5ed67a66b8da0f6e5f0bd7260f10e0,HQORv2cC0h8felJwWLx0xIA3fvxeXUw9lejWsya/Xln5Q49tPOYl50P8ZXni9dsCXf/5rwM/MFT25PRTdCX5AQ==,demo-test-2026-09,"{""asset_id"":""ASSET-0019"",""id"":""INSP-0019"",""score"":79,""status"":""Completed""}"
LGR-0450,inspection,INSP-0020,create,2026-06-03T20:00:00Z,USER-0020,,3e51cc1b10c271dae240152dbe17b58c0428023e0289a25b7d056526db3e934c,IDiSh5eXvq7sS2TJjGjroCkTjupHBATA788Wgtqsn7hpH6XFAfL3m9iK3WKyhNh6C/3T+jBVaDGy4MdpTbgMDw==,demo-test-2026-09,"{""asset_id"":""ASSET-0020"",""id"":""INSP-0020"",""score"":80,""status"":""Completed""}"
LGR-0451,inspection,INSP-0021,create,2026-06-03T23:00:00Z,USER-0001,,67e25884ec367e88403e694e434cd7c4f5d310500d759c79c5260b12e6bd8c1a,YYT1UJY+7pqxTvAR9EEqtbfLgbVyxA0X+4wt3euIR/NrU/uiiq4OVbf7V2SBfBLM/Y9OCj8mirMtmUsEOOnyAQ==,demo-test-2026-09,"{""asset_id"":""ASSET-0021"",""id"":""INSP-0021"",""score"":81,""status"":""Open""}"
LGR-0452,inspection,INSP-0022,create,2026-06-04T02:00:00Z,USER-0002,,f5bb937b96f33a1bc08b3a9f921415c9c20fabba5e5f89ccdddde33405910a4b,MYk55F1OGjrAb+7g+ZgoHCZitjyTLJOLBnDlYUQEjJdnKKbCI3jVPBBm8QekDZMWHLOjYIwjMgCvGFsd4iMhDQ==,demo-test-2026-09,"{""asset_id"":""ASSET-0022"",""id"":""INSP-0022"",""score"":82,""status"":""Completed""}"
LGR-0453,inspection,INSP-0023,create,2026-06-04T05:00:00Z,USER-0003,,71133fc06f46108d17a221f507ba13b92566e665bd5bdd4240428db9d0f8ec10,b+GCyx39SrjsbStzsd5mkajkeEPHQrk2yaVZuOYoyAPIAyLs6Gy2tE6Z7aDWSkZpH33MAsTzdFV+ygBXzDj7DA==,demo-test-2026-09,"{""asset_id"":""ASSET-0023"",""id"":""INSP-0023"",""score"":83,""status"":""Completed""}"
LGR-0454,inspection,INSP-0024,create,2026-06-04T08:00:00Z,USER-0004,,b515f687cf1991ac56fcbffebbf1f015bd6d7c24e256010638a883778a44269f,8MdXUXpzlBkWNZr4NzZubmeceJZ7FNv+vSEBUOtV5bOjGcwGcYiTadKvKDJTlbd3LOo9+t6DBJqdU+Ml7SR3CA==,demo-test-2026-09,"{""asset_id"":""ASSET-0024"",""id"":""INSP-0024"",""score"":84,""status"":""Completed""}"
LGR-0455,inspection,INSP-0025,create,2026-06-04T11:00:00Z,USER-0005,,efcd9216a85cb15b65393391ed63fc3658f93916221d80bd3a4e3cdd46eba7f5,qA7gVgAtTeyxVxEoEfodWtEuoo9wdh9atCLSZPVTNLd0c1arRQuT7DWT+ri3CD2gMFtmeM1wZrSdKsFueO7hCQ==,demo-test-2026-09,"{""asset_id"":""ASSET-0025"",""id"":""INSP-0025"",""score"":85,""status"":""Completed""}"
LGR-0456,inspection,INSP-0026,create,2026-06-04T14:00:00Z,USER-0006,,2b54a93866b0a3c00f8c23bcb5433b16cc8ba2d5d5cc222ccb6f21e484cfb6f4,pJY79mESEi+b3bYGMOGUMVgthZsA8IaptmUuODydr1heGwKb+azIEm1q89k20IkgVL3AKD3ZF0tDra3HW2f6Cw==,demo-test-2026-09,"{""asset_id"":""ASSET-0026"",""id"":""INSP-0026"",""score"":86,""status"":""Completed""}"
LGR-0457,inspection,INSP-0027,create,2026-06-04T17:00:00Z,USER-0007,,167b9bb4c713f720bb0b86100566cdf9c8053c6efd98d033d34ab28aba668f15,sqBrBT1z3jWeRmtt0SW5lrr/xwTRguGI4iyVA9qon2/nb4/z4HwklLT075jsFxeO+8xVu6gjRj+IvkFP1iUCDQ==,demo-test-2026-09,"{""asset_id"":""ASSET-0027"",""id"":""INSP-0027"",""score"":87,""status"":""Completed""}"
LGR-0458,inspection,INSP-0028,create,2026-06-04T20:00:00Z,USER-0008,,7d25664a52fda867179d5098bb2f9b0ea3a29472e82ab275d4290a073917b9ea,9BUez0mkOuzzD/ENumGeqk+oUkPPepYuayDVeGfQF2VrFJmNaMppjCd7zt2mo5KviMGXIhghBr2UlZXe67vHBw==,demo-test-2026-09,"{""asset_id"":""ASSET-0028"",""id"":""INSP-0028"",""score"":88,""status"":""Open""}"
LGR-0459,inspection,INSP-0029,create,2026-06-04T23:00:00Z,USER-0009,,e277285375e18ad4f737c506acf31ebf1ab5b83c3124ef4c066a0d45cd3c721a,WCY70OS2/cExuiemIMC4Qk4gP3kdIgzpeqZnYTSVxdUlxugBtx72IuaCRzNpcd6sdj+Zc948edrmjPEn16eqDw==,demo-test-2026-09,"{""asset_id"":""ASSET-0029"",""id"":""INSP-0029"",""score"":89,""status"":""Completed""}"
LGR-0460,inspection,INSP-0030,create,2026-06-05T02:00:00Z,USER-0010,,e1d85d1dc8a9bda8c82d02d97adda7df6a04ec7f60069ed8e4cebc568fcedc1c,uxsHQZmwTTO9W3UW2Ao+9aLMv4dzVWJu4B+H0SGfA8zZVbf05UZI1vA51ZqQWw35GGvWJk1muZy3aqA+vE9OCA==,demo-test-2026-09,"{""asset_id"":""ASSET-0030"",""id"":""INSP-0030"",""score"":90,""status"":""Completed""}"
LGR-0461,inspection,INSP-0031,create,2026-06-05T05:00:00Z,USER-0011,,322663bbd3884e890accf53748a0e6745215f651fbf2da9d9cfc2ed72a81e711,0suXHQdrR6vt4nw3PoylhHGlw9yspz6UmPXgZHXoXE8Jb/YdvQi/nijBFy74I2IEcu3a5Hk/51m4AsJnW+edCw==,demo-test-2026-09,"{""asset_id"":""ASSET-0031"",""id"":""INSP-0031"",""score"":91,""status"":""Completed""}"
LGR-0462,inspection,INSP-0032,create,2026-06-05T08:00:00Z,USER-0012,,81683effd7599deb5548d5a9e95e46ae6c39f0ccc997756edbf8b846e129dcc3,X98ZF1eERzOc0UPgfcBPOkx4UJb0nSe4Bqu2fVH2BuscaKwLjwFIgQNaJzwuHpf4nXgsqjXN/HHePTKXb02iCA==,demo-test-2026-09,"{""asset_id"":""ASSET-0032"",""id"":""INSP-0032"",""score"":92,""status"":""Completed""}"
LGR-0463,inspection,INSP-0033,create,2026-06-05T11:00:00Z,USER-0013,,1b8733cd9e75ffcf450307bbcd970d78abdcfef8cf0951f5f8f126035c253eac,fe3ypA1LaBp5TnfWT77UN5Va2hP81TxAbJGDeDyzg23qxAk0o3R+eqb7LSQa3V0jdCZeJAsBK1wGeommOv9PCQ==,demo-test-2026-09,"{""asset_id"":""ASSET-0033"",""id"":""INSP-0033"",""score"":93,""status"":""Completed""}"
LGR-0464,inspection,INSP-0034,create,2026-06-05T14:00:00Z,USER-0014,,5f2805fce7fc681768fdc046cd1ca153a8e60bfbb2ecfa06f4f24a218fdea980,A7iBbWkNqCMmlwBvhS1GGOTBr5d0YWej2uT3xFRdKtqGiuicWeYlQZ46YCTapZ8Pdm6mGpGxhOvBKbN/H+lMAg==,demo-test-2026-09,"{""asset_id"":""ASSET-0034"",""id"":""INSP-0034"",""score"":94,""status"":""Completed""}"
LGR-0465,inspection,INSP-0035,create,2026-06-05T17:00:00Z,USER-0015,,81babf3c85ee3b0adb75a79be9d1843c4ab8a63cfa897ab0e70081609bc743ea,3yoyM4hAQ21awmGJ3E9C8bkXn8sumBBwEyBEDNvzXPsxKltTTIzVMy5eaOS/O4nMGj+G5oDoCKFt2iTN7Fj8Ag==,demo-test-2026-09,"{""asset_id"":""ASSET-0035"",""id"":""INSP-0035"",""score"":95,""status"":""Open""}"
LGR-0466,inspection,INSP-0036,create,2026-06-05T20:00:00Z,USER-0016,,77954eb772827e82d2a12ae00fcf0da94615330c206c0b43eabbec78791a2ee9,jCmfD8N50atq043XALMhSax9HFBlWT/IaVATx+tL7Rhh1aofp9/uQqq6OTsHUuIv0EnKBkCJarGjhsgEdwjvBw==,demo-test-2026-09,"{""asset_id"":""ASSET-0036"",""id"":""INSP-0036"",""score"":96,""status"":""Completed""}"
LGR-0467,inspection,INSP-0037,create,2026-06-05T23:00:00Z,USER-0017,,a0d1193d0fb2ae102aba1c2790595979f962197e0f62403c1db3407f5075a7b1,FWZXRy2jiLWRXNqcR+1OQQoANU4FRUbsLeE2UWLtWaYYuOge7yg5Z/8JNM+Ezdv3FVPaiZSjTYYbIWXViBA/AQ==,demo-test-2026-09,"{""asset_id"":""ASSET-0037"",""id"":""INSP-0037"",""score"":97,""status"":""Completed""}"
LGR-0468,inspection,INSP-0038,create,2026-06-06T02:00:00Z,USER-0018,,39870de772e2567d8fb48de0957162664adb387eda9736cae1c56a432243f047,yhes2f5yLSWYBTlqoxmlhVdXzJhLU5JdPMMB6JREJU0hjxs0Xt7y/vqcx5bYCH0joMt6RPCNW/77IewjmdLnAA==,demo-test-2026-09,"{""asset_id"":""ASSET-0038"",""id"":""INSP-0038"",""score"":98,""status"":""Completed""}"
LGR-0469,inspection,INSP-0039,create,2026-06-06T05:00:00Z,USER-0019,,2a04682626a8f8a897893454783e29358ac25c3ff347cc62a7b49a0e735dbeeb,LQAN8f4j0Q+dwKB7jct9qPH6z77Q3/Az2xYi/ggD4bz1yn/iy3CjYPkcPHMyejvOAoMFl9lZevkV7IbPC1PJAg==,demo-test-2026-09,"{""asset_id"":""ASSET-0039"",""id"":""INSP-0039"",""score"":99,""status"":""Completed""}"
LGR-0470,inspection,INSP-0040,create,2026-06-06T08:00:00Z,USER-0020,,8c65e4d01cc7ffa853e7269cafb787373287a06a5630ac834827e4d803d73edc,yOGXXm2RwS8v5/6y178BEjrHOWa7Wm5/k+9RTj0m6hptTqSZY58OwDvA1mjs7ZefuAryIxtcmlKLvh0+0de3Cg==,demo-test-2026-09,"{""asset_id"":""ASSET-0040"",""id"":""INSP-0040"",""score"":60,""status"":""Completed""}"
LGR-0471,inspection,INSP-0041,create,2026-06-06T11:00:00Z,USER-0001,,00604e5a8d540b077d2b6de9260d0481e859c89997ae80846ecbd385516f1986,fsdVcLNm5vh1a4Wk3wuR0TFOFbAPFKqGAeEo8t12LEijSQnqPb4dzezIidzINbSNmskqsi/gdSFDd3FRvcXtCA==,demo-test-2026-09,"{""asset_id"":""ASSET-0041"",""id"":""INSP-0041"",""score"":61,""status"":""Completed""}"
LGR-0472,inspection,INSP-0042,create,2026-06-06T14:00:00Z,USER-0002,,e9fe5c1da1c6dcaf071c24c90ff83bfef6296a3cf591697911ab565ee4e34bf4,evrYOAgzWu3hY96S06BrycogLNnJtWf7vnDaRRVkHGqYs04VR56nAE4Shj95xwhYk+UTSGJzYLkFsIXmUP6DDA==,demo-test-2026-09,"{""asset_id"":""ASSET-0042"",""id"":""INSP-0042"",""score"":62,""status"":""Open""}"
LGR-0473,inspection,INSP-0043,create,2026-06-06T17:00:00Z,USER-0003,,40eef0fc1974e8fcb8fe00a8150f5b270de430fee474f2ff1867dec4b074daf8,32rlwkGQaB4Kym5nJ9B82esOWp+qFC0U6F5CSG3zSwhFVq9ypJ7VCw/s0a8IQH40borq+L2T16rHDMr4e2/XBA==,demo-test-2026-09,"{""asset_id"":""ASSET-0043"",""id"":""INSP-0043"",""score"":63,""status"":""Completed""}"
LGR-0474,inspection,INSP-0044,create,2026-06-06T20:00:00Z,USER-0004,,55f1e254a1ab76c86cd6ba0edd08c01267e99c6ff1c59616ca008d5cafe0bf02,f4V+S9jLT3362tcZcKgH6rf57lelkx9P/XYu3pKElznypJjXwoKfNto91zQOUFBgLLx0VLYFMnAXXM9VKuGwBQ==,demo-test-2026-09,"{""asset_id"":""ASSET-0044"",""id"":""INSP-0044"",""score"":64,""status"":""Completed""}"
LGR-0475,inspection,INSP-0045,create,2026-06-06T23:00:00Z,USER-0005,,b22d8f1c42ad5f6d67be16af56a2ed146fb455fc50283f39df76d05ddacf5e7b,UlWgRV9GBY66i7dhpzLly4nmv/eHH+BpoVerV/GirwbmYVA/yumBFrCMs412NKPY1B07xs0TEu1/raN4/ctqDg==,demo-test-2026-09,"{""asset_id"":""ASSET-0045"",""id"":""INSP-0045"",""score"":65,""status"":""Completed""}"
LGR-0476,inspection,INSP-0046,create,2026-06-07T02:00:00Z,USER-0006,,a7df1b1f97b4cd59cf6e5da239d715f6340c3dee4713fc3b223fea792083b783,thGHRIIIifV2I6DqrpjFU36NCihf41eNwMKT/tCUsq0qY536dSraTrk+0lximaV6KD0/e+3ozoSBmnCPdulyBg==,demo-test-2026-09,"{""asset_id"":""ASSET-0046"",""id"":""INSP-0046"",""score"":66,""status"":""Completed""}"
LGR-0477,inspection,INSP-0047,create,2026-06-07T05:00:00Z,USER-0007,,9f159b02988ab8fab6e64b8c7da83cf7523fee6a3cfea07c3ca7e30c44496f58,mnpzrl+a8U3SBTDxDLaESal4QvZV5BAOJDYlTlZrpyfNlHIz6dTd5Ozl8MZI592AkmA7FbvNY27I32rl9guABQ==,demo-test-2026-09,"{""asset_id"":""ASSET-0047"",""id"":""INSP-0047"",""score"":67,""status"":""Completed""}"
LGR-0478,inspection,INSP-0048,create,2026-06-07T08:00:00Z,USER-0008,,aa76bc4f6a47f497c82a08ac629b6acb2a534f666e837cbf6d3d67cd865196d5,xNVeA6ALNF+Sn3Si/xS+d9gs/MXzBXA+yxd8oHr+Oaso574USldlRXjtUK7jAkOweMuPUZKTu+E71Y5l1W9SCw==,demo-test-2026-09,"{""asset_id"":""ASSET-0048"",""id"":""INSP-0048"",""score"":68,""status"":""Completed""}"
LGR-0479,inspection,INSP-0049,create,2026-06-07T11:00:00Z,USER-0009,,df0f3aa42d3b87cdd26c617adef8e347da032a3804d7709ae05da6cdecf0a7d2,yDT57Cnogjm1DSmk0D9A055lUJvvW2N/AJpbuvFufCxnDVpGp5UZ28yMAX97fSh8MaZrkzMBOypeSvfG3I7uDw==,demo-test-2026-09,"{""asset_id"":""ASSET-0049"",""id"":""INSP-0049"",""score"":69,""status"":""Open""}"
LGR-0480,inspection,INSP-0050,create,2026-06-07T14:00:00Z,USER-0010,,b6eae3fe2fb1a7b02b16e9aa51bb6e236364e310e86b44332d320252e84b6f49,eeX9MD7To/p6gfmHYyHwUeATK4ixDJlm3JXSrAjhks0vD3Bt405kGdlHnL2HL2Ftmt2tOjMnCp1yjblipzVBCA==,demo-test-2026-09,"{""asset_id"":""ASSET-0050"",""id"":""INSP-0050"",""score"":70,""status"":""Completed""}"
LGR-0481,asset,ASSET-0001,create,2024-02-15T08:00:00Z,USER-0001,,4e7c76136de1b6fa1e1b365a77decbf09c22556399d534b5802c926afac187bc,+/HQKJiARTjT+oamSUVNDi0Htn0OohDXILHryP2XsKVZ7YOvhm0djrkrPRCjsi0HlOTBZvT0QhHbEh8BYyyCAg==,demo-test-2026-09,"{""asset_type"":""culvert"",""id"":""ASSET-0001"",""site_id"":""SITE-0001""}"
LGR-0482,asset,ASSET-0002,create,2024-03-15T08:00:00Z,USER-0001,,6e817976d7186baae001e5e2d142196c8dad74dd518d5fa3d0cd2eb7755d4d37,rYsSRQ3Hg7H1yhsX/iM1dhCebH9nmWBIsRWDD2O9Z//q99OabN6vRs7NCA2BycfA9V7cE1buWirMkUWxvi4hBQ==,demo-test-2026-09,"{""asset_type"":""guard_rail"",""id"":""ASSET-0002"",""site_id"":""SITE-0002""}"
LGR-0483,asset,ASSET-0003,create,2024-04-15T08:00:00Z,USER-0001,,bf9d2f621658e0a2a8dfb4119eb55549f131825c62a1efe77e98a6e46e4c9c0b,fttGb3IBSteS+5UqhpVg6w95VPm93h5rxQpbXeWP/ZN3xcOExUi8KdTk75BwIPVPCy49plm/z404aDTMlUFyCQ==,demo-test-2026-09,"{""asset_type"":""borehole"",""id"":""ASSET-0003"",""site_id"":""SITE-0003""}"
LGR-0484,asset,ASSET-0004,create,2024-05-15T08:00:00Z,USER-0001,,0a1da0604f0bab8786597c1b110a8e977269889c1700e6ca3f800e339b21335f,/H63DE0/b8LOgfO8Ce98Oq09knUb+wSF62hRCDXrMi40avepcgpm/LOx5qq58CSFk6SRGlGFcpMNB5AOCn0nBA==,demo-test-2026-09,"{""asset_type"":""access_road"",""id"":""ASSET-0004"",""site_id"":""SITE-0004""}"
LGR-0485,asset,ASSET-0005,create,2024-06-15T08:00:00Z,USER-0001,,6b55713ab86dc951977931807b07d921f7be1790b7d662c138f33a018addd317,agtC9zRnBrNuq8MLIw9t6munqicaMfBQCipOcKYOfg+FF0MY0cR6fssJUXC4wWu2il5fND59uE2aDVsnph9aDw==,demo-test-2026-09,"{""asset_type"":""fence"",""id"":""ASSET-0005"",""site_id"":""SITE-0005""}"
LGR-0486,asset,ASSET-0006,create,2024-07-15T08:00:00Z,USER-0001,,327b66cc2a77cb0ad76d05ccd4b4d236b0ba37efd0567c7251d8d6b992f1f85d,ezgz/qIQSq/IVfUBZt5onFHgGCMLwpwcw12KsYLhDHCM/B1LetfPpyB8sPYu3gsFyEtKuhg8Aw92qoyQ27WkBg==,demo-test-2026-09,"{""asset_type"":""transformer"",""id"":""ASSET-0006"",""site_id"":""SITE-0006""}"
LGR-0487,asset,ASSET-0007,create,2024-08-15T08:00:00Z,USER-0001,,3b03872519c04f93c4dfda84133b580aa40682282aad9810a304a825e6111671,Qle1hOKlkS7AKf43IeVePqZGBvp4KTWWsStYY1ZQHUyN9tUbzMXsUl5B3iE1ZIWMEHsit+nm90sSXUgNqEfVAA==,demo-test-2026-09,"{""asset_type"":""culvert"",""id"":""ASSET-0007"",""site_id"":""SITE-0007""}"
LGR-0488,asset,ASSET-0008,create,2024-09-15T08:00:00Z,USER-0001,,38c4a772b356cfdce6b423d7fe158ae8fa04adb446b01ebf6f6f024de58bda54,+RL/Exm2+Z2jQiTiZOwUKA5T2Fwfdv6+jeMfXeia8PUYI0PMHT4p4NfeWM4WoMXFB4cGTktWGMi6OAGrs97AAg==,demo-test-2026-09,"{""asset_type"":""guard_rail"",""id"":""ASSET-0008"",""site_id"":""SITE-0008""}"
LGR-0489,asset,ASSET-0009,create,2024-10-15T08:00:00Z,USER-0001,,7d7bfddeafcb2757368838d71b80a331b0464fbfc46cf4e7e39b4d1d10b6e4ae,+002dfLol3zPDljP1G+9/yjBErtCtd+EjE/piiL4QXGCN9rR1g3ghZ0sA8HADej89rXwLJglwXtFPmzTSdAKCQ==,demo-test-2026-09,"{""asset_type"":""borehole"",""id"":""ASSET-0009"",""site_id"":""SITE-0009""}"
LGR-0490,asset,ASSET-0010,create,2024-11-15T08:00:00Z,USER-0001,,88e1db954dbb8832bd4007a7ab9a1ef1369fd16c694348c4025784ec5356b373,Y3gTlZywNM+ZsR7QRC8yATlHWnNLwDSNEsxG/XRdoca/yDrb1UuznUVnylT6s7/xgY1Tz0O7LSXRxE/ozf9OAQ==,demo-test-2026-09,"{""asset_type"":""access_road"",""id"":""ASSET-0010"",""site_id"":""SITE-0010""}"
LGR-0491,asset,ASSET-0011,create,2024-12-15T08:00:00Z,USER-0001,,b82fcb18ff9be6dd10f927598cd77317113d0b7d746fb9bd3bd7b1402ce2e13b,TrXgMJWCGiW1ChxsVUJWF2YRA8dqGhMgNN1aBOzyXCf08IWF36RplDBfg4Q6xTioDBp+HyPazOZ0twLpcahKDg==,demo-test-2026-09,"{""asset_type"":""fence"",""id"":""ASSET-0011"",""site_id"":""SITE-0011""}"
LGR-0492,asset,ASSET-0012,create,2024-01-15T08:00:00Z,USER-0001,,b05e8b5fab2ad1d184b695f48f3b84a00bc966056ae4b9f731a09e6c7e9091ee,0UM3VWxBDdk8MRTmwe/7jnLrbHxxaC1dJjZCk0N2dsQlPpUtNB8tuAOy5CAEUKrTJKzCid8FmijQW2CvnLTZDQ==,demo-test-2026-09,"{""asset_type"":""transformer"",""id"":""ASSET-0012"",""site_id"":""SITE-0012""}"
LGR-0493,asset,ASSET-0013,create,2024-02-15T08:00:00Z,USER-0001,,ad398f24c5eb9c1cd383d229bd5682fef120bafe5a85cee1b107b8e61f162fd9,vQ4/PzJA/OBGuykfeGZ41gYk2/zlka82iSL44/9y1qox4VEjgJvk9S3YXsolu2WruWjFkCOI/pAG1SwsY/D3DQ==,demo-test-2026-09,"{""asset_type"":""culvert"",""id"":""ASSET-0013"",""site_id"":""SITE-0013""}"
LGR-0494,asset,ASSET-0014,create,2024-03-15T08:00:00Z,USER-0001,,2c529b0c4c42b30c1b38f659acf9440f6d8714487692e787a89722475beb7a91,WFq1Wlb+MeMc9ZvV0QnTwjFe21DVxP4rff7nIwFo+GHDxZgtYXLMQhI01qXGRCeYL3nHRSR/BQQfd0NTPBRVCw==,demo-test-2026-09,"{""asset_type"":""guard_rail"",""id"":""ASSET-0014"",""site_id"":""SITE-0014""}"
LGR-0495,asset,ASSET-0015,create,2024-04-15T08:00:00Z,USER-0001,,4240c8b98f56e4a74ff330bceb29cacc513273065675618ad1a7630be0d5185d,nsay+MGLoY71TyIGBDHkv4T/IOqAX8RixRPBMaR3w2kEYYgLISRXD/JcFITC+Dr0YvQIGOjPiFkETIVz9gqdBA==,demo-test-2026-09,"{""asset_type"":""borehole"",""id"":""ASSET-0015"",""site_id"":""SITE-0015""}"
LGR-0496,asset,ASSET-0016,create,2024-05-15T08:00:00Z,USER-0001,,bc42781e24838a86ea7a1412e009f4301c71396cc21f635e91cbad966dcea3d9,dno6oe8tF94G1kwNrDSyMjJ4MwXHluCDGijEUR/hmYAymtp1FwJOVPXVJapz6BAsVODZya30oiZCln6BesbmBQ==,demo-test-2026-09,"{""asset_type"":""access_road"",""id"":""ASSET-0016"",""site_id"":""SITE-0016""}"
LGR-0497,asset,ASSET-0017,create,2024-06-15T08:00:00Z,USER-0001,,4d54a71b68bbe7235a076025486ae54bd72643cd39cead0162714fbf464a7b77,oLuIvrkDjyUX5nmY7Js71DfUOU1ss7o6F+jbg3FV2xGXRBlE1LBdepJhXzfT22KLbiuMKwGkjKngc08VG5dGCQ==,demo-test-2026-09,"{""asset_type"":""fence"",""id"":""ASSET-0017"",""site_id"":""SITE-0017""}"
LGR-0498,asset,ASSET-0018,create,2024-07-15T08:00:00Z,USER-0001,,5c236f4f7538a0861cf44cf0b79bd68f95df93b568e67fea01d7da5f9b72c2da,IKwT2wR1vb7qFGuRlZLsWFdGsIZoF/qbxzlnFwPAoCeqPcBqj86cjMfQ5qVU6TvJJ7lWasNCPwPUyvTH4kdaBA==,demo-test-2026-09,"{""asset_type"":""transformer"",""id"":""ASSET-0018"",""site_id"":""SITE-0018""}"
LGR-0499,asset,ASSET-0019,create,2024-08-15T08:00:00Z,USER-0001,,9d8765e29d7b7b8e111d0a47fbf68d60dfdce77234b93cab3d8949461366cb86,2o9izKYyGKxVaJOu1qJ97q5nyXBp43PR7lLalZ1Dy96Ub+zdBH6JH8TuEnhHd+5qX65TCxC3n5X9TZdYluyFAQ==,demo-test-2026-09,"{""asset_type"":""culvert"",""id"":""ASSET-0019"",""site_id"":""SITE-0019""}"
LGR-0500,asset,ASSET-0020,create,2024-09-15T08:00:00Z,USER-0001,,dfa80857e7d1564ccf68131c8cea2f521254697795f729b363983a2ac91523cb,PIdyI90N3B5qu27rBZfTH+oZmn2NNqBKp5ok9SkNJvnveICkZH//ijOM+p7muQW63w5mEl583LQhyhod5mEEAw==,demo-test-2026-09,"{""asset_type"":""guard_rail"",""id"":""ASSET-0020"",""site_id"":""SITE-0020""}"
