id,action,entity_type,entity_id,timestamp,actor_id,prev_hash,current_hash,signature,notes
LGR-5001,create,organization,ORG-001,2026-05-01T08:00:00Z,USER-ADMIN-01,NULL,sha256:2a34c96fe63589f1da62635cef7dc5ceaf82a1fef06d54588520dd6fdf704d25,sig:1A0ovhjOo0pESZiZnNDmOfhfqxmGNXw2NEGtLhEcJ7Wo6Q10FxUI9AD40HLDLadTIAm8Nh0DzpLbwYz3B+Y2Dg==,Seed organisation
LGR-5002,create,organization,ORG-002,2026-05-01T08:00:00Z,USER-ADMIN-01,sha256:2a34c96fe63589f1da62635cef7dc5ceaf82a1fef06d54588520dd6fdf704d25,sha256:735d192ff32a55f624e0d87cfe04c6cf94043c0a55e76d525b81e9c07daac7e7,sig:i4wb7NrPUILp0KBR8nlc6Qu1cqmlD8L7z9CDlp1sW9U0kNxQ2acNmm5aW0UXmYBkZelrhsqwkGC6QalCCPQnCg==,Seed organisation
LGR-5003,create,organization,ORG-003,2026-05-01T08:00:00Z,USER-ADMIN-01,sha256:735d192ff32a55f624e0d87cfe04c6cf94043c0a55e76d525b81e9c07daac7e7,sha256:b92516f6bac2c1bfe1cffade1d180411fc78b4daf93346a923ba2cbc2352b3d9,sig:aeB1LnH/pNVsxhhvo3KfGdqwYBEFxIbdZz3Sb1Hi9nGvjoAi23PMQKq9Kz/RVFoJnfqjR73fGuUBD5XmfRQKDQ==,Seed organisation
LGR-5004,create,organization,ORG-004,2026-05-01T08:00:00Z,USER-ADMIN-01,sha256:b92516f6bac2c1bfe1cffade1d180411fc78b4daf93346a923ba2cbc2352b3d9,sha256:2149227414c8ae918aa00dcc59dabf1a497cc82f234d574eccad563f73f4b86e,sig:bzCmQPRj33M2z9O4S0Vj/HML7iCEUupMuWPbvzdj64uX3TpTl5qjc9j24upuib1OVy6vkq/9HqFhhHsm37oLCQ==,Seed organisation
LGR-5005,create,organization,ORG-005,2026-05-01T08:00:00Z,USER-ADMIN-01,sha256:2149227414c8ae918aa00dcc59dabf1a497cc82f234d574eccad563f73f4b86e,sha256:d1d795d244c4fafb820dd1d2caae34ff3300cf7ad2aa9a1771c2253fd3355fd9,sig:KKc7R7BPaj0oKOyq3TBDrEAV1460nkK87fmpPK8imTYCTRoii/vyIjOFNkc6YvVWcqtOGz6TTyk3Tte4U3yZAw==,Seed organisation
LGR-5006,create,site,SITE-001,2026-05-02T08:00:00Z,USER-MGR-01,sha256:d1d795d244c4fafb820dd1d2caae34ff3300cf7ad2aa9a1771c2253fd3355fd9,sha256:6b65ed982c8b9509c5b3c497efbd3d2391f7dec036f56e571968ec45312a601c,sig:uoWqUnc2jFElCl59ehFckSSBsL549FU521YaXxQiABINsonCzYXeVc7P+JXRSsEmn8ol1AP+ufmphW4x0pRKCA==,Seed site
LGR-5007,create,site,SITE-002,2026-05-02T08:00:00Z,USER-MGR-01,sha256:6b65ed982c8b9509c5b3c497efbd3d2391f7dec036f56e571968ec45312a601c,sha256:88e8ce24e6801aca35a01dffac6ef3ebbec291b90b2bebf5e8b3821b80b9f321,sig:7EDbUcXT/tdlkET6KNtABz/6jrPqDaCRm5WeEe1iXV+3d5znpqEbHtJMX8Asnuy5U33e6pCqEKBiL/QBzIF1CQ==,Seed site
LGR-5008,create,site,SITE-003,2026-05-02T08:00:00Z,USER-MGR-01,sha256:88e8ce24e6801aca35a01dffac6ef3ebbec291b90b2bebf5e8b3821b80b9f321,sha256:f540c6fc71dcb678a6083bef6f376caedae5651e5d2890f706c0b1ae3c9e0cdf,sig:qjhrKPQ+YLSqstbzFlCZOqW4W2YLO6PrQ19ZF7MjIgfT2guTDZPlKGDVFhPaczpMyR25t0nruMTKkHY0Ky+NBA==,Seed site
LGR-5009,create,site,SITE-004,2026-05-02T08:00:00Z,USER-MGR-01,sha256:f540c6fc71dcb678a6083bef6f376caedae5651e5d2890f706c0b1ae3c9e0cdf,sha256:4e8158488e82c9013f4cd28d9fb458b0d15b3a273bb30ab1abcfe190488817ec,sig:MSKmFrywxKV4i0pWboozjgpNeEjlmixH3whI/PHgtYIpxi9rBtCrIFDm5nAqIhOVmNR7VyuC1Z43g0nqqvP2Ag==,Seed site
LGR-5010,create,site,SITE-005,2026-05-02T08:00:00Z,USER-MGR-01,sha256:4e8158488e82c9013f4cd28d9fb458b0d15b3a273bb30ab1abcfe190488817ec,sha256:ed19bb5bd28c39f0d5bdefaf089cef33338905992b1217a8a1e978d1579cb715,sig:mIXWvQ4aQohL0n6cggs8JY84yYRKTuGGrJ6GwBK6sdPCjzlPtroLVyHsaM7DBM72+3cpIUbH2bFo7ZlikuE8BQ==,Seed site
LGR-5011,create,site,SITE-006,2026-05-02T08:00:00Z,USER-MGR-01,sha256:ed19bb5bd28c39f0d5bdefaf089cef33338905992b1217a8a1e978d1579cb715,sha256:e6cc2ff1f2cbc8333c5ded74cf24aa354a0e3cf6a3b31cc7ac83054f0af267ad,sig:AcTYCtcf6jSDKYvWrlGJtatVqRTb36p/TG0IbvQzVAb/jKZG+Wpz17GGNueSZiLAF9Ddg3iMlCNnNZKwQe2iCQ==,Seed site
LGR-5012,create,site,SITE-007,2026-05-02T08:00:00Z,USER-MGR-01,sha256:e6cc2ff1f2cbc8333c5ded74cf24aa354a0e3cf6a3b31cc7ac83054f0af267ad,sha256:dbad311a87e5561ef4b0f53c785b632a35a89ba411c7efd4cd4c0b92f701e7b2,sig:QMgMEcGAN9/pCOIRm7hUMEnvZZQwGklie3WitdDXdCQr3jEyaBs8dmqyQz9UcOqAEn1ZN2b4Q4MUyIHwQKk4CQ==,Seed site
LGR-5013,create,site,SITE-008,2026-05-02T08:00:00Z,USER-MGR-01,sha256:dbad311a87e5561ef4b0f53c785b632a35a89ba411c7efd4cd4c0b92f701e7b2,sha256:05af36f8d81419309b6a7c53b4a718265c5caf67121e62d36f59f54288130d52,sig:HoU/BE/SR9PJDcO1xq8zjG44HoXHg+5kDR3YCUS0iJTtvU3J2eCcOhidI1M7NFk999OFH8pE1LXMMOJf2cEIDg==,Seed site
LGR-5014,create,site,SITE-009,2026-05-02T08:00:00Z,USER-MGR-01,sha256:05af36f8d81419309b6a7c53b4a718265c5caf67121e62d36f59f54288130d52,sha256:7c1974d0c99c6ba265ce75f3cefc7fbe4c34b8909085eb308dd2788f5f457774,sig:G5FEpc9sxHpTNXoD8f4cmCx5GGfoJiRm/0qU7W7fgh9QuidrZPW1HsEt5FIc/aEYnIEPaQrc6LDTHz+eIbNECw==,Seed site
LGR-5015,create,site,SITE-010,2026-05-02T08:00:00Z,USER-MGR-01,sha256:7c1974d0c99c6ba265ce75f3cefc7fbe4c34b8909085eb308dd2788f5f457774,sha256:5a931f643b8408dfaec95e778bba45c53a362477480e0fef023e3aaadf3332af,sig:yVlSQ5LFj7iirzURBJXATmaKYoYVzCeSvM1f6UhCp6ijxVH3Zvannu+Fby2Sb4Lh0eFZaFeUdiymudkKF2ezDw==,Seed site
LGR-5016,create,site,SITE-011,2026-05-02T08:00:00Z,USER-MGR-01,sha256:5a931f643b8408dfaec95e778bba45c53a362477480e0fef023e3aaadf3332af,sha256:75ea1b8fc710ba3ccb2b7357514a8e99ab954834715c4f4a0d075b841076768d,sig:Pl031aQvglWL6dXPkUMoc0sujuL1LwaNtTo2lMxzUBFxKCF2+auCyW7kqcQWX1Rw8Cz6EzVRQU1qbVtF8uWwCg==,Seed site
LGR-5017,create,site,SITE-012,2026-05-02T08:00:00Z,USER-MGR-01,sha256:75ea1b8fc710ba3ccb2b7357514a8e99ab954834715c4f4a0d075b841076768d,sha256:4e0b0a11d735ccdf3e7114fa04a6ff64bddbb167384297e28a69f7e1e9425533,sig:JLWwNtDWcxpA+U/iaV71VU7hjNwozwDFW28ScwprC4a8g3VPioN6AW8VphHN0V1kQwPPMaIHx4EpALxO8/BsAg==,Seed site
LGR-5018,create,site,SITE-013,2026-05-02T08:00:00Z,USER-MGR-01,sha256:4e0b0a11d735ccdf3e7114fa04a6ff64bddbb167384297e28a69f7e1e9425533,sha256:8c4451ed80f28f090837941909378169ae55a34cb1cb516bfa3b9aaee743bc5e,sig:aS++wkkRcSrGkYewMASIvRN77n2tklmIjeYtNFCSR8T27AzTLhoqdnb+QbiW9dvngIijOlLxQJ+GYx/aU10TBQ==,Seed site
LGR-5019,create,site,SITE-014,2026-05-02T08:00:00Z,USER-MGR-01,sha256:8c4451ed80f28f090837941909378169ae55a34cb1cb516bfa3b9aaee743bc5e,sha256:d4e18483537f7d61f11c1366644a3d0b4d1e29b38565c564c1a4a2e6b2e8bd56,sig:2VUSjq8DjH/X/LhsbtPa7zqQDYp27bvhqY7CqzLsyj1W80fmC9eGgrlncO3dEgEDpM0QtvVTPY968MtvMNp2Aw==,Seed site
LGR-5020,create,site,SITE-015,2026-05-02T08:00:00Z,USER-MGR-01,sha256:d4e18483537f7d61f11c1366644a3d0b4d1e29b38565c564c1a4a2e6b2e8bd56,sha256:7a879192af273672d61f5b3e0198583ac93a0dec6360df8b01e923cbc782c2dd,sig:iO7w2rPjaDaVnllFOKP31FhioG4XzT4H7VNsZp9Cgd6hIkC8fosX55Bm30psElrVTOoN2D8qJsqfUKabk4GtAQ==,Seed site
LGR-5021,create,site,SITE-016,2026-05-02T08:00:00Z,USER-MGR-01,sha256:7a879192af273672d61f5b3e0198583ac93a0dec6360df8b01e923cbc782c2dd,sha256:b13f4186f1bba75a1e898a2d8039a57fe83099074490402234b7c43e4fe9bd0f,sig:3+2j/2r0xWJTZxp1E082HO09AlXm91NK2hM2sflqo6TTfDFSjIWdeBRiY96wn0yeQnj5asT7/UIL+27IpatpBg==,Seed site
LGR-5022,create,site,SITE-017,2026-05-02T08:00:00Z,USER-MGR-01,sha256:b13f4186f1bba75a1e898a2d8039a57fe83099074490402234b7c43e4fe9bd0f,sha256:5f615491ab8a304a8d11ce8b1c9371af56a3b3d3369447a9ff51f3f4fa034ae8,sig:upbgsmGxeez3Me1jjEsFHuByIpqlkW2kKhZXMslFcTcNl1JrxNTcUfRACACwv1ffiiwt65aEN+u3q4ScdgLkCw==,Seed site
LGR-5023,create,site,SITE-018,2026-05-02T08:00:00Z,USER-MGR-01,sha256:5f615491ab8a304a8d11ce8b1c9371af56a3b3d3369447a9ff51f3f4fa034ae8,sha256:9eb01aff7b349547a20892daa6a05a981f457332dc0fd46d771799e679e2fcb0,sig:XORlYTG6QXOpbXSNwF/rqFZ+AwIADX4XmZ1iqt5tks76iOwNDeuO3PKhedsrWcoShu4heSe+sKA10ZhMEebGCQ==,Seed site
LGR-5024,create,site,SITE-019,2026-05-02T08:00:00Z,USER-MGR-01,sha256:9eb01aff7b349547a20892daa6a05a981f457332dc0fd46d771799e679e2fcb0,sha256:09ead7e24172cacb90432a7edb11a1eb577322a69960b9f603705be9e489026a,sig:UzW6lDpN+8jBk609hg0WeGP4IA8nKj4rp0piENCnWc7OvqQ5DqxP3Bt0g74u4zEEj7/YY2tFFCCNZITcwpxiDw==,Seed site
LGR-5025,create,site,SITE-020,2026-05-02T08:00:00Z,USER-MGR-01,sha256:09ead7e24172cacb90432a7edb11a1eb577322a69960b9f603705be9e489026a,sha256:5666ab2ed92f30120719cce67991986d61e7bf210f1c1fac2b14a4fb2d439cc7,sig:NsXwfe5fw1bMAd+0XDKzA5cBF9yd2xZ5PwU5jpAlcPKTuIEqQPXzAmkZlHaK9XJeDqifrkuOmrDjsrTnaFNGAQ==,Seed site
LGR-5026,create,asset,ASSET-201,2026-05-03T08:00:00Z,USER-MGR-01,sha256:5666ab2ed92f30120719cce67991986d61e7bf210f1c1fac2b14a4fb2d439cc7,sha256:7d5e8f665af3b7b2ea265ac8c7a1de98c5648f480ad29f375144956e0cf9bed1,sig:qomtckVJgIRydjnLUiAtZQEOsEejrxkHoCso/yqUrcAnUKyicwoOL98F17jr7o4HXLaTvL7Cm74sJJAWa2inBA==,Seed asset
LGR-5027,create,asset,ASSET-202,2026-05-03T08:00:00Z,USER-MGR-01,sha256:7d5e8f665af3b7b2ea265ac8c7a1de98c5648f480ad29f375144956e0cf9bed1,sha256:4b40d5a69712401fd88c168c1e1ea3cdd49bb16264ede00c2d6f309f130ceec9,sig:+Pp1BYc+zLTYJQIruLEFvkdght7wAGat9u/jjRJqjOrRlM96XzpvXqI1gv3cKdzzdaHSwIKVW2J29JKKAHtNCg==,Seed asset
LGR-5028,create,asset,ASSET-203,2026-05-03T08:00:00Z,USER-MGR-01,sha256:4b40d5a69712401fd88c168c1e1ea3cdd49bb16264ede00c2d6f309f130ceec9,sha256:cf505273683719837d020784b0173b1fd90eb422a646226f9d1abbd47a3e19f3,sig:CpUWAgdJutvdXqD2WEdSjv2lBoDPW/sZqUlURBQfCwIOczh5qTXPlk6qR2TLj5ohVjsNnGUrB6y+YLeQAtq9Cw==,Seed asset
LGR-5029,create,asset,ASSET-204,2026-05-03T08:00:00Z,USER-MGR-01,sha256:cf505273683719837d020784b0173b1fd90eb422a646226f9d1abbd47a3e19f3,sha256:9ee617ef564fd1b2dfb267de7a6061be770a40e5f580973a99e8f3ec9faadc46,sig:oLu25yFcYKChdYTTKYuyFq4Hptj8Y4bseuTnrMRcKa8TQmESIStgnTcN61cNzA2PZKmAwMfjcbbqntbrihW9Bw==,Seed asset
LGR-5030,create,asset,ASSET-205,2026-05-03T08:00:00Z,USER-MGR-01,sha256:9ee617ef564fd1b2dfb267de7a6061be770a40e5f580973a99e8f3ec9faadc46,sha256:c6e016253cebf93ad54c8028c53d0302d96777a091203c4e858612476e7cb819,sig:QgVUOsFzjxWKAwHle9n210WcxDLIY1hHLXeqf2Tdbm4me1E7cv8uOCMrRN308ctGOqQdW6Ys3XyLAAo761PvCA==,Seed asset
LGR-5031,create,asset,ASSET-206,2026-05-03T08:00:00Z,USER-MGR-01,sha256:c6e016253cebf93ad54c8028c53d0302d96777a091203c4e858612476e7cb819,sha256:5904f69a3bedcebc259254ba467416083ecb3516eb3e4e515243944c4e79a40c,sig:9D0zWhSoZKemC/2sL5JQuY5Qz05za3xL1tsc3Fob/9r3pnfDLiE3Xvl19+/DQz0QHriwadx8n0NJx6fUBQxCBQ==,Seed asset
LGR-5032,create,asset,ASSET-207,2026-05-03T08:00:00Z,USER-MGR-01,sha256:5904f69a3bedcebc259254ba467416083ecb3516eb3e4e515243944c4e79a40c,sha256:c67ae8cc4a3cdf0f7ccd1e047f5f6e04cc5d3db51d31a0806b370a759fa575e4,sig:JdUz+9fkhfY+uMDWMpiHbTC0rKyvg6/CwgGF5ClQ8pjOcXjC0AeNj9QPEgWiaqn74JCmPiMsk0nCCLaIVfACBg==,Seed asset
LGR-5033,create,asset,ASSET-208,2026-05-03T08:00:00Z,USER-MGR-01,sha256:c67ae8cc4a3cdf0f7ccd1e047f5f6e04cc5d3db51d31a0806b370a759fa575e4,sha256:ce5108586b5edc6e42b5997c7311bf8a00a36be8d0ca3cfbff254a6361a2fc01,sig:yjpKtrp1S4V4nFVHnCvj04Wbh8/Ce8FYarg7CzAXtppSuOiouETg/mAa+s/yZdiUEv/Y5DENLstIzMfx1zT8Dw==,Seed asset
LGR-5034,create,asset,ASSET-209,2026-05-03T08:00:00Z,USER-MGR-01,sha256:ce5108586b5edc6e42b5997c7311bf8a00a36be8d0ca3cfbff254a6361a2fc01,sha256:b52e9113561cdc7970f4ce80901da249232a1719456d2955bd4c7aa58365baef,sig:0Dprryq7zCMDQT5q7MnGZHkW8kaJj2kPFPic3WJKgytpVqKniUomxxF3+YggDVD1Ha3alMbNoUAw9KdixwY1Dw==,Seed asset
LGR-5035,create,asset,ASSET-210,2026-05-03T08:00:00Z,USER-MGR-01,sha256:b52e9113561cdc7970f4ce80901da249232a1719456d2955bd4c7aa58365baef,sha256:883345189d3b39297c171a6338ee7931efd8dac16c5532229521729a9e120908,sig:rGt1QyjNoKVwR5+GjXNqrp4EBuaZCcDPtqk78fZu6AQKOCECW5sZjmWxozBADTH/uWJmT4qPtXiW4A4Dk/VPAQ==,Seed asset
LGR-5036,create,asset,ASSET-211,2026-05-03T08:00:00Z,USER-MGR-01,sha256:883345189d3b39297c171a6338ee7931efd8dac16c5532229521729a9e120908,sha256:438847fa17feee3ea45b95113782c9f11fa4fde527376047b2f3a3d025249e65,sig:PAk4GuSW1YxtuWkYuBZeL3+qmA8PUd1I6anxLv6GVi1jdEylCY1w/S26NtUlkHxE0VNo8Ex1fwfHtXM+sQQ9AQ==,Seed asset
LGR-5037,create,asset,ASSET-212,2026-05-03T08:00:00Z,USER-MGR-01,sha256:438847fa17feee3ea45b95113782c9f11fa4fde527376047b2f3a3d025249e65,sha256:2b490393c974e9342d3307c029ad1608cab7363363faa56921a491befd02d15b,sig:m8t5hwldKELF+iFyUimsBwXS2gxRmlZhEPQnNBVk89bw2kr28c6HVYPPguB7hiX5ouMSznWY+RvTgGQmhZwTAA==,Seed asset
LGR-5038,create,asset,ASSET-213,2026-05-03T08:00:00Z,USER-MGR-01,sha256:2b490393c974e9342d3307c029ad1608cab7363363faa56921a491befd02d15b,sha256:68bc4f1f265d74a370c21741d5dea9d38810a93f7dbdc9644c256deddd1e676e,sig:mtj9Bq7jyaaWhxNofU4FTlB22IH8ataKf1XcqdLWXMipN1RWPZUaysv6vm4G0IRzRR1kQhEQFZsd29Sen+/IBg==,Seed asset
LGR-5039,create,asset,ASSET-214,2026-05-03T08:00:00Z,USER-MGR-01,sha256:68bc4f1f265d74a370c21741d5dea9d38810a93f7dbdc9644c256deddd1e676e,sha256:a78603bcb791e91aee82c69796ab328bd5e6861c9ec1550954edb74960ee1aa5,sig:vlqq8GqYZHViJw0nCeGbhwm9KWBDgLAWZT2mIST8J4tZgyg8919qRInB0gUIekpxpErkyGXyOWIdhR05f82mBw==,Seed asset
LGR-5040,create,asset,ASSET-215,2026-05-03T08:00:00Z,USER-MGR-01,sha256:a78603bcb791e91aee82c69796ab328bd5e6861c9ec1550954edb74960ee1aa5,sha256:57db42f344d7d6a936b6c19f33660087a2f8ffa0f4f8202c4a39056d0fa151c0,sig:Z6QJI3Vmg5j9BOcwt0OdR4ntAYKcc9ScGfp+dfFF0oGZneRzVAOEij5SA7SowpJSrePrPyrgQeLjJpkItWQgCA==,Seed asset
LGR-5041,create,asset,ASSET-216,2026-05-03T08:00:00Z,USER-MGR-01,sha256:57db42f344d7d6a936b6c19f33660087a2f8ffa0f4f8202c4a39056d0fa151c0,sha256:2d5c3ecf4fe0c2a7dd4d03e19899b71979a4f8209a3909ec8c1612c76a23fbbb,sig:W2oZjYTn56WEZPm0PqqtkYY6Xne02x7eVZxHdF2Um0+P6e5cFrC8/+qqmGzPo3QZlZPTjOfJo7oUWdUkHK7ZDQ==,Seed asset
LGR-5042,create,asset,ASSET-217,2026-05-03T08:00:00Z,USER-MGR-01,sha256:2d5c3ecf4fe0c2a7dd4d03e19899b71979a4f8209a3909ec8c1612c76a23fbbb,sha256:9dc3e8b71c413ff4cee97e55f7224d49d6925b25c7bdb439c9f3564b3488a972,sig:A2BrjwBYNnxvjizYCQrBjvJwRwYi8XoysuBtwJUvUP+XoJp1Uhsd9DPYgzPf/K8PPiLTlqApvltz20rg74SgBg==,Seed asset
LGR-5043,create,asset,ASSET-218,2026-05-03T08:00:00Z,USER-MGR-01,sha256:9dc3e8b71c413ff4cee97e55f7224d49d6925b25c7bdb439c9f3564b3488a972,sha256:f0830ddcd3395e85e0af4caa7bd372a6f0d716bf07c31280208f9b261491daef,sig:YGOiLV0cqg73ErgV6UYcjBVuljSnkxPWYG7d2sR766Tiv1+krQJN/qLswFtqLhrl2nrHiqkj2JmX6BG9TAHsBw==,Seed asset
LGR-5044,create,asset,ASSET-219,2026-05-03T08:00:00Z,USER-MGR-01,sha256:f0830ddcd3395e85e0af4caa7bd372a6f0d716bf07c31280208f9b261491daef,sha256:d76e861c00b6c0c10274cb6ee2c4afcb4d1e2ad9c1842ca5e870f9512f552ad2,sig:qnMEwRSf0AgGyWBIgiJEZoG83J+jtj/4jkHIdbxGlJIgvzZ09S3OvSEF8Vg5TCUNAsJfOGoN8Tq5ZA7Q2g+nBw==,Seed asset
LGR-5045,create,asset,ASSET-220,2026-05-03T08:00:00Z,USER-MGR-01,sha256:d76e861c00b6c0c10274cb6ee2c4afcb4d1e2ad9c1842ca5e870f9512f552ad2,sha256:452da3bb560a13a9fcd539ca3ba53155c5b5e04ffc3562a2b045dd6faeea474f,sig:ovmeI023FrRi6c9XtqFIC/4sxCGsUuPB7TV5NQxIKIik5t0lCZhgUWtZ6Xf1aVefS1WR+JHN2Hb2ZJiC4d1iCQ==,Seed asset
LGR-5046,create,asset,ASSET-221,2026-05-03T08:00:00Z,USER-MGR-01,sha256:452da3bb560a13a9fcd539ca3ba53155c5b5e04ffc3562a2b045dd6faeea474f,sha256:c5a7ba77131ab321a5223aca3a1ee3d9494e6b3524d79b10afa11bb9657f8195,sig:m25s97/IgsARPlPG1NV5uCJy1l307cbmAjQob0B6thzXhALFQgk8noG5CV1Rfpr1acQNm1XmJoUKEpTegKRRCw==,Seed asset
LGR-5047,create,asset,ASSET-222,2026-05-03T08:00:00Z,USER-MGR-01,sha256:c5a7ba77131ab321a5223aca3a1ee3d9494e6b3524d79b10afa11bb9657f8195,sha256:1fca9b2dd2446aa25ae66110dbca6585a5c487f043178ad8888fcb819d90afd9,sig:SvnOswmHTJZ0aJqoblaZTvKJwhBeIZ/0Q4V3BIHbbR1VwcnCDBhc7vK/Xq0/k18HBTXGyAjeTgjZs4KLZlTQCA==,Seed asset
LGR-5048,create,asset,ASSET-223,2026-05-03T08:00:00Z,USER-MGR-01,sha256:1fca9b2dd2446aa25ae66110dbca6585a5c487f043178ad8888fcb819d90afd9,sha256:e428eb48d78c5e2d2d83deabc3c72c23815202e1f262bf918ee9157744c734df,sig:w5q6nIL4oyPEGJkLYVunOB5QtgNLkPhhTJQjM1YXJDQMRKxtIkKEkFbPyRDPNSd/s/4mOj+OhjHYzGr743USAg==,Seed asset
LGR-5049,create,asset,ASSET-224,2026-05-03T08:00:00Z,USER-MGR-01,sha256:e428eb48d78c5e2d2d83deabc3c72c23815202e1f262bf918ee9157744c734df,sha256:a8a3b9b2c86e6906a33b9a69c59c50372776aa5dc9db6f2151628cbe59d7b423,sig:EgdsHW04VirHlNjNxa68f4JZTQ/lnJxKMJIeOFGL2ixFcM3j9O93HyRsuwAZ6FwCU1e0Xm+1yFmIokTiq5j9CQ==,Seed asset
LGR-5050,create,asset,ASSET-225,2026-05-03T08:00:00Z,USER-MGR-01,sha256:a8a3b9b2c86e6906a33b9a69c59c50372776aa5dc9db6f2151628cbe59d7b423,sha256:871ce1068b986f1c4a93708fd5e3111293c2463b0748df6abbaede41d24b6352,sig:ReYMjfBGK9l8Mk+B/IrG9xbl/ubwwOcfqPwh6gIMreKbJulGk0FmJMspg6CnJmOAoTqfwXwI5K9efvFmylooAg==,Seed asset
LGR-5051,create,asset,ASSET-226,2026-05-03T08:00:00Z,USER-MGR-01,sha256:871ce1068b986f1c4a93708fd5e3111293c2463b0748df6abbaede41d24b6352,sha256:f9f8311710a1c8744846b3117f34e0c730704a6802e33b602d1bcc03acbd8e97,sig:4mEkERy4mbMxdzJqmE8ee4QT8f10Wca54l4qADCHm9YwDWSrO6bq9C3oT0Sd7L+oGHWsz4l3hvsplcX4ldnHBw==,Seed asset
LGR-5052,create,asset,ASSET-227,2026-05-03T08:00:00Z,USER-MGR-01,sha256:f9f8311710a1c8744846b3117f34e0c730704a6802e33b602d1bcc03acbd8e97,sha256:86b9f3d3d4b14a000f4bf28104ce29c8373f67b14ff46ef6866a48a3560c1e63,sig:piNIfCvKQTA5SUHHFS+OE55np39kBgOtb0xuEeWtE3o91Hl7D7GY5wUPENE/EiQtIydWj1BAgzTl3mZV1MfNAw==,Seed asset
LGR-5053,create,asset,ASSET-228,2026-05-03T08:00:00Z,USER-MGR-01,sha256:86b9f3d3d4b14a000f4bf28104ce29c8373f67b14ff46ef6866a48a3560c1e63,sha256:5e36fe6b693b24fda6ab3df4283aecc0a2e7beaf799b120d3cdb4722b9bb0eab,sig:jo/B5ubHJCYk0sLBgF7vjkAKqK9yktpVou8vyOjgF9Mtt9CezUpnBq0AfKqzRjvpJhhX3OJ7spFOPWAWxNYGBA==,Seed asset
LGR-5054,create,asset,ASSET-229,2026-05-03T08:00:00Z,USER-MGR-01,sha256:5e36fe6b693b24fda6ab3df4283aecc0a2e7beaf799b120d3cdb4722b9bb0eab,sha256:1de1bdcd9f9bf48756ccee8c2d80593b973d214df26fefa86a18ae61e4283271,sig:7+Uy4f+PHgPhY5YjDmYjX+U5u9oGZXFAl9h4Gmihx5+ceCenTWoBxOjugX/USdBUw/m2hV1/kuQUfOu4Wn6CCw==,Seed asset
LGR-5055,create,asset,ASSET-230,2026-05-03T08:00:00Z,USER-MGR-01,sha256:1de1bdcd9f9bf48756ccee8c2d80593b973d214df26fefa86a18ae61e4283271,sha256:9c9070b856515ccf90931b11daed142e8453c9c12e3e570ab4501ca6ff58e428,sig:ZZVS5XCS9Zr4VWS5DOiIPmkqL+sCoDfd63OdDvbtXsQpExs9K+eJKWdQIPn/VjCuD8vXa/BZCb5kxiK3evzDDw==,Seed asset
LGR-5056,create,asset,ASSET-231,2026-05-03T08:00:00Z,USER-MGR-01,sha256:9c9070b856515ccf90931b11daed142e8453c9c12e3e570ab4501ca6ff58e428,sha256:ec3eee50bf58c0c7eddad054f10894679f5da230c2d6bf4bbc04bbf4c2b643fa,sig:/Znb5SzTKSXVBzsYxwmvW6E5Q79yIu1jkHDqXcQZTjF35EjqIr+SMgZGO7ia+TDpmbmiXHqmua0SR4mDVaK3Cw==,Seed asset
LGR-5057,create,asset,ASSET-232,2026-05-03T08:00:00Z,USER-MGR-01,sha256:ec3eee50bf58c0c7eddad054f10894679f5da230c2d6bf4bbc04bbf4c2b643fa,sha256:43089c580d762ef94dd13ad257ab2a01d5e5d9cdfa02604df74f690dc87e08f8,sig:Tsfx0U57BYbxqO5iFilT8sarfyZo4FPpn3tFbDSeIsy3rXZxRyPQyzYVR2wtvALSY9FYrYWRyKW7e7AfErA/AQ==,Seed asset
LGR-5058,create,asset,ASSET-233,2026-05-03T08:00:00Z,USER-MGR-01,sha256:43089c580d762ef94dd13ad257ab2a01d5e5d9cdfa02604df74f690dc87e08f8,sha256:5cfd83083b60096df2323f6692521e63607f86cf02985283defcbd54bb4b0918,sig:cdob8nCqChTD3Kn4xpkmgzobQrgWpT0+aNlrlDaM3X0iIzJKjFO615u9oHXHTR6viBhZCTcOPDfuAmPQPjTpBw==,Seed asset
LGR-5059,create,asset,ASSET-234,2026-05-03T08:00:00Z,USER-MGR-01,sha256:5cfd83083b60096df2323f6692521e63607f86cf02985283defcbd54bb4b0918,sha256:f20e297eccf15df0bc2d33cd67a18fb3172055a8a461f3e72054f0839ed30b27,sig:pvu6Fg1QMYYMqbOX20qkxoObY9WJSjG+UvNPeT97p4Xj1ryYJMJN7aoUhMeQgWyIoy4vsLiyBduV/wMKmc0FCQ==,Seed asset
LGR-5060,create,asset,ASSET-235,2026-05-03T08:00:00Z,USER-MGR-01,sha256:f20e297eccf15df0bc2d33cd67a18fb3172055a8a461f3e72054f0839ed30b27,sha256:3ec8c5ae48510323ff3557fd7ab6ad7daad27823ca3f06435de797d3194a13a1,sig:ZYj1qwLLrQRhejMkg8MGF5Wj+8SMq6LL2wZa0dPzdTo/Q37g/fYhnie8uKCCthIQbk2gdMBQRl16ISiDOinCCg==,Seed asset
LGR-5061,create,asset,ASSET-236,2026-05-03T08:00:00Z,USER-MGR-01,sha256:3ec8c5ae48510323ff3557fd7ab6ad7daad27823ca3f06435de797d3194a13a1,sha256:724d9ecc8462d12cfd292ca379e1e82b409b8e6edf4cbdb97b1802f14abc9e3f,sig:nJ2GkNKmTepCZVhBCwt6EHswUGM7C/zdjYS99ZJwd4d8jvzd870rXJyMDSVe0K511Iz6YEo5FKl6gg+CN4myCg==,Seed asset
LGR-5062,create,asset,ASSET-237,2026-05-03T08:00:00Z,USER-MGR-01,sha256:724d9ecc8462d12cfd292ca379e1e82b409b8e6edf4cbdb97b1802f14abc9e3f,sha256:234d47c0fade24d610920ed90566813cc78f2ee9e470355566d968f60eea0619,sig:sI08z7mP+d1+3DxUlG3lgW01X3NtftW+PGrcNtg1UCYJqgMw8p1ScT/FkUBFQJXAfoM/31SPlASuz1SvdgaODg==,Seed asset
LGR-5063,create,asset,ASSET-238,2026-05-03T08:00:00Z,USER-MGR-01,sha256:234d47c0fade24d610920ed90566813cc78f2ee9e470355566d968f60eea0619,sha256:d5bf712e9801eaa61af5256c63a3e0425680fecca31b8836028f1118e28c7d2b,sig:pRuj1AbdEVKGuanmcfpl1dWyYOxjK/YF+ascO+iJgOpf/5QCjK/Rze2qjJCge4Yg7u58/pIVdB1dMNanrehGCA==,Seed asset
LGR-5064,create,asset,ASSET-239,2026-05-03T08:00:00Z,USER-MGR-01,sha256:d5bf712e9801eaa61af5256c63a3e0425680fecca31b8836028f1118e28c7d2b,sha256:f8abc197f5d04745235c0120a5422c0124ecf78078740063b970aa0516723c6c,sig:y+A8P+n5xdM0gJup7eU+gbaI+Sy7Y625PRi8EAK71txZnzOdqbwbwaZN05PApNrUrOGGVchLYBBe4M82Fk+cDg==,Seed asset
LGR-5065,create,asset,ASSET-240,2026-05-03T08:00:00Z,USER-MGR-01,sha256:f8abc197f5d04745235c0120a5422c0124ecf78078740063b970aa0516723c6c,sha256:0737ac24240cd70554e2e9e350500c4f69a762dc1e5ccdfd068c6ba31f680993,sig:VQw/9CvUMDZDqkqUK2p6CBjpPBFHrPhGAd1DbNOfHPwzRIz+U/ftpndiJhuOwbMqV7REULUyEdmIvDyH8fqLAw==,Seed asset
LGR-5066,create,asset,ASSET-241,2026-05-03T08:00:00Z,USER-MGR-01,sha256:0737ac24240cd70554e2e9e350500c4f69a762dc1e5ccdfd068c6ba31f680993,sha256:d1d17041cbe8ed524b4e62e0cccf98f899c316b63a62c70e36697690b3fcf2c9,sig:56pN0gqwNlI3LdNppblLiQjFgcxCJslwjBQppJBrmOoGoJej3HfofWrFmRgNdjpGTtjBWzTTI/LTANXz1OKSCQ==,Seed asset
LGR-5067,create,asset,ASSET-242,2026-05-03T08:00:00Z,USER-MGR-01,sha256:d1d17041cbe8ed524b4e62e0cccf98f899c316b63a62c70e36697690b3fcf2c9,sha256:86e6bc65f23ed541d8ff255bc41da9f57da9cd412b343d72153def3e5ffa732b,sig:grPKCFxK9HF48Tp3tteHrbM4bGSJ8pXa6Ic441iP77t667pV1uQfUrehhfQ5azVcv/DQ3sxyTFCecTT4+6afBA==,Seed asset
LGR-5068,create,asset,ASSET-243,2026-05-03T08:00:00Z,USER-MGR-01,sha256:86e6bc65f23ed541d8ff255bc41da9f57da9cd412b343d72153def3e5ffa732b,sha256:c549ab94243264325411beab300b56aa41348f7b53e22649b22c763b2fde9d1b,sig:XCcVd9mjHdXrA3OsOZU88roDlmjxqhUvNXuw4ANp6W0fwFDBnLshF0/o95Nu0SRDpVYwdV/JPhzglWFFEd85DQ==,Seed asset
LGR-5069,create,asset,ASSET-244,2026-05-03T08:00:00Z,USER-MGR-01,sha256:c549ab94243264325411beab300b56aa41348f7b53e22649b22c763b2fde9d1b,sha256:2bee4050ea266091d05d31153bdf57da3300845722ba84189fed06241077fe06,sig:slE9J8L03b2HwXqfh5ymmZ1DoQyliPK2wdIE08TBnUeBPD+CEBIGOpxwkQIgn7+k3WizoUzjCZGVCr4kvt4UDw==,Seed asset
LGR-5070,create,asset,ASSET-245,2026-05-03T08:00:00Z,USER-MGR-01,sha256:2bee4050ea266091d05d31153bdf57da3300845722ba84189fed06241077fe06,sha256:cd71b0bd17d5530fe01e9b067b344bac99211d87b2e8e8813ebe0a11c4ed07b2,sig:UcrcjkdRutXQFV5Vls8J2gSUBQYdM7nBnZfE33WLeY2eALjVHgMNYX8ircOBRT7PlF5ZwbjmWsX62rldiT/+BQ==,Seed asset
LGR-5071,create,asset,ASSET-246,2026-05-03T08:00:00Z,USER-MGR-01,sha256:cd71b0bd17d5530fe01e9b067b344bac99211d87b2e8e8813ebe0a11c4ed07b2,sha256:0ac8d3792316e87a60cb8f6d91904ae96005e93cadebae77c9c2e1d4afd0a2fb,sig:kyS2heUSQxNDMpEMgR6VkeMQYXI+RcZo7h7XsoaAxJoLFSm4J4uk+TWEsVUcMO0cmtJT1ZTnFRk2T64dwexrAQ==,Seed asset
LGR-5072,create,asset,ASSET-247,2026-05-03T08:00:00Z,USER-MGR-01,sha256:0ac8d3792316e87a60cb8f6d91904ae96005e93cadebae77c9c2e1d4afd0a2fb,sha256:e9aee187cbb764ce5ecfe31fe45a9634d605e81969fd6e8d9f2070329c8197a0,sig:6blUbRHpdaU4ZiuZYHaC4V+J7vaeFRdAC4hevBBnzKQWXG8BjIfRt3wHYAoNMN5IAvAQdkW+82NZNMczfTaaCQ==,Seed asset
LGR-5073,create,asset,ASSET-248,2026-05-03T08:00:00Z,USER-MGR-01,sha256:e9aee187cbb764ce5ecfe31fe45a9634d605e81969fd6e8d9f2070329c8197a0,sha256:aee4c295f54cc2849217b2c5ff3ef169cdac49ff5e0c21985bcef64e1848094c,sig:N9ircvo/ZlyKZRGk7sG5+IggBuHpIX1tqRyexSiATlfgz0fIiDrjjtv1K/o2wM2UjBTveJM1y7VPf/OLm48GAA==,Seed asset
LGR-5074,create,asset,ASSET-249,2026-05-03T08:00:00Z,USER-MGR-01,sha256:aee4c295f54cc2849217b2c5ff3ef169cdac49ff5e0c21985bcef64e1848094c,sha256:74b53a40a7b146ca3bdf4c0c7e3f64d70b1687277403b84beda72647667c5edf,sig:J981XG2YbnZyJDYWkYBkaQWW638OF52mNjgOZMQI4eL5ORJf5Vx5vU24d9vj3uavX1EyKjHG/RtKwdaksBecCQ==,Seed asset
LGR-5075,create,asset,ASSET-250,2026-05-03T08:00:00Z,USER-MGR-01,sha256:74b53a40a7b146ca3bdf4c0c7e3f64d70b1687277403b84beda72647667c5edf,sha256:5367accd43aff28c98cb8a6ee79e3b7fe327fb59f113243944bc113008c70de3,sig:YVyJT018hyL5IdeIN6FRfjLeHaV8NtDtu63pe1Yj+/ZHMaljzwQDtSGZddaEhWGxfE12xCPHRvEUppVXAjimBg==,Seed asset
LGR-5076,create,inspection,INSP-1029,2026-06-01T13:15:00Z,USER-INS-01,sha256:5367accd43aff28c98cb8a6ee79e3b7fe327fb59f113243944bc113008c70de3,sha256:861d9e338d0cef3c168a2c5dc99db7490669f0d77382576d14404b6b2875ba85,sig:X0v4jVDbIbcglCgoqGoBCNzPrXJh0pz7TlK2q40hXpJk2GIkbZzKJ8xqOiK8Yj8FcI658AQfkigPmx9boHTSCg==,Inspection captured
LGR-5077,create,evidence,EVID-0029,2026-06-01T13:28:00Z,USER-INS-01,sha256:861d9e338d0cef3c168a2c5dc99db7490669f0d77382576d14404b6b2875ba85,sha256:8594b398bafa0ae370f9d47333ad73fa458026df88323cdff8ba0b36754c1791,sig:23NXVVShDNi7dmZGKRUyxiJmZXdShu5bUAtzdwvCR1KHF4G3jYG8HwX+TgzJUAiI7Gyct4aae+1eY/aRhUx0Aw==,Evidence uploaded
LGR-5078,create,inspection,INSP-1017,2026-06-02T15:30:00Z,USER-INS-01,sha256:8594b398bafa0ae370f9d47333ad73fa458026df88323cdff8ba0b36754c1791,sha256:901028fa8c81445a720ac7c349fea64b6a2ba35c1d91bf7027e269786093490b,sig:biAhkgXaVs8esn/fRpptJ7NbwrKN/uNja291yAx1BT6zM+JmQDy7JqwVfneREGOido4x04q7TtbrhugAcpn/DA==,Inspection captured
LGR-5079,create,evidence,EVID-0017,2026-06-02T15:33:00Z,USER-INS-01,sha256:901028fa8c81445a720ac7c349fea64b6a2ba35c1d91bf7027e269786093490b,sha256:5c9fb13d8228e7cf6d27c350faab0a2a4612502d83199f446099395aa77b8532,sig:vM3Efe64iSpBiljY9Blq9eeUKLPhwUB18Cbsq3W1LC60erEgAqpNSzTEJ2fhkbgl6SKgu5g+NvwACN3nUZ2ZDA==,Evidence uploaded
LGR-5080,update,inspection,INSP-1017,2026-06-02T21:30:00Z,USER-MGR-01,sha256:5c9fb13d8228e7cf6d27c350faab0a2a4612502d83199f446099395aa77b8532,sha256:e9cc8d33166ce5d7f6db15b6063c784838e4a74f742f399d23e172280020018a,sig:aVYX3kxUFCLGovR9t8XQI0sdiRJ8iimrWEJ2yFYyGN6VurRPRm3MKf9EbmqWvw/Hvq14S8+g66GhOFz62VA8BQ==,Score / status update
LGR-5081,create,inspection,INSP-1057,2026-06-03T00:15:00Z,USER-CTR-01,sha256:e9cc8d33166ce5d7f6db15b6063c784838e4a74f742f399d23e172280020018a,sha256:f5ffe06ce70d1a0d95b38994c6dcd16b5449c66ba9028dc6409b1db91ea93912,sig:gC6m8E/Sxs9tkNe5LoZ8V5wCyBwqxlprH7kGkVjhUgmfA6CeZb3u7ihnTaepLSYTDxWQXht+uUSb921Iy1AbDw==,Inspection captured
LGR-5082,create,evidence,EVID-0057,2026-06-03T00:29:00Z,USER-CTR-01,sha256:f5ffe06ce70d1a0d95b38994c6dcd16b5449c66ba9028dc6409b1db91ea93912,sha256:6e6752a05ff6ebd9081282c06a58dd9972ee35ee2c581acc06f0d8a8019a5358,sig:ZbxZkGMMZIny30wwcylJizERUJvuFE0dy4rNmjSm6grID+2dlJgV9qX4HIxoOT95y4wXTmYIchSjdnKFaA/wDQ==,Evidence uploaded
LGR-5083,create,inspection,INSP-1074,2026-06-05T16:00:00Z,USER-INS-01,sha256:6e6752a05ff6ebd9081282c06a58dd9972ee35ee2c581acc06f0d8a8019a5358,sha256:a995c7a4bfb808d5306d3b892b135f2d9fd49e9ecd507903d16a8926f3d6804f,sig:tiE+HGwm/RqBt5XHPKH8yfE/X7BYiRC+QKADmDWqsgFlEiNKBtKPOwFSjC3/If8/G70RKbaUPoyAkRcgFe5nCw==,Inspection captured
LGR-5084,create,evidence,EVID-0074,2026-06-05T16:25:00Z,USER-INS-01,sha256:a995c7a4bfb808d5306d3b892b135f2d9fd49e9ecd507903d16a8926f3d6804f,sha256:394ca3cbfddbc67e5893a50e32147cb47419cd2a0cfaa038234e5ecff620f033,sig:5phWAfRq/KwTOCFq0P7yIk54ktcSHKDjJQJXaUzc/RQTLTwSjkVRhiIn9HHJUq2TC0KxXgVbA0yS2IcZUOFoAg==,Evidence uploaded
LGR-5085,create,inspection,INSP-1050,2026-06-05T16:30:00Z,USER-INS-01,sha256:394ca3cbfddbc67e5893a50e32147cb47419cd2a0cfaa038234e5ecff620f033,sha256:96ab3af82895e0fc76adf897dc80d5af0f27f385c42fbde106822d2da93a9d65,sig:y38MQxUQOvgfRgYDZTlkIfl3q7GfkTAHefb1A2e6QAFbL0GIEwhglCGvgZZqDcxVWDg/qwwielQ8aHSKvICkCA==,Inspection captured
LGR-5086,create,evidence,EVID-0050,2026-06-05T16:51:00Z,USER-INS-01,sha256:96ab3af82895e0fc76adf897dc80d5af0f27f385c42fbde106822d2da93a9d65,sha256:87f94e7a4fd2d5acb94881c352ccd0c6b849e744afa14b5ad1861aad22a667bc,sig:GSd5JhnibGb34JSm4BuVTlmib18UZ67M5+UJEc3IbuK6jv+bfOTRtlwg/Zfd63dHNFFFRsZWDV/Oghov+FWGBw==,Evidence uploaded
LGR-5087,create,inspection,INSP-1027,2026-06-06T00:00:00Z,USER-CTR-01,sha256:87f94e7a4fd2d5acb94881c352ccd0c6b849e744afa14b5ad1861aad22a667bc,sha256:7a1826cc32a2dcdab0212ee70ba8a0195e14944fcea0ad5392fca9c6bbfa858c,sig:UZqxczjO5Jpsr8F56xZW3uXHg+04HnQciUYZK7k7/sXZeFktYhEIsA53mllWhe2bpKMI0wyxLa+F3BzqbKe2CQ==,Inspection captured
LGR-5088,create,evidence,EVID-0027,2026-06-06T00:09:00Z,USER-CTR-01,sha256:7a1826cc32a2dcdab0212ee70ba8a0195e14944fcea0ad5392fca9c6bbfa858c,sha256:319221eadb21505bc9c122de3001885d9a1d7a9abad083f00dfd9dd03ae2cb8d,sig:yPAGX3Qf6KMrzODVKoLc08StdYhFJcMz/+DEfyDvnnOx7UIeMvjKE06E8mJXXcPPRJt9YIfl0UoonzrvxAkECw==,Evidence uploaded
LGR-5089,create,inspection,INSP-1108,2026-06-06T21:30:00Z,USER-CTR-01,sha256:319221eadb21505bc9c122de3001885d9a1d7a9abad083f00dfd9dd03ae2cb8d,sha256:35bcdc9da36423d23fb9ec6392435b7bbcf58d65b4f70a302abd5871392390fc,sig:n2VBuPKA1Gsd7qyoys2aa1rigmixALD1rahOGz9Bv6tmqJ/QKR3pb579egzmrhmLfv3tYmV7nmYkQfNq+jA6Dw==,Inspection captured
LGR-5090,create,evidence,EVID-0108,2026-06-06T21:42:00Z,USER-CTR-01,sha256:35bcdc9da36423d23fb9ec6392435b7bbcf58d65b4f70a302abd5871392390fc,sha256:b28b509b5c00271e823093827466715c4f43ebec0a870b6bad758c32c865821d,sig:nouIXOUdxkW6qC0VKRVZ6EV3XvD+2eqiHJsWPer7Y3d2D9fqpLH1idR5/bnjwyVJFV+1SPCduu54X4L6WfRrAw==,Evidence uploaded
LGR-5091,create,inspection,INSP-1090,2026-06-07T10:00:00Z,USER-INS-01,sha256:b28b509b5c00271e823093827466715c4f43ebec0a870b6bad758c32c865821d,sha256:09c05546568af7104fa0e477aaddc38dbc64f84d3a08254daaa7f4f7ccae88a8,sig:g3k7KBkP+GYwML0dVAivFxkpnflzlgD8nkyFYPuBIjQrLwsxk7R3T2kFXODlNIUXA5bDNxmqA4mM3UPGW2R1CA==,Inspection captured
LGR-5092,create,evidence,EVID-0090,2026-06-07T10:01:00Z,USER-INS-01,sha256:09c05546568af7104fa0e477aaddc38dbc64f84d3a08254daaa7f4f7ccae88a8,sha256:a3faa45407c35de053ef47210a9bedfabf9e7e8010cc7206d4abb5b290861e87,sig:bBJK/RbIdJTcyb9Z/Ph+mHNKKSrks8tL1408uYfZ9iK50DQhsSzvJTafbdiNHqhVub/V5uFAtFGFIZ+BrPeZCg==,Evidence uploaded
LGR-5093,create,inspection,INSP-1106,2026-06-07T15:30:00Z,USER-CTR-01,sha256:a3faa45407c35de053ef47210a9bedfabf9e7e8010cc7206d4abb5b290861e87,sha256:e1e20b571d90182e51249404298fa5ba017a7d1691177be473bf3cde9b2665e1,sig:C7PehPriogv+bSjTNNws6O/nGhiHyUWwWJzHBdIq15dhg9JXdafv3Klk/Clm8dxQIb23S3qSoUsyEo+tw3qUCg==,Inspection captured
LGR-5094,create,evidence,EVID-0106,2026-06-07T15:53:00Z,USER-CTR-01,sha256:e1e20b571d90182e51249404298fa5ba017a7d1691177be473bf3cde9b2665e1,sha256:7f8cc030172aa0905a5c3336bf1dcd3a6f391857292a72d30b1e1043bed42ea0,sig:zNZTMMjU8zKPflKh72QNgl4W036jo4jQF77c9DDml+seIwRk75oVtMm8/BeZK3Z3GUfwEl0cgEpyYNBLqYiRBQ==,Evidence uploaded
LGR-5095,create,inspection,INSP-1063,2026-06-09T01:00:00Z,USER-INS-01,sha256:7f8cc030172aa0905a5c3336bf1dcd3a6f391857292a72d30b1e1043bed42ea0,sha256:85f523fddf47aa61ed95d502a6c68fdf57603e7272927456b3670635f0dfa56f,sig:CrbHzrbjZwEi7i8npgQfyaPVEt3sfr8g8zka1Z4MIrYe+zFUfhnYDyfr3/Yw6AArVB7OA0lY4Y9GzCW0nNdCAw==,Inspection captured
LGR-5096,create,evidence,EVID-0063,2026-06-09T01:02:00Z,USER-INS-01,sha256:85f523fddf47aa61ed95d502a6c68fdf57603e7272927456b3670635f0dfa56f,sha256:67a5b68fe4164dbaed757a840b6b601df85959489a635b3e57c2070af134ecb9,sig:AbIzaqzHuF0FQN+2g+ocfkv4f5XOi0JrI71XA0cuzVWWeRlWLpalZ9vIOiI2/0BnE0GY9TmYwaxxp3FxTcwzAQ==,Evidence uploaded
LGR-5097,create,inspection,INSP-1037,2026-06-09T20:15:00Z,USER-CTR-01,sha256:67a5b68fe4164dbaed757a840b6b601df85959489a635b3e57c2070af134ecb9,sha256:af6455be66bbd6e25f5fad046014a397e3e19ad3fe1b7e427adde17b439721f5,sig:/bYZxjy++EWLFtCpxr65GGrx65EiLR9LpG8nOnczCAAEwK/6Ec73s9ETbhfbB0ypP5YddrzcBo8i9VjUP142DQ==,Inspection captured
LGR-5098,create,evidence,EVID-0037,2026-06-09T20:40:00Z,USER-CTR-01,sha256:af6455be66bbd6e25f5fad046014a397e3e19ad3fe1b7e427adde17b439721f5,sha256:303f70370903f042396f9ecf3570842aea76f536373e4f34653c6b1a623f776f,sig:WpxkGZ3tCSfGDkUnFdIk5GiVilPH7AZftE/bYMqZSyB1BrabBAkP0WkH8VsFdzHxoAdAgpXkZgd/ui1y6iraCw==,Evidence uploaded
LGR-5099,create,inspection,INSP-1012,2026-06-09T20:45:00Z,USER-INS-01,sha256:303f70370903f042396f9ecf3570842aea76f536373e4f34653c6b1a623f776f,sha256:5ce5d619dcd6532a72aa26fc72eb61c590c3cfc4ab41e5ea40c83a83f9d84ca8,sig:ykYGdirm1bG2A9I1qZOeKID0QXq2I8UMHyroPJWqyvtqYVGw1SGA7FGR3BM5iZRJKhzNK8lgjro9swaRwftwDg==,Inspection captured
LGR-5100,create,evidence,EVID-0012,2026-06-09T21:07:00Z,USER-INS-01,sha256:5ce5d619dcd6532a72aa26fc72eb61c590c3cfc4ab41e5ea40c83a83f9d84ca8,sha256:43a4c3baefb68cb8cbb861d24c30ed1a5400d3e6971f52a32c6ffcabb496c4da,sig:QaTjZgWvOA0JJMY8AOCmmU+wyHcdfKJ1/TdGGiJRXS8lqumBLTbMrcn5/kPGSIF/+1ssOXrNBoXcZAt13b6wBw==,Evidence uploaded
LGR-5101,create,inspection,INSP-1110,2026-06-09T22:30:00Z,USER-INS-01,sha256:43a4c3baefb68cb8cbb861d24c30ed1a5400d3e6971f52a32c6ffcabb496c4da,sha256:d0dfcd2885405c84e667aef08b22ca59dceb1e95a9ca220b3422ec7836e2087a,sig:W786s24mtpJZ2mXtE4CE11IHNI7f2BF8EJwa7uPN4GbKypG0LdHClzi7PHAgPJT4iZrXWFAqcsRi7Q3vmhtaBQ==,Inspection captured
LGR-5102,create,evidence,EVID-0110,2026-06-09T22:45:00Z,USER-INS-01,sha256:d0dfcd2885405c84e667aef08b22ca59dceb1e95a9ca220b3422ec7836e2087a,sha256:d53155cd8a90c5851eb185ebbfd1f624a9f5af7fe5313f54baf3880a15d9059c,sig:HFpVd3Y/GX4Amd6MxKwi+gmZlcQH5eDZ2n7pih018ntAI8ehRyshO8B7UkecYNN1KsNRm9S84k6FP6QYAXe4AA==,Evidence uploaded
LGR-5103,update,inspection,INSP-1012,2026-06-10T02:45:00Z,USER-MGR-01,sha256:d53155cd8a90c5851eb185ebbfd1f624a9f5af7fe5313f54baf3880a15d9059c,sha256:f58e997f70940cb5a38471c2a6adb969c9124494ee733e5b1f90d6b0630a6ac9,sig:MmYmvRq99Uu8pa7TJNIoR3VTMErGO4cBKDywmUAAqwpECRlLsHERLUiGW2nVT4YOjqtk3yfwiKvRnivaD4USAw==,Score / status update
LGR-5104,create,evidence,EVID-0127,2026-06-10T06:33:00Z,USER-CTR-01,sha256:f58e997f70940cb5a38471c2a6adb969c9124494ee733e5b1f90d6b0630a6ac9,sha256:9139a39f3e4b39532b5e59f4b1cce85003ac68112619f4a9abc51d8620b4fd24,sig:vgs8cDuyZoyGFnjukIhrlO2Y2QIbKo9VhxK2i7elhJViuJLIOTZKbJxerWg5vfyRFDFz3DYxjlUnbvPKkt9ZDw==,Evidence uploaded
LGR-5105,create,incident,INC-321,2026-06-11T17:00:00Z,USER-MGR-01,sha256:9139a39f3e4b39532b5e59f4b1cce85003ac68112619f4a9abc51d8620b4fd24,sha256:3fd39ec37c3f2a46ff1f737c26516d7aa6d760e2d7d0a3301d0406656bb629de,sig:xKLu6WMW4JgE0jt+yezc4V4LeNyyNSIdcqCgD72UhMBw617GEOgRnRsNI1FWoY8e521t9g13VV2HLImb7E7kAQ==,Incident logged
LGR-5106,create,inspection,INSP-1041,2026-06-12T06:45:00Z,USER-CTR-01,sha256:3fd39ec37c3f2a46ff1f737c26516d7aa6d760e2d7d0a3301d0406656bb629de,sha256:3b22ba014eb3c05df8f8bc4a8f479317c97bdd0b2310feaf84a85bcace4838f7,sig:9k742o9Se52E6iugvE/XGEKaBGd8reWmXhnuKKvH2WXlaryEXuVSmmyB5Xz3W1uwOA1iFV0A8NiIzuRmU3vpAQ==,Inspection captured
LGR-5107,create,evidence,EVID-0041,2026-06-12T07:00:00Z,USER-CTR-01,sha256:3b22ba014eb3c05df8f8bc4a8f479317c97bdd0b2310feaf84a85bcace4838f7,sha256:c829e82fde1a6db975cbf2ba99827fe15ef34ea3c62d21796202622339ade0c8,sig:L2s/3d2OWfLdBx/Ksu5Pkenst4PbyT0aODk3ooiNYnLqkr1gWDVBcxG88MQhXJAj0t5TR3tfLszXdJlv8c5QBQ==,Evidence uploaded
LGR-5108,create,evidence,EVID-0144,2026-06-12T12:35:00Z,USER-INS-01,sha256:c829e82fde1a6db975cbf2ba99827fe15ef34ea3c62d21796202622339ade0c8,sha256:b47c7451bc706478efd5ac3d5107add854ddd558226ae840aaa315b2cfde2915,sig:tafSS0YuMkGu3HTzQmf6ijE3uhxxxtLEKxdlizI+K4USLvKuVzZhO9ENgPeNklsiYVsM6cNFW0qU3OIExEGBCg==,Evidence uploaded
LGR-5109,create,inspection,INSP-1013,2026-06-12T21:15:00Z,USER-INS-01,sha256:b47c7451bc706478efd5ac3d5107add854ddd558226ae840aaa315b2cfde2915,sha256:97ef1b65115b431b71c5c4f84df57d7089d0c7142acfcd2c10dd9944bd811665,sig:fd8vv3FFcZ29ICyYTBeFknO+5l6p4kkl5mkzkAHMx25a3Imf51/2p+qFmTxHdNGdljPrZUVXU4V7M58VSvSdAA==,Inspection captured
LGR-5110,create,evidence,EVID-0013,2026-06-12T21:24:00Z,USER-INS-01,sha256:97ef1b65115b431b71c5c4f84df57d7089d0c7142acfcd2c10dd9944bd811665,sha256:6419492cb09406e216ea8e27c747c6dc04a463cce9f29b116ca339b3f9b51f7f,sig:03U1XXTc9/ZnjCTBjv5r0umaZlPTfjU+pegbeqHi14gejehAn4Us382JFIJ8xy1PPbm7ePEF5kZ1fSNwhzDdDg==,Evidence uploaded
LGR-5111,create,inspection,INSP-1052,2026-06-13T01:30:00Z,USER-CTR-01,sha256:6419492cb09406e216ea8e27c747c6dc04a463cce9f29b116ca339b3f9b51f7f,sha256:b39f8b0b7b9e811e506d735bf4814caf98598b3fcbf586e73e409d7fa2ef14c9,sig:HqYyUz2NvT/mi9aFhsCgLoFteoiPPxTM2Z1c3RTAKQ3mGIsFA1I+ud1geP6mzOBufe7BDzF2jucOcTVEUiUBAA==,Inspection captured
LGR-5112,create,evidence,EVID-0052,2026-06-13T01:49:00Z,USER-CTR-01,sha256:b39f8b0b7b9e811e506d735bf4814caf98598b3fcbf586e73e409d7fa2ef14c9,sha256:1b2d6a1effb4c25d3a79aa70e7e825ecf5fb4fb40130056a72f7f2a41efe11e2,sig:EKx+YiMpzWRXmDF4RMRBD+dbLbKTcZWYkkBgRKIjR5PZtMeTBF+aqtcSe8ASCJYtWh67VSDlfxBcUi+WHGcoDQ==,Evidence uploaded
LGR-5113,update,inspection,INSP-1013,2026-06-13T03:15:00Z,USER-MGR-01,sha256:1b2d6a1effb4c25d3a79aa70e7e825ecf5fb4fb40130056a72f7f2a41efe11e2,sha256:f9f630e787a3fc2519bb21793c2fe936bf99f4dfbca94db247ff4e329206966c,sig:SgAWmhP7fEvK6LC+DppAXNvfUrHFwnDjBtgMNgUiqC9aK3FWFue8vWFBbUAStQ3Hpjc91r+MlO+N9lPPUvVnCw==,Score / status update
LGR-5114,create,inspection,INSP-1004,2026-06-13T09:15:00Z,USER-CTR-01,sha256:f9f630e787a3fc2519bb21793c2fe936bf99f4dfbca94db247ff4e329206966c,sha256:f800cbd78d74bb41af7acdc4d7e0f6d40bf381611534b6a210b79a496e17969d,sig:/UwLUVTOzV+/N4BEUiIYcxnQSo+4DcO+8h22IxodpwdD0x4ePHU6lXvAOvpCv/dAieNkdpgSAkB5b/YYxE0wAQ==,Inspection captured
LGR-5115,create,evidence,EVID-0004,2026-06-13T09:35:00Z,USER-CTR-01,sha256:f800cbd78d74bb41af7acdc4d7e0f6d40bf381611534b6a210b79a496e17969d,sha256:e311bdb942637ee2e79e3c2bde2612b902aaacbaf3c613dd589fe34f71addcb8,sig:hIDnOym6Qky4P2fy6gTlFvpWmwEzDACEt5QVjyRgGbP8DYjmKW8/GV6BjGrZqt8QVbPa0ZBZBHmTwbI6YGPSBQ==,Evidence uploaded
LGR-5116,update,inspection,INSP-1004,2026-06-13T15:15:00Z,USER-MGR-01,sha256:e311bdb942637ee2e79e3c2bde2612b902aaacbaf3c613dd589fe34f71addcb8,sha256:7c2a29ab9899a8495bb8cd5214639a2430e56ae8666cdc3c1761fbbeeea3626a,sig:LXFQgkLjHS/puPuC5LF0tkOfonSfH9BLoxrNesbXsYMMF7b8UWPXjoZKvJpJyu8gSvQh5+40z4Y1Pb0m4TG7DQ==,Score / status update
LGR-5117,create,inspection,INSP-1035,2026-06-13T17:45:00Z,USER-CTR-01,sha256:7c2a29ab9899a8495bb8cd5214639a2430e56ae8666cdc3c1761fbbeeea3626a,sha256:7c16109ceabb0087c0cceeb06679c1b13b2ea5c5e2a5f11d43d77674c1c9ee4a,sig:1Q0DRGaMnDDXCDx0fAXQAY4AuQOd7SgKWl5IiPCNcUMlifXLswwn8YClSioNo7tQ3ZN3fmmx+xBK2TfwiujBDA==,Inspection captured
LGR-5118,create,evidence,EVID-0035,2026-06-13T17:58:00Z,USER-CTR-01,sha256:7c16109ceabb0087c0cceeb06679c1b13b2ea5c5e2a5f11d43d77674c1c9ee4a,sha256:e7cc1ea870ac78a0f86cb7ebcca6d521376ad5af93982466c5117b8fce56fea0,sig:4fx72FQ6mSnsuIT4lMNA9l4Gn6206BnSw6P71ohCTYdK5dhpRzVSwOTmj4hEay/oqBjY2QVqflput10EwlH0Cw==,Evidence uploaded
LGR-5119,create,inspection,INSP-1021,2026-06-14T03:15:00Z,USER-INS-01,sha256:e7cc1ea870ac78a0f86cb7ebcca6d521376ad5af93982466c5117b8fce56fea0,sha256:66621d26e7df7e88e0376258a011df6a3b2da6a0817e2d9cadf6b81a491cc220,sig:Plw3eNr2nb4KBl6nBgLSi8rCrGcHRJ4r7FM/nZPtW+bVopsyhyfgR3MErLqnYGhGPVo8myiTK2guz9Y6wMOkAw==,Inspection captured
LGR-5120,create,inspection,INSP-1102,2026-06-14T03:15:00Z,USER-CTR-01,sha256:66621d26e7df7e88e0376258a011df6a3b2da6a0817e2d9cadf6b81a491cc220,sha256:4c9eaa6b9f02aec739e1f7894306b6e069caefdb34098f2e3d6e7fc1fddae013,sig:AhBtfpW+xWn25mdsFJVx0G52yB0J4exIc6ZaUvZ7e63mYSkiuE5iMwo2v//H3rlm4L/c2Gl75se4yfAFu9KXDw==,Inspection captured
LGR-5121,create,evidence,EVID-0102,2026-06-14T03:20:00Z,USER-CTR-01,sha256:4c9eaa6b9f02aec739e1f7894306b6e069caefdb34098f2e3d6e7fc1fddae013,sha256:a6078870ba140ef6a88890467738e269c9c26de6e69e33f3fcd7fdf0f72af9b5,sig:nssDTMwIEcIDeC+z1OXNUer20N8sAwcnm/ETMdms55fHz25PMm5NigdHZEM5vvkfppFQ8PfcSTOL0Dl/yCMvDQ==,Evidence uploaded
LGR-5122,create,evidence,EVID-0021,2026-06-14T03:33:00Z,USER-INS-01,sha256:a6078870ba140ef6a88890467738e269c9c26de6e69e33f3fcd7fdf0f72af9b5,sha256:de14176f258790c539f3210643ce8c889078485da66d7d31638b94b832cceded,sig:LByC3/Uoq4UlYuxRsL8nyoCCX91L6wYyWYdPXhsZNPhFsLWDcuIIC1mxP6MJTFrfqBcglftDGPXcgmRp6CVLAg==,Evidence uploaded
LGR-5123,create,inspection,INSP-1008,2026-06-14T03:45:00Z,USER-INS-01,sha256:de14176f258790c539f3210643ce8c889078485da66d7d31638b94b832cceded,sha256:ba8d63b0da373b9a34693f5017230e04e99833ba8df859f0b7839d785aece2be,sig:WQ8bsy4k5/OGJMFbLO+dEdHKuWojviJwy4e/SPY7+EyxvKyqs0Y0xnWoPzlLy4cIlmBWtovKL4IN1KKh8mwSDw==,Inspection captured
LGR-5124,create,evidence,EVID-0008,2026-06-14T04:07:00Z,USER-INS-01,sha256:ba8d63b0da373b9a34693f5017230e04e99833ba8df859f0b7839d785aece2be,sha256:f7941ed4fd348658b1fb45ed6e4f5ae30588cb2bfa5dab011eaacc48900499c5,sig:Mf7Q3gSOOwyDE2myRfAkj+4amevMKbXsKpbhF9DJz8mwLysbmHr7WP5KNIgPCo4loh3vSH59Kj9y41LWMkXDCw==,Evidence uploaded
LGR-5125,update,inspection,INSP-1021,2026-06-14T09:15:00Z,USER-MGR-01,sha256:f7941ed4fd348658b1fb45ed6e4f5ae30588cb2bfa5dab011eaacc48900499c5,sha256:bc4e47f3529a8e5d7f585b70eadfa36833d057e2d8419479b08cfc00f61407fe,sig:PmHgOa261z+5cFxmHr9/ptD+oud8RFRzp9zcpiULY3w7D3f7DuEKfygJCXbkxqAX2HhiPYi1dtFrxj0ePImCAQ==,Score / status update
LGR-5126,update,inspection,INSP-1008,2026-06-14T09:45:00Z,USER-MGR-01,sha256:bc4e47f3529a8e5d7f585b70eadfa36833d057e2d8419479b08cfc00f61407fe,sha256:5ec4fe32cefa74688c03dabd5cf7b83ec5279b24d8ec00bd3504fd9fd81735dd,sig:HkuP1MBtBeTLFp17D0x4fIP8i6ZSz1LtfJBAQlAYHrx6/smIkk4OMVQwBS5Jf/BgWDF5LpDJjbm3qOFiZiOiCQ==,Score / status update
LGR-5127,create,inspection,INSP-1045,2026-06-15T14:45:00Z,USER-CTR-01,sha256:5ec4fe32cefa74688c03dabd5cf7b83ec5279b24d8ec00bd3504fd9fd81735dd,sha256:a2bcf3581668e4fdd071e0c48c47c5ec0dc1f2c3b04d672625ca0f59b8c7e264,sig:TYMYg3aSXt1OwzcTeN15jnlcaWAHhCehRfKAeR6tj44q5mpKOM6L8YM2GzZpfgGq/1R9XvzMM72VXwrkowIHAQ==,Inspection captured
LGR-5128,create,evidence,EVID-0045,2026-06-15T15:09:00Z,USER-CTR-01,sha256:a2bcf3581668e4fdd071e0c48c47c5ec0dc1f2c3b04d672625ca0f59b8c7e264,sha256:76b2bbde402f1a029c7bc5690c3c2d77dca80bf194ba50048bfa8e1f9155d09f,sig:rIZxoGQlH2sqoDWudQjybkjz0/QPQWuMQkYLuFBBlXeTwnDzh0gtW6eepmg0w7Y4jGACdYqe0n1igzFBY/ULDg==,Evidence uploaded
LGR-5129,create,work_order,WO-021,2026-06-16T07:00:00Z,USER-MGR-01,sha256:76b2bbde402f1a029c7bc5690c3c2d77dca80bf194ba50048bfa8e1f9155d09f,sha256:efe6f2756dd23599a175d7738987b813a500c0f3cdbfb9459688be5012245ccd,sig:SDU7dYf5dZKkqu0Dt/rt2Ip+DsaFcCLoePZeT60ch77h9HI3whGEy+GT9dXRlvoYrYgZSI2fQvTlfRAbMZj2DA==,Work order raised
LGR-5130,create,evidence,EVID-0134,2026-06-16T08:04:00Z,USER-CTR-01,sha256:efe6f2756dd23599a175d7738987b813a500c0f3cdbfb9459688be5012245ccd,sha256:5ff7d75f5d29ebda2fca270d01260f453d5a62b1c244f1ad782ad3e1555c9592,sig:i662KP8pF323VvK7t5dRL/DLlL4UB/6U/NAqi4nPu5gAdiw2oX+VdBgYAUQXrHz+EwnVyCpde9g2umPBvTnlDw==,Evidence uploaded
LGR-5131,create,inspection,INSP-1100,2026-06-16T16:30:00Z,USER-CTR-01,sha256:5ff7d75f5d29ebda2fca270d01260f453d5a62b1c244f1ad782ad3e1555c9592,sha256:b44a2d487c5e7ae17393560e18c387c4e03ab2ed9af9cdc094b938ee1d7b9754,sig:dZ79oxOEy/8s2PYeaSUc3KyYb4WEf/AZj4Ak6FAK8H8rGq8tJsO0i6RmIsLIogT9AfZ6Lmbvhm4AnkAgtIrGCg==,Inspection captured
LGR-5132,create,evidence,EVID-0100,2026-06-16T16:43:00Z,USER-CTR-01,sha256:b44a2d487c5e7ae17393560e18c387c4e03ab2ed9af9cdc094b938ee1d7b9754,sha256:2520e87d5c3d9d83406b3dafff113716f415d5a0fc1306d3745d9bb2ba1fb0a1,sig:52WwsrMEGpDBYCQk5LgJxCliXnU+WhaP6plb+PGOKbVB2U4ycJb+/a4i4v1ybRsBe1YTKSxselWPRoHrPLKDCg==,Evidence uploaded
LGR-5133,create,inspection,INSP-1103,2026-06-16T16:45:00Z,USER-CTR-01,sha256:2520e87d5c3d9d83406b3dafff113716f415d5a0fc1306d3745d9bb2ba1fb0a1,sha256:843c5da3744e07960cf844121d4e80e15dd8aa5b3228316ff69422f45add5eb5,sig:JwFtHF3ETOJ9ETB1jVsZszOHND3SXwwOGKXln3jBSMkT32tLamdAAQX0YbFEmE2f8X+wlYlDpWcVHc9rMFTyBg==,Inspection captured
LGR-5134,create,evidence,EVID-0140,2026-06-16T16:48:00Z,USER-INS-01,sha256:843c5da3744e07960cf844121d4e80e15dd8aa5b3228316ff69422f45add5eb5,sha256:a0af6ba7eb9c45ca74b4ce4b127900b2841b1bbc067abbd13367869a04650ff4,sig:d39jDfGk5CxOq/S8wm/b/mJ5N5/t2ASIQf+dXa6PtwS2fGUXhj664OMiDz8xcSo+9tkb+s9vIw15CblFLGiUAg==,Evidence uploaded
LGR-5135,create,evidence,EVID-0103,2026-06-16T17:00:00Z,USER-CTR-01,sha256:a0af6ba7eb9c45ca74b4ce4b127900b2841b1bbc067abbd13367869a04650ff4,sha256:6757c37582f560970763ec60d2d6bc5c237d2873bf418dd31bc0c7e50091839b,sig:KQr0JEreB78v0m1uXH8WGrCGl/HQlMbvQDm9cYstqtSNkiMOankjLL5PwfDrnRKHj9GmDuQ7BD8az/2vSb58Ag==,Evidence uploaded
LGR-5136,create,inspection,INSP-1076,2026-06-16T20:45:00Z,USER-CTR-01,sha256:6757c37582f560970763ec60d2d6bc5c237d2873bf418dd31bc0c7e50091839b,sha256:88857b557d984486174e3cf41c0d6110e21b4c2019c37e158792dadef1dc3a77,sig:KRghcHAzMp8MzDYFXozil+hIoKplC0vcAG8ttX2RCYuVoMIWApJ6Bs4yPqjxbBgwiLdGgYH/dhmldfuHqGHqCw==,Inspection captured
LGR-5137,create,evidence,EVID-0076,2026-06-16T20:46:00Z,USER-CTR-01,sha256:88857b557d984486174e3cf41c0d6110e21b4c2019c37e158792dadef1dc3a77,sha256:0a92cdd82f154d3ff9b3209a82601dde59a54eed11aa152a0ce5c3789147831d,sig:qgXJn7LDWC2o/YPJjR+GH3hFQabDEj0CAuw30KnDdDEurbahFS08GuFLrODJbFQ02sguXvkWSyaIit/ERK7pAQ==,Evidence uploaded
LGR-5138,create,incident,INC-315,2026-06-17T00:00:00Z,USER-CTR-01,sha256:0a92cdd82f154d3ff9b3209a82601dde59a54eed11aa152a0ce5c3789147831d,sha256:501988b3c78b213003cc8e6bc717d0dd99acb692833d235989f7e39a840e21eb,sig:ObQ1BDDVe4grRmaXPGN7TFHUXdJ+5PrNsU3XhkXKg/fDcTYeRJrotanKpbaPfOyqa36F7vkMcnSo8QtaKbOACQ==,Incident logged
LGR-5139,create,evidence,EVID-0120,2026-06-17T04:57:00Z,USER-CTR-01,sha256:501988b3c78b213003cc8e6bc717d0dd99acb692833d235989f7e39a840e21eb,sha256:272a96df8275333bc1723fd3c4110c1340e588317a9b6040307f568a46d9002d,sig:8KW1wSVUoiJ37ReAJk8BT/ONrusqHbFmUv8dRHt6u77JzX/xJLPKZG+DB5qo5fhQVaawdWBlE8tG8otIViHjCg==,Evidence uploaded
LGR-5140,create,inspection,INSP-1034,2026-06-17T05:15:00Z,USER-CTR-01,sha256:272a96df8275333bc1723fd3c4110c1340e588317a9b6040307f568a46d9002d,sha256:5580803cbb2e82408fc7016a917990a7af7af31bfdf609623bdeec46f97090e4,sig:mq54Mn1UP9C2VsZ0BaVoCeM7vtC5x7dpMotMrtjHfdVg1zPAj/ntFe6HzEsb3PN45R3Qb6mld6qMrbjrnm7tAw==,Inspection captured
LGR-5141,create,evidence,EVID-0034,2026-06-17T05:29:00Z,USER-CTR-01,sha256:5580803cbb2e82408fc7016a917990a7af7af31bfdf609623bdeec46f97090e4,sha256:e3131b948a443e808c1a172a4c0a4ef1be95b70c4beff899ecbb718c058a340a,sig:+vgsKoeuMQ1R0k2OLtxq8xsK0mSrr+Q9dBT9gayrnpU8KCS78BL1PZyvUicsoVZ9ARvohiSHvI5A8JaKVoN3Cw==,Evidence uploaded
LGR-5142,update,incident,INC-315,2026-06-17T08:00:00Z,USER-MGR-01,sha256:e3131b948a443e808c1a172a4c0a4ef1be95b70c4beff899ecbb718c058a340a,sha256:d450d5a0b52fe1b1becf08f4df54b45556d10238de0a95af465f38f57877820f,sig:uiT23or5LCmInpsAP1vtBvPGGp5c1gqsZb5AODwvxNY5aCuKkBAgUcwAIDvq1NKprf44w+sFTzIA1fDBptLeDw==,Status update
LGR-5143,create,inspection,INSP-1068,2026-06-18T05:15:00Z,USER-INS-01,sha256:d450d5a0b52fe1b1becf08f4df54b45556d10238de0a95af465f38f57877820f,sha256:8ab3c93575105a240feb98631fa902e97048d45f89b3b1601b7b0b42cb9837aa,sig:W7cdAl0Lb23ykXlrQwKQXBqyLZV4cwiwgg26ndMSM3+mIpY+VeM7jdhixaK45yuDjvVpplmvVVopHbWk5mChDA==,Inspection captured
LGR-5144,create,evidence,EVID-0068,2026-06-18T05:24:00Z,USER-INS-01,sha256:8ab3c93575105a240feb98631fa902e97048d45f89b3b1601b7b0b42cb9837aa,sha256:bca7ecf9959eeca51fb3b37195ede01bf6147cdf9015a5a19b8a5ef7bac701b8,sig:s0uCV4jFPRRlXevshKYByqhqKhmDtbo/RaSUOYwjsQ/iKgFJCDp8A9NfnvxAUIPtUTPHmAjT5RQ7Zm5JOG9FBw==,Evidence uploaded
LGR-5145,create,inspection,INSP-1088,2026-06-18T07:45:00Z,USER-CTR-01,sha256:bca7ecf9959eeca51fb3b37195ede01bf6147cdf9015a5a19b8a5ef7bac701b8,sha256:5a4afd7f44360767095656019975b8b25bd6be865619fbbcefa4912d9c3bc8cc,sig:M7eyQtEyyTlNGQdGZVvUSQUbm/f7kWJ5c8Xv0LIo99k+ecVxOPbcqbcFgCvbufseT5AiUXKyd11yj7L9CCGMCQ==,Inspection captured
LGR-5146,create,evidence,EVID-0088,2026-06-18T07:46:00Z,USER-CTR-01,sha256:5a4afd7f44360767095656019975b8b25bd6be865619fbbcefa4912d9c3bc8cc,sha256:d00a0396377a9d55389c3c2ca5635fc9a634b60029008e2708eb3f200084e2b9,sig:ALQRxoDRXV7pdCvPbHkm1Y3Zr3120UFmbtzoSI3mosqqaliepv94sg6msUTi0r+NAHzCWCA5cOZkf+5NRd63Cg==,Evidence uploaded
LGR-5147,create,inspection,INSP-1091,2026-06-18T10:45:00Z,USER-CTR-01,sha256:d00a0396377a9d55389c3c2ca5635fc9a634b60029008e2708eb3f200084e2b9,sha256:88e3ac1f233d7e8f0857159ace9eac1e97b8bdfb4a1e689c978addd81b3046c7,sig:HAHZ/gj14wRS/Sm66yzWNkce7ZO+uUMZbKqL+tj3MGI5wDfG0vwl5f6RbxoAO1BSH/+IMgWsNe3wcrmUcbSnBw==,Inspection captured
LGR-5148,create,evidence,EVID-0091,2026-06-18T10:55:00Z,USER-CTR-01,sha256:88e3ac1f233d7e8f0857159ace9eac1e97b8bdfb4a1e689c978addd81b3046c7,sha256:f5b7e020e2ee0d14f27979cea09a4709e21f9dda01f525caf204a5dc255086aa,sig:2MYQ/m16XYU/lwHfTuQeXjoDvlrdVDx2Wems+3+DHM4eUto0a3KWhKNZ/WQI0BVtIOom5SnjfUmS9Hb8gj03AA==,Evidence uploaded
LGR-5149,create,inspection,INSP-1051,2026-06-18T16:30:00Z,USER-CTR-01,sha256:f5b7e020e2ee0d14f27979cea09a4709e21f9dda01f525caf204a5dc255086aa,sha256:c770582a21309f8e4966d5ede6709fb133dcf4a71c75f712a22f49c60f82fc56,sig:/6x4pmgafPexShrnqxH50yyKhsBvTsgnXGX6whZXGiIl6T5N2+rvCJZvXAD40tTsp0C3EvNATTjHaCEP6xoLDw==,Inspection captured
LGR-5150,create,evidence,EVID-0051,2026-06-18T16:31:00Z,USER-CTR-01,sha256:c770582a21309f8e4966d5ede6709fb133dcf4a71c75f712a22f49c60f82fc56,sha256:d3ee10b29277be70024cc8d558ec2cde68af9486e5856eff6626be8036638ef1,sig:ryhKj9hYnwW8jDJfQj1K5qcHGmXpx6C+busqk4xoKPKRpyCO8JkxOxeHoEAXkvnL5T4gT5ykLD1+JeFb1kAHCg==,Evidence uploaded
LGR-5151,create,evidence,EVID-0122,2026-06-18T23:23:00Z,USER-CTR-01,sha256:d3ee10b29277be70024cc8d558ec2cde68af9486e5856eff6626be8036638ef1,sha256:1e5dd1f24c0e96db4de4e73f8190dc26f12d4ca4f8767ca335484cf48d22d020,sig:xbfG67QuzuXznaMmEVPQV+orCkPLW7YHzEBYYwch4r/KJf1jPVSu2lLRXt9LUs1IcBbpRmxYpkpx0fQMqFCtDA==,Evidence uploaded
LGR-5152,create,inspection,INSP-1065,2026-06-20T18:00:00Z,USER-INS-01,sha256:1e5dd1f24c0e96db4de4e73f8190dc26f12d4ca4f8767ca335484cf48d22d020,sha256:2e2435ce9ff875382429b7a1df5de214e6eab0500c80c22fddd66da1b67d4b7c,sig:lgkbAVaxv0YYnRlz+I/dCpLsARvsBfn6vVdocEyDxRLvKypWyIOjg/33d/NfMs9XV/zoCrr2zca4UCqhUusjDw==,Inspection captured
LGR-5153,create,evidence,EVID-0065,2026-06-20T18:24:00Z,USER-INS-01,sha256:2e2435ce9ff875382429b7a1df5de214e6eab0500c80c22fddd66da1b67d4b7c,sha256:456076abc969ba9834421406b9c26253a690ecd7ff22f8bc4d50daad173a10b2,sig:mMcvt5XRmDNuY2H6Kg7Rmfk7JzRqv42fjwnHfa3OjK6dgnCiuVv3t8cHqHNGwrvrkiL6MER5R1l6euJwOFLBDg==,Evidence uploaded
LGR-5154,create,evidence,EVID-0123,2026-06-20T21:48:00Z,USER-INS-01,sha256:456076abc969ba9834421406b9c26253a690ecd7ff22f8bc4d50daad173a10b2,sha256:421b90800d8365f05ff91d2b3bb845812fcdf5cdc62021a23ad6814fa44d981e,sig:J8WykH4eE+jSk+MQaIsjqV8SifXGe6xsrbVKggSP2dO/P8Zh6iq+dzeudt9+Pwf3UbanjOMxnPcERWfPO/byCw==,Evidence uploaded
LGR-5155,create,evidence,EVID-0121,2026-06-22T04:00:00Z,USER-CTR-01,sha256:421b90800d8365f05ff91d2b3bb845812fcdf5cdc62021a23ad6814fa44d981e,sha256:e0b460dc65900df154f2909d63023a0ba54751522d6201ebcf2f8eb9f68f1176,sig:VncT6hO0FwBrkKoOr4esx6dZ4r4IZEJjZa5Z8/PFcQe14Dc3Ygffs98IVy5bSR/5pswXhtRUsou8KRquMBOqCA==,Evidence uploaded
LGR-5156,create,work_order,WO-051,2026-06-23T07:00:00Z,USER-MGR-01,sha256:e0b460dc65900df154f2909d63023a0ba54751522d6201ebcf2f8eb9f68f1176,sha256:ba3a63951314944197c12734be59c945bc6d72d0b7659b4e8a18573b9b3b6db7,sig:9+CTJYXLH2WfYaSd/n/vH3kti1/48c5ZdCgm5gtc3oUWZqptSCzLrEefxQ0z/trGotWLbksHhggk8BV4gNbRCQ==,Work order raised
LGR-5157,create,evidence,EVID-0146,2026-06-23T07:19:00Z,USER-INS-01,sha256:ba3a63951314944197c12734be59c945bc6d72d0b7659b4e8a18573b9b3b6db7,sha256:8c2c12f945e9b888b60c22bfa3101762205368a0b44749025606e27ae7f93165,sig:WmYQlpXDLnTfJkekKqv1SsDRGQhjZT8RUmji40caP0UFI7lajyat3J00ltiIy6QkVjYz71AX2+BS0qBhFt3DAg==,Evidence uploaded
LGR-5158,create,inspection,INSP-1020,2026-06-23T14:30:00Z,USER-INS-01,sha256:8c2c12f945e9b888b60c22bfa3101762205368a0b44749025606e27ae7f93165,sha256:5c918e60b4f54736bd2eac5994cdf471c6269bf51a31f8cb4260f27377fb511f,sig:QLyLfADRQ9Qe2dmmZBBBj+StqSYbyJD2hmH/6TFy+I2DxiwEHdgf5B8wx7JwC6YLQXyTvS9Cohcji6GQJIdFAQ==,Inspection captured
LGR-5159,create,evidence,EVID-0020,2026-06-23T14:46:00Z,USER-INS-01,sha256:5c918e60b4f54736bd2eac5994cdf471c6269bf51a31f8cb4260f27377fb511f,sha256:1d963395c25b5e4c06f831f40ceceb81d0eafe6a9316d7c1f6975a841411317c,sig:k9yTepfD0j1X6DjUPxfSb+LGAOeSw7HOre+TxNeTLmSmydKHu464VdaNMfzjFkMVFFD2jgrSeN9QmpcQKWVdAw==,Evidence uploaded
LGR-5160,update,inspection,INSP-1020,2026-06-23T20:30:00Z,USER-MGR-01,sha256:1d963395c25b5e4c06f831f40ceceb81d0eafe6a9316d7c1f6975a841411317c,sha256:81a4bb33e761987ace6884324fbd40d7838c5599cbcdd7581175cce64485ff32,sig:NmNHTCg26C3OjlSRDdmPSuVmJ25FPowBllw4lpt5+b1Zov56nGbM+QrT/7cGNROPaqqsEeLqXBoVdx74ePoaDg==,Score / status update
LGR-5161,create,inspection,INSP-1099,2026-06-24T15:00:00Z,USER-INS-01,sha256:81a4bb33e761987ace6884324fbd40d7838c5599cbcdd7581175cce64485ff32,sha256:3b86e5f8e23591a52ad7b0256152e8d86b3ca0555fe9b8950b94acc4c1889fa4,sig://CsHaCAebsw6p0BZuZO15utLFrmmgTUHbAjgI/GCgLMTCTBHlTqxNO6G0aeCcLzY40zLU9Yge5zQRFSgo1DBw==,Inspection captured
LGR-5162,create,evidence,EVID-0130,2026-06-24T17:39:00Z,USER-INS-01,sha256:3b86e5f8e23591a52ad7b0256152e8d86b3ca0555fe9b8950b94acc4c1889fa4,sha256:07a339f973d4c0d874f9c32ecd8fa8175df4d23e035042402c87fea923f56a9a,sig:E9okoedJPPHyH3Dx61uwaiCX1qZVwVMPaHSglXIXlWXefJrTxjVKyrx8x1iidsBCqAS9LJur1P2ySUbWMl/MDg==,Evidence uploaded
LGR-5163,create,work_order,WO-045,2026-06-25T07:00:00Z,USER-ADMIN-01,sha256:07a339f973d4c0d874f9c32ecd8fa8175df4d23e035042402c87fea923f56a9a,sha256:6acae2a21bc690f0302ab4ccaa9ec9098aa4398a3323ef897cb685015434e6c1,sig:DxcxZLBFUTMlZPCs13hn9LtSHIDQgNSIYQnBVjC0VASn/nbjDyDEkaKQZhfkPe6UpFn37e5qeqP0v769QVaMBw==,Work order raised
LGR-5164,create,incident,INC-311,2026-06-26T02:00:00Z,USER-MGR-01,sha256:6acae2a21bc690f0302ab4ccaa9ec9098aa4398a3323ef897cb685015434e6c1,sha256:44504f4f74fd835a561e98ab236e95027518a0176da8a527b91bf4fd487af8ae,sig:MADzQiQFvEBrityP8jaNyyHtwxI06QdsK32ibLnJclpQ84dX2jzhrg02M/DanRNy9zD5iRDIhl8m6/T1R/HhCg==,Incident logged
LGR-5165,update,incident,INC-311,2026-06-26T10:00:00Z,USER-MGR-01,sha256:44504f4f74fd835a561e98ab236e95027518a0176da8a527b91bf4fd487af8ae,sha256:55e6c4f10ef8c06fed79d58eebebff982cb92fcb39b287eb3e52a0fc42ad2040,sig:AsbQZiR3OrdibLAYUpGA5uG/2jgwzxUYP6eZfP7s7+3lcQLWXA9QTqhQy7lJZ57B2zO2OM1hVBa3ash8hy4ACw==,Status update
LGR-5166,create,inspection,INSP-1085,2026-06-26T15:45:00Z,USER-CTR-01,sha256:55e6c4f10ef8c06fed79d58eebebff982cb92fcb39b287eb3e52a0fc42ad2040,sha256:307aa180f5043867968d0fa9cfa1688285fad9c19eafd00828080dc7bea7bfe8,sig:oiac6MqpQL9geXJF+fI0YCwKifag7+l09ONLz4TQp7Frj/MUq7GIOw+4sgXdG8Uk86FDuOdiwaqMKn0OiSTiDA==,Inspection captured
LGR-5167,create,evidence,EVID-0085,2026-06-26T15:55:00Z,USER-CTR-01,sha256:307aa180f5043867968d0fa9cfa1688285fad9c19eafd00828080dc7bea7bfe8,sha256:ffe9a67ead6a2c8cf6545f3a3419c0c1a0af8adc940e8bbd5e8d8dbd2115d9ba,sig:ILt7rYF7uwOz29igf/voBXPF+Vn2p5BPm9Lzxk+sEz89eVU67Zqep9zvDeAY2xyd4C9qXA8rPn8jRFt49h4nDA==,Evidence uploaded
LGR-5168,create,inspection,INSP-1048,2026-06-27T07:15:00Z,USER-CTR-01,sha256:ffe9a67ead6a2c8cf6545f3a3419c0c1a0af8adc940e8bbd5e8d8dbd2115d9ba,sha256:69df54716feabe0c607662394aa49b42774b14fa15e50ac0758dd29c3568cfda,sig:0VdxVzJ388NlYiteTQSnc/avy3HETJQ1geTFHXdCRpuK5ZzzC2sOJxS0QXNlmvs+ld+3MLOay1YcZxHC9zXRDA==,Inspection captured
LGR-5169,create,evidence,EVID-0048,2026-06-27T07:36:00Z,USER-CTR-01,sha256:69df54716feabe0c607662394aa49b42774b14fa15e50ac0758dd29c3568cfda,sha256:7b3bfc51649dd2d01fbf501c524e613dfb9f4f7e9f7fbaa5b523b7cf302cb8cc,sig:snzbDWVL6BtY0T7BYUt4lQneHzlqXd3zUEDxcuhzzPMQR4XzoWgy0hEXRxeTMB5HqW40/h46/trInHoNYoQbBA==,Evidence uploaded
LGR-5170,create,evidence,EVID-0137,2026-06-27T09:23:00Z,USER-CTR-01,sha256:7b3bfc51649dd2d01fbf501c524e613dfb9f4f7e9f7fbaa5b523b7cf302cb8cc,sha256:79ea8a76320bb280cb2635bcad5b93e7bd48a7b07af08ac9a77dd39a1efd5b15,sig:LdIU5A3u2E1tKpF0LjQG1ZLqFM+5xQawnAYOWh+KXyMV4XqhrRw/QoI4QDHk2IhG0mgKkCzCQyiTbdslz/42DQ==,Evidence uploaded
LGR-5171,create,inspection,INSP-1053,2026-06-27T09:45:00Z,USER-CTR-01,sha256:79ea8a76320bb280cb2635bcad5b93e7bd48a7b07af08ac9a77dd39a1efd5b15,sha256:888393d87b598dd4990cba34d08122b0e9743878f660ea621cc23bc56b767d31,sig:G5nyZERlUlYIAu9attC1GbarcPLsA6aBK+KT6QYdu96NWgmbKtsLHEPR+jhPRZ8oMujHW/uUAgUViImUIpbXBg==,Inspection captured
LGR-5172,create,evidence,EVID-0053,2026-06-27T10:10:00Z,USER-CTR-01,sha256:888393d87b598dd4990cba34d08122b0e9743878f660ea621cc23bc56b767d31,sha256:664f3e6fc340e42048892e998895b178840143a5773ac9bf59aa6c97451b71a5,sig:j/JVaQOqumwv7xTkU3DC3a7dbcZ1H+rM4aNFTn0hJXJKDooJEL9bPyigeJO9Ff+5qJcW+4OSzouAniagE2Z9Bw==,Evidence uploaded
LGR-5173,create,incident,INC-326,2026-06-27T23:00:00Z,USER-CTR-01,sha256:664f3e6fc340e42048892e998895b178840143a5773ac9bf59aa6c97451b71a5,sha256:fe6336f09bbec14c76a3b132e9c2142859e2f09ae3f167bffbff2d92c6a6e19b,sig:RpMpjsygWphIg0jhtQwZoXkILSJzhDF/KnSRzvz2GNbHrynR1vY4ClUFu7Y+T0gS6SdEtKUdJeifOQJ5cEgnDg==,Incident logged
LGR-5174,create,inspection,INSP-1069,2026-06-28T00:00:00Z,USER-CTR-01,sha256:fe6336f09bbec14c76a3b132e9c2142859e2f09ae3f167bffbff2d92c6a6e19b,sha256:3de3a697422a2c77187215e8279c129f2a91c42612d0490d13ff23f1869c722f,sig:7iryuvuaMD2ufl/9cs3As3owv+YNM8f6r86AuZtDR+qX9t+txRgXBkq46gki2uWpX8UB6PgopXW6sHNyThCHCg==,Inspection captured
LGR-5175,create,evidence,EVID-0069,2026-06-28T00:09:00Z,USER-CTR-01,sha256:3de3a697422a2c77187215e8279c129f2a91c42612d0490d13ff23f1869c722f,sha256:12ced56bbdee29b4ffe3b988a0c7a9d37296ed48aa2451fac4bc46d969969f08,sig:4G75QNxNzTdlecwfEhydjXaGaFzS9CqmGKDDCacFEON4IwzuWSNSuWg1i0kyrMsf3ObqzJ0kK0HCgHN6LCk+Dg==,Evidence uploaded
LGR-5176,create,incident,INC-312,2026-06-28T17:00:00Z,USER-MGR-01,sha256:12ced56bbdee29b4ffe3b988a0c7a9d37296ed48aa2451fac4bc46d969969f08,sha256:a786f014129f02fb2fd1f5c8f32e0842c6113ce42509bd2bc6f53c095a55a262,sig:+p2Cf/P4upA4XPKE6p9UqqSJtLlRseytVS8GMlWWW+CcmEH/EBew516Sl6oUhTJIgf+0Jq2BdB7buYMZmbSJDg==,Incident logged
LGR-5177,update,incident,INC-312,2026-06-29T01:00:00Z,USER-MGR-01,sha256:a786f014129f02fb2fd1f5c8f32e0842c6113ce42509bd2bc6f53c095a55a262,sha256:ee8de83b4e2c3f23219d4c42544bba544c951896cbc3c0a44bbb873c744af45c,sig:NDvPO1lGp+0dsMLFU+FXqdD3DqgPO2ul188JT4Qu7Uwb94Tup+m5eyYakv8EIlST7ztPoHGNuAAhs6e8CJGDBQ==,Status update
LGR-5178,create,work_order,WO-015,2026-06-29T07:00:00Z,USER-MGR-01,sha256:ee8de83b4e2c3f23219d4c42544bba544c951896cbc3c0a44bbb873c744af45c,sha256:bb644fb1b39a9b0ca6fca0c5aaa044b06b6be96aea95a94ef20101aea36596d9,sig:x+FGEZ7P+PE0IY/2pmXQw50FJNiyL9rMn9O4qjTyEB3PhoMBZJaguJO6nJ13H8loZIANZGmN4lLUYc9cFvlxDg==,Work order raised
LGR-5179,create,inspection,INSP-1044,2026-06-29T11:45:00Z,USER-INS-01,sha256:bb644fb1b39a9b0ca6fca0c5aaa044b06b6be96aea95a94ef20101aea36596d9,sha256:cd8b36f3ac41919de1a297660cf1033b0897fd5896f4a73f53b6ef88a06bbbc7,sig:iUoAooym5Js3xZYfbIl/VgdKpp6yQyQL7XDMAcNOtHEtNwrkbg6AqyMCUPaunzwaz3kdzkogTTmXzgSgl/t9AA==,Inspection captured
LGR-5180,create,evidence,EVID-0044,2026-06-29T12:06:00Z,USER-INS-01,sha256:cd8b36f3ac41919de1a297660cf1033b0897fd5896f4a73f53b6ef88a06bbbc7,sha256:49aad4d799baba7ca357711af2e055e7323acb06d9e23c7d0cfdcff74b9bad21,sig:rAtX1AYF7NM9pH7Ra4OtiFk44DY5rKvn4/lBhDbSvx9O91kTHpMC3QOIpdBz6zziBoPMXFHfy8B/vCNu57SBBA==,Evidence uploaded
LGR-5181,create,inspection,INSP-1009,2026-06-29T16:45:00Z,USER-CTR-01,sha256:49aad4d799baba7ca357711af2e055e7323acb06d9e23c7d0cfdcff74b9bad21,sha256:cc9203c9f381360982ba9aa64619bf80bd14f9cc6d3c0dce505536524a2e2b36,sig:HQuWEB6p0j1DQaRO7VxhckSq70HL2Vc/wePeM3fXhSQVz92AWW8V+/jY2J+dcHFUEZswtuU/rxWh0vzIOr2CDw==,Inspection captured
LGR-5182,create,evidence,EVID-0009,2026-06-29T16:59:00Z,USER-CTR-01,sha256:cc9203c9f381360982ba9aa64619bf80bd14f9cc6d3c0dce505536524a2e2b36,sha256:287b838f1248d56362d84eddf3453339a7864c28d7dbefd9b0409b739557483d,sig:1kUyUCFz8iKRmT8DaN5kWzNfXGbDa5oNbAIbLVGdfPrD3DhQ5IkURTzb3RBr+lirFYi/05UDuv5hi5GPMg8CDg==,Evidence uploaded
LGR-5183,update,inspection,INSP-1009,2026-06-29T22:45:00Z,USER-MGR-01,sha256:287b838f1248d56362d84eddf3453339a7864c28d7dbefd9b0409b739557483d,sha256:072a7314286f5c1f36d54b78b7622f9ad4e1bc4f04a7c5213a68d6566a295f4b,sig:kB3oFrbMa3CRj6tKX3Qn5UF65EaCuxIcRqWD4YqN9vlbB6aRPWewBBhRSEU8ozxzcqoblYFi8qZhDX2FjF67BQ==,Score / status update
LGR-5184,create,inspection,INSP-1093,2026-06-30T07:15:00Z,USER-INS-01,sha256:072a7314286f5c1f36d54b78b7622f9ad4e1bc4f04a7c5213a68d6566a295f4b,sha256:1b8e08112c1f6b6b089823b81053889a784624c75d9dfebce5d6ef9b327bce8d,sig:rAZIZFSroO+NvfvThDVpe3V8p6Srax0xlLuVau14khkpkmsGOIRvzqNMcTeV/Y7hQ4YrO6Ptk2eK78Ab2w9NDw==,Inspection captured
LGR-5185,create,evidence,EVID-0093,2026-06-30T07:20:00Z,USER-INS-01,sha256:1b8e08112c1f6b6b089823b81053889a784624c75d9dfebce5d6ef9b327bce8d,sha256:cd8863c86a1b7f5333dc454d3337e33e7b8d3fc63c79db6b8aa1a9837606660c,sig:Pc4oTvFdXEXVby3/lIrdlxLIBlaF+lOOxC+s38t8IhocFNV7zlxRCujDY+VboG6s+8fCBGoIs0xmu2i+71QOCA==,Evidence uploaded
LGR-5186,create,inspection,INSP-1113,2026-07-01T00:30:00Z,USER-CTR-01,sha256:cd8863c86a1b7f5333dc454d3337e33e7b8d3fc63c79db6b8aa1a9837606660c,sha256:d4b3bf87c97ddb9812d1470aaad0275ae21c33a0b154ae1ff96512c33469a121,sig:A5lg1+jjRZ/BaQMp+qWf6NbIqAogQr6TpHaq8t+Yjjurw6PmZeZStMIHQ4fJ4H0d57bSTJYqezUblTNNNSvkDg==,Inspection captured
LGR-5187,create,evidence,EVID-0113,2026-07-01T00:35:00Z,USER-CTR-01,sha256:d4b3bf87c97ddb9812d1470aaad0275ae21c33a0b154ae1ff96512c33469a121,sha256:a3dc2ffa5f69e097f4ee65e4814437f633e0225a8626f5c2d3f58bf95db249b6,sig:NpRXmnoYinQXuFeL1LIyWtPUthm+3YtmdctzRQrbAkvX54KFvslDeoi5fRpgBDWJvRheVhm6lZ+Bx3k+5JxLCA==,Evidence uploaded
LGR-5188,create,inspection,INSP-1112,2026-07-01T01:00:00Z,USER-INS-01,sha256:a3dc2ffa5f69e097f4ee65e4814437f633e0225a8626f5c2d3f58bf95db249b6,sha256:43ca95ad3d997511a558396abb9df0e9ecec89bb32d966b955b575787e1eb164,sig:KPQwsEgKhKHVwNY65mNxufyP8hsMhYdUmWmm0kAn+upXrZWRdHr8ThkZpqsxqu/uwkLFVpoK93NbB8XCznbMBQ==,Inspection captured
LGR-5189,create,evidence,EVID-0112,2026-07-01T01:01:00Z,USER-INS-01,sha256:43ca95ad3d997511a558396abb9df0e9ecec89bb32d966b955b575787e1eb164,sha256:51c1d136d0368b2fe2e343750c8bca666950c0e2d67398f33a8eeae2abdbb400,sig:7sLDUNuUNG8X60cn4065olfZvnQCBE2XUdOGQPvlf3ccruAdWMge8qbHV/z7H4Z168HUzzUdsxB+Vx0W2QgOBw==,Evidence uploaded
LGR-5190,create,inspection,INSP-1075,2026-07-01T04:45:00Z,USER-CTR-01,sha256:51c1d136d0368b2fe2e343750c8bca666950c0e2d67398f33a8eeae2abdbb400,sha256:76b1925090339f605ee0208f16b8b3ce4d3eaf13cc8f66f70b05ba31443caaa6,sig:nZoX4OfrkRsP7GT0M0OSMLRi1/DeP2k8fgrkGy/M5uV+m0A7tZKyKLQ5l0MFFYa0oAXMfe6/77csmTee/PmRBw==,Inspection captured
LGR-5191,create,evidence,EVID-0075,2026-07-01T04:49:00Z,USER-CTR-01,sha256:76b1925090339f605ee0208f16b8b3ce4d3eaf13cc8f66f70b05ba31443caaa6,sha256:d42064d876292a41004beb77394ee6ef1af9710cb1d6e1cc850740546f44ba44,sig:wUgwhaKNbpNU6j4sADPblpi574qL16G9J2LNLp3Os5hAfnW4WD4Nw117zz5x8Tr2v851EcmM6hM4bHmEQDx0Cw==,Evidence uploaded
LGR-5192,create,inspection,INSP-1056,2026-07-02T07:45:00Z,USER-CTR-01,sha256:d42064d876292a41004beb77394ee6ef1af9710cb1d6e1cc850740546f44ba44,sha256:2e01f47ee86e3548b43fc7b414cb10b1f47fb16cfe479394cbd43a851d84daad,sig:1wZrZV77fkH/oJTCSKhckZjITgEKNWPe1fN9ClQ4rSODLVEi9wtwVq09XE6Uj+bsq6o7EUKNePUySF3HalYwDQ==,Inspection captured
LGR-5193,create,evidence,EVID-0056,2026-07-02T07:55:00Z,USER-CTR-01,sha256:2e01f47ee86e3548b43fc7b414cb10b1f47fb16cfe479394cbd43a851d84daad,sha256:7948e358ec4f1bc74e212a85e74a6a7d8dd885a45d3ee42dd453e613ff8214bb,sig:via8Qgl1o/i2Y7UPOtLvGt/Mgk4DMFTgTW8T7Ac0Hf+UmYZMIwrLnGZ5ZCuHTgwJCXakm9quDER/9cBN167PAg==,Evidence uploaded
LGR-5194,create,inspection,INSP-1079,2026-07-03T07:30:00Z,USER-INS-01,sha256:7948e358ec4f1bc74e212a85e74a6a7d8dd885a45d3ee42dd453e613ff8214bb,sha256:3262cee27da0b2d34bf031985df1a3a545b5c53028ecd2d2fcdbfddaddd75844,sig:Zrsf/eavw6g0gj1kof9ve31Se1cHawIfrCElE/5xO75at2qzEa7+BqgdjozpsK89TrIND0nHpW51jkhT0XrSDA==,Inspection captured
LGR-5195,create,evidence,EVID-0079,2026-07-03T07:41:00Z,USER-INS-01,sha256:3262cee27da0b2d34bf031985df1a3a545b5c53028ecd2d2fcdbfddaddd75844,sha256:92f7a2064683da291c6ac3da8972651808b01aa8b4f5e5a79608e3fff8834e96,sig:9B+X56lqlMZ+C93SfYgnz8Typeg0FzYiwYBZUNQSzfA/eUUTaY1VmN0TxaWHH9CFJV+SRq2O9QFAIt0tmDJhCA==,Evidence uploaded
LGR-5196,create,incident,INC-324,2026-07-03T08:00:00Z,USER-INS-01,sha256:92f7a2064683da291c6ac3da8972651808b01aa8b4f5e5a79608e3fff8834e96,sha256:3309cae7a8267a132396a0bf7fe0d30e70a16acaad8717784c94d81d4c7adb71,sig:qV8TcQHFEVOyCf7FcUP5dayqDpTpYucOqf79rl+6QzPzIssSXBO5UFa8aAQd3CMmfio2AuRkmQYBa7tyWgK2Dg==,Incident logged
LGR-5197,create,inspection,INSP-1086,2026-07-03T11:15:00Z,USER-CTR-01,sha256:3309cae7a8267a132396a0bf7fe0d30e70a16acaad8717784c94d81d4c7adb71,sha256:ec55324f6cb651843ff9dde39adc8f9551137f33d9b39f2fb9f8840f45e9b226,sig:Yczl3vtaktvLceQuoxlkko3YQTz0qRM/A7mr70/o7ny+yK1vgo5HqvL1A5s0SQbMFCbY8C8bqZhQWmGpmtGdAg==,Inspection captured
LGR-5198,create,evidence,EVID-0086,2026-07-03T11:34:00Z,USER-CTR-01,sha256:ec55324f6cb651843ff9dde39adc8f9551137f33d9b39f2fb9f8840f45e9b226,sha256:02d0ff2f6165203e0535bb78d6e2b96746ee86437c4cb03c979f8cb30b416b57,sig:14ZS2opiVG/SRGSbLskGV12NQV/6MtBURR6A/aTcmh6l+l6TiT0oqOAtoCaWzsS0pUMzQb9A/cmtjeJK/66oAA==,Evidence uploaded
LGR-5199,create,inspection,INSP-1011,2026-07-03T16:30:00Z,USER-INS-01,sha256:02d0ff2f6165203e0535bb78d6e2b96746ee86437c4cb03c979f8cb30b416b57,sha256:c416ac74427bfc27d4c9877a23d24af50f9078efde5dd778919145536eefdbd3,sig:hqJMRofl5jaJ8UwW7bTcGpndk3swWo5YG7ZwGzCHegLqIrTjkf/IHst93VxJgSBSIFzGdL84w2Wcol9bh61YAA==,Inspection captured
LGR-5200,create,evidence,EVID-0011,2026-07-03T16:53:00Z,USER-INS-01,sha256:c416ac74427bfc27d4c9877a23d24af50f9078efde5dd778919145536eefdbd3,sha256:7ac25d4b83dc557f54ae737080fabce169fb426d5686412b633e7cef5747af11,sig:5TpZBRnRfYIx3lKAVo84fPgsDwVTrbH+f8nTqsyariP2qjFnMC0aZZ+wV+vMN3gDsMlYZpSS8Ld0w+6ssGMaBA==,Evidence uploaded
LGR-5201,update,inspection,INSP-1011,2026-07-03T22:30:00Z,USER-MGR-01,sha256:7ac25d4b83dc557f54ae737080fabce169fb426d5686412b633e7cef5747af11,sha256:ffc481652870e7e4ba8912d640aabd9c7544e9563bee961e4cecd7195fbd94bd,sig:UJLW10L03bg03Q0cY1m/c7REgMmnfIdZ2a8gK2WkAWf/qo1+YVwnxHYIv9XKP1vuo2jRuEsDH5n6MlIaKmaGAA==,Score / status update
LGR-5202,create,inspection,INSP-1061,2026-07-03T23:15:00Z,USER-INS-01,sha256:ffc481652870e7e4ba8912d640aabd9c7544e9563bee961e4cecd7195fbd94bd,sha256:667e520949446cc3e2d40285e660500977c2b426c68899a10ba7fb30c3e1a7f6,sig:hlPQXsiE4OZVO9diPIAkCOEppIwRFj+mo3CXDZiZ8H+UbpxOheTiFNBTmsG/4u3+EcjZ/NG7uFLSWjxa4IiGDQ==,Inspection captured
LGR-5203,create,evidence,EVID-0061,2026-07-03T23:40:00Z,USER-INS-01,sha256:667e520949446cc3e2d40285e660500977c2b426c68899a10ba7fb30c3e1a7f6,sha256:73819b26d483cd754e1de25e26abd31a2215e64268f7edaed4bc6b69ebc5519f,sig:x5Cw79FsRIqOPE0Mc3iMKd7v3KLBWXx2qrAN+e3vUotOdLQemSgE95Z/Zr9lONCGmOrGTvTZvEXWPbwq6zO7AQ==,Evidence uploaded
LGR-5204,create,evidence,EVID-0148,2026-07-04T01:31:00Z,USER-INS-01,sha256:73819b26d483cd754e1de25e26abd31a2215e64268f7edaed4bc6b69ebc5519f,sha256:1ae0214ea3a54b3eb74184bd52983ed02cb3773ea9dcb469f99cc898996fbd5b,sig:MVuiJjROkAfnBfyNvAehBrOVDMIukZnRbA4MUhi94l6uv8GSCwmesdlp3htaKjaeHKA+SJPPEjYvVEz9pW2NAQ==,Evidence uploaded
LGR-5205,create,inspection,INSP-1062,2026-07-04T10:30:00Z,USER-CTR-01,sha256:1ae0214ea3a54b3eb74184bd52983ed02cb3773ea9dcb469f99cc898996fbd5b,sha256:3fa4129ca703b6e77f0f6069b6c4c3dbb07c558290cc94d9bd16fb90ae32c220,sig:KkROv9E5ZuCR4XL8QnUCJ7vnm+ifoV+VNodkjTQXa0GGeY7WgFLssKDpnzrpZsL9UBM3gRwp49GzLYrrX8uzAg==,Inspection captured
LGR-5206,create,evidence,EVID-0062,2026-07-04T10:53:00Z,USER-CTR-01,sha256:3fa4129ca703b6e77f0f6069b6c4c3dbb07c558290cc94d9bd16fb90ae32c220,sha256:8edc208329899398a18d759acdf8fdbe436558a73a276a56fdbc155a9e2ad7ec,sig:7bqZ0UvdMfj5wbvgtjwY3x3XENmVVBHQuWOJuy/WNAtQ7HGcmE0UfBRn/ni9kqAGZ10f8umEX9YPmSR7pjFEAA==,Evidence uploaded
LGR-5207,create,inspection,INSP-1025,2026-07-05T08:45:00Z,USER-CTR-01,sha256:8edc208329899398a18d759acdf8fdbe436558a73a276a56fdbc155a9e2ad7ec,sha256:c9b7a10fd2eb7e48c528076d20a299f6bdcb94dfd94ba8070c784fc1c70dfd7a,sig:zt5SPpTACKvOZpG5brHosepj/GjC89dAmaZLE+k2zoFHjXzTOWxBNx3sj5EQ9lgxGiv9MiOzexPUf/iGhsUWBw==,Inspection captured
LGR-5208,create,evidence,EVID-0025,2026-07-05T08:59:00Z,USER-CTR-01,sha256:c9b7a10fd2eb7e48c528076d20a299f6bdcb94dfd94ba8070c784fc1c70dfd7a,sha256:fd48b7f5e792ff3be4e5d3b61fbd1da2771dc1d7261c529bd6a237f3c329f220,sig:kQIDBbvPkIelZjCpEPUDbzSeKXO+rmJt7XnGhLlNfSCYXtICs2kmpwmHPprKldghhcrHyXxO9cjqgfZlv4A3Dw==,Evidence uploaded
LGR-5209,update,inspection,INSP-1025,2026-07-05T14:45:00Z,USER-MGR-01,sha256:fd48b7f5e792ff3be4e5d3b61fbd1da2771dc1d7261c529bd6a237f3c329f220,sha256:3f4dc294584b00fc3dbd01832e3701188d21f0dd34cc37a215396143380f59b8,sig:CwSFaZmIbEVujPjyhfZ20j0qd3b0QQG889UbRwJiEsMMVtkFiuYfs+1hZatehzRH9IuQuM7KglHlsB5lEmw7Aw==,Score / status update
LGR-5210,create,inspection,INSP-1016,2026-07-07T16:30:00Z,USER-CTR-01,sha256:3f4dc294584b00fc3dbd01832e3701188d21f0dd34cc37a215396143380f59b8,sha256:f7938e73beb8ab36c684ad7df96b71bc63f158538ddc0ad2233816f9ffe0cacd,sig:zsHp13+/6aPBUKqbKW6owVsW9gd3IiLYcBE5dU2fPRP62ig01mS6XpZ3dcthCrC7aBtyY3C9zHjUHayTmbK0AA==,Inspection captured
LGR-5211,create,evidence,EVID-0016,2026-07-07T16:49:00Z,USER-CTR-01,sha256:f7938e73beb8ab36c684ad7df96b71bc63f158538ddc0ad2233816f9ffe0cacd,sha256:ad65a8e4a590c29ca3f18d078183919c118e04b113d01c704f7986393ffadf10,sig:2IewJBc7/9gewJ0ddJUJARAXTuhiP+t9QnCVDAbANrpsROfp1V/BvXz/TL7XPYCgwBiEjX3d5YIiMK7oQrHWDA==,Evidence uploaded
LGR-5212,create,inspection,INSP-1033,2026-07-07T18:45:00Z,USER-CTR-01,sha256:ad65a8e4a590c29ca3f18d078183919c118e04b113d01c704f7986393ffadf10,sha256:ce10c7796953a05cff5b1e4352be8e733225ae7c46de9dd4d2258defd0c2cdde,sig:upQvkaFiDKXeYo0cQsRXdUkKXYTWb2G4a7p74ZILkCF87gZF7NBGiWkNFgJGitMq2B/fuiwAAH9bBd28hqkLCw==,Inspection captured
LGR-5213,create,evidence,EVID-0033,2026-07-07T19:08:00Z,USER-CTR-01,sha256:ce10c7796953a05cff5b1e4352be8e733225ae7c46de9dd4d2258defd0c2cdde,sha256:42db70d94767f207bc4516e2ed80a7b3dda7bebd9fc45e58ffc6323266c94de0,sig:bhdp5dSWTSTJlRUk1Kt5UGi9Uro+VYfMBHluLtlajI0JJO1vEs7FaBmAp1gQb71D6KcWrpiDg4j/yptyHBWRBQ==,Evidence uploaded
LGR-5214,update,inspection,INSP-1016,2026-07-07T22:30:00Z,USER-MGR-01,sha256:42db70d94767f207bc4516e2ed80a7b3dda7bebd9fc45e58ffc6323266c94de0,sha256:e08359190f0a8de7ec1c4620380e3836723d4cb08d83022814a51b908e048df5,sig:iHY5MoeVPQ/2gP4OKnz3r4HdOoAD058gLDcyIwfDaIw67L3hVWeEMPxWZ+PsPVweWcWKnpe10X3YmpCbi35eAQ==,Score / status update
LGR-5215,create,work_order,WO-054,2026-07-08T07:00:00Z,USER-MGR-01,sha256:e08359190f0a8de7ec1c4620380e3836723d4cb08d83022814a51b908e048df5,sha256:a38f2040aca9d667ee76551dc03a59ad63052a732b1cdacd5276485491205005,sig:CXUcC1EypUmPeiFlhJB/iCjSGgh02JX10g2Izk1NZga+EmLLiYcky15jUsqjYmjwOYS0ZfmP8unYbYxnGOoDCg==,Work order raised
LGR-5216,create,inspection,INSP-1003,2026-07-08T21:00:00Z,USER-CTR-01,sha256:a38f2040aca9d667ee76551dc03a59ad63052a732b1cdacd5276485491205005,sha256:d32e4eeedf8766aa62ae7b6a86cbf4f7b008e780792caf5195bcba3996e57cff,sig:QdzT4Wfs8RuSM/kSfYLS+uVuAmnwgjyKbTTNl/x9AXrZAat+Q3dNpL/LBcX5HQKlnAYG4RgkAl7uz9JuTjC+BQ==,Inspection captured
LGR-5217,create,evidence,EVID-0003,2026-07-08T21:12:00Z,USER-CTR-01,sha256:d32e4eeedf8766aa62ae7b6a86cbf4f7b008e780792caf5195bcba3996e57cff,sha256:a69eed2189975090619cf9ad1dd7562a5f99d4036d0562811e0ed6d6001d7402,sig:F8Wr0NpXz5Goh42i2A0k6poMjOBHWoCJKiySgReD4nWKoaBMMNQd6H/0P4nDJtrgNwvVNmh83GXZRDtUaiuTAw==,Evidence uploaded
LGR-5218,create,inspection,INSP-1105,2026-07-09T01:00:00Z,USER-INS-01,sha256:a69eed2189975090619cf9ad1dd7562a5f99d4036d0562811e0ed6d6001d7402,sha256:125dbda26b2c7be4492bc1b290da1729afd2d809d353d534a4313d88ce36f778,sig:S7Kq1ks0g7SCG3v+qj5CJDa2wzbqF06nk8VZM8avP5SMrVbSxQC21OvX4CSm9HtHfP3YKpTyeql8ANbO7P3uBw==,Inspection captured
LGR-5219,create,evidence,EVID-0105,2026-07-09T01:04:00Z,USER-INS-01,sha256:125dbda26b2c7be4492bc1b290da1729afd2d809d353d534a4313d88ce36f778,sha256:c765ecb3d02890b7095b261e515d022aa63be43cafaa0f02248ec2bd07ca9137,sig:sGURfj7oyNtaxobsgqmFqfuiMjk9YW7Vukr2/sxw3U26UNpm8o4gBFF72F3L6eyQCZQ3hM7sicwF0410Ih/5Cg==,Evidence uploaded
LGR-5220,update,inspection,INSP-1003,2026-07-09T03:00:00Z,USER-MGR-01,sha256:c765ecb3d02890b7095b261e515d022aa63be43cafaa0f02248ec2bd07ca9137,sha256:f53a4a5d6a7a4ffae259ccf6efcbb690bd752eb5024f3af98005e8fd9e9c1432,sig:V2aR3mmk6PSYhXbUJSzcg3PaGF2ZUWUb6cC7LPUBjqqvsHZwWluVjTmIOYW4zQYu67KYietbSvvcWsrcI6U9Ag==,Score / status update
LGR-5221,create,work_order,WO-012,2026-07-09T07:00:00Z,USER-ADMIN-01,sha256:f53a4a5d6a7a4ffae259ccf6efcbb690bd752eb5024f3af98005e8fd9e9c1432,sha256:2b2bb0a43a9f6fb01dc089eebbad2dbae2543d59c225b4f74730973fcc686cc5,sig:3nSPPjR7VVB4J1QDic70Ja6TlOyC+j1z7lXEY/g/3sYi+F/mRaU5zszQ+kpM9vd5JGc5g0ICqE9V2b5mGnamBg==,Work order raised
LGR-5222,create,work_order,WO-026,2026-07-10T07:00:00Z,USER-ADMIN-01,sha256:2b2bb0a43a9f6fb01dc089eebbad2dbae2543d59c225b4f74730973fcc686cc5,sha256:0f1150efd192d8606e178a82b211d8270126ca05af28899b528c764380621176,sig:JsxkSdeVt7LTovDgkQvqDhESFgJPixhdyBOx8jbtvF0b4+Eler8aOjEORPqmBZaWWTODCvPcKr5gHqmOg24yDQ==,Work order raised
LGR-5223,create,incident,INC-327,2026-07-10T22:00:00Z,USER-PUB-01,sha256:0f1150efd192d8606e178a82b211d8270126ca05af28899b528c764380621176,sha256:0bd4f41f9bf9feff814adbe9fc7d1df0a8460ba1aa7eb1e1a992d7f4492f03f2,sig:avn0hrAbM5uJ7s2Qj+OkwWeYaszievE93nsPu+B0Ag/DdqArwwHmiQMCjobFv3stvmEP6+Bc6LG6Sl4BZ+hOBQ==,Incident logged
LGR-5224,create,inspection,INSP-1094,2026-07-10T22:45:00Z,USER-CTR-01,sha256:0bd4f41f9bf9feff814adbe9fc7d1df0a8460ba1aa7eb1e1a992d7f4492f03f2,sha256:3a4f0f1a7bd9b1f2dbd4d82717fe96797d40d1da7325705b233ed102f5896be6,sig:5ME5fksuumQppjsmrrAPnWGUjOkGeccusrS/xEmzbV+MStR+ieSgT2KRh3kVQwuzqXFGeIezpuqBHYuyxcnWAA==,Inspection captured
LGR-5225,create,evidence,EVID-0094,2026-07-10T22:53:00Z,USER-CTR-01,sha256:3a4f0f1a7bd9b1f2dbd4d82717fe96797d40d1da7325705b233ed102f5896be6,sha256:855d27384cef7f661f668c8e469c9cb2dee585c236267b2336aa3bf1dfdf20a8,sig:x76Z7YX4MrYIg2DCDua0hh4nBFKlEJbpbKhzKqB2y+3qio9IlE7kZoS+IensIBCTJ9l9TDPHjfpH5Op/xuYSDA==,Evidence uploaded
LGR-5226,create,inspection,INSP-1111,2026-07-11T01:30:00Z,USER-CTR-01,sha256:855d27384cef7f661f668c8e469c9cb2dee585c236267b2336aa3bf1dfdf20a8,sha256:1843e7e5c63b429dcfb1b7f8e3bdf4095e87bdb58f511b9bcdfa6b6d69de6e91,sig:8ZYjW1i5E0MZ00N4jJPPv6yxKmiz1IzhhiHP2dvPMKSsTwnSpTl6pjsndtNlXWYRtqPcUNFugwHXQoQd6j6xAQ==,Inspection captured
LGR-5227,create,evidence,EVID-0111,2026-07-11T01:45:00Z,USER-CTR-01,sha256:1843e7e5c63b429dcfb1b7f8e3bdf4095e87bdb58f511b9bcdfa6b6d69de6e91,sha256:3656fdee7da18d1844ab63e6d75f265b05083f3da414f7fe112f18c62816d9d5,sig:fybdZNUvV9cWc7pIa+Kx2OdkcXUHVEZmajDgRkeKg5FJMLDyKyCrDqwPSLGxe8Rwwt/6gqjI5Ye7+qSZvgWeAA==,Evidence uploaded
LGR-5228,create,work_order,WO-042,2026-07-11T07:00:00Z,USER-MGR-01,sha256:3656fdee7da18d1844ab63e6d75f265b05083f3da414f7fe112f18c62816d9d5,sha256:c9bbe4b0f5159bec9e3059a1f8093c350b507cdbe6580f8de662c45402d49bc4,sig:imATQwPV8Q27HcZQ4eGuDdg16N5Hvc9/AHoOh+Nh+UDR7whAB1mQ9RbS0z7i3bv9gvhHsjPfi6Qsoh56QcahBQ==,Work order raised
LGR-5229,create,incident,INC-303,2026-07-11T09:00:00Z,USER-PUB-01,sha256:c9bbe4b0f5159bec9e3059a1f8093c350b507cdbe6580f8de662c45402d49bc4,sha256:e807eb45db6479e11fbdc80b6da067a7b1db13b33823dcd7792066a895ccabaa,sig:jo44F6BZ6WE2QphwezmQ9OOCE9VoGs9VIKINxc86KtewL64S9UFsfNmRWB5sgAmlZYenCGryvd/c+uBeu30uDA==,Incident logged
LGR-5230,update,incident,INC-303,2026-07-11T17:00:00Z,USER-MGR-01,sha256:e807eb45db6479e11fbdc80b6da067a7b1db13b33823dcd7792066a895ccabaa,sha256:6101dc2e13a2b5659afa9cf4c5d0a70a0055abd46922b3153326595e0fec10f9,sig:D7a3NwIn62f4lRmc5zbHxYYKsN0rfgElHIvZc2y5cKTnazl28ZwkQ7BqD7ezrTtrZwE2vX2dB2zilsD2ArxKAA==,Status update
LGR-5231,create,inspection,INSP-1005,2026-07-12T18:45:00Z,USER-CTR-01,sha256:6101dc2e13a2b5659afa9cf4c5d0a70a0055abd46922b3153326595e0fec10f9,sha256:d26d4a1038dba035388a2b6bebc60ea850ffee7c028696ad18c1d9efc21bd763,sig:IvQsm4VWCZmsZdvls0TmnyzspJRMRpmnOVWnGDo5ksuZ03rKp6LN/kiN2+X+wdSR2GgPT/uTrhR8ACHRDTJrCQ==,Inspection captured
LGR-5232,create,evidence,EVID-0005,2026-07-12T18:47:00Z,USER-CTR-01,sha256:d26d4a1038dba035388a2b6bebc60ea850ffee7c028696ad18c1d9efc21bd763,sha256:b511b3abe7ffb62c3c1712565a57919bc5a39de4d3119294be6403493ad101d8,sig:N4Qa5oR32qkcogaWdc/WeHS+xI/cKZnQTReaUl4QSL/p8XPHf6YYyQjT14vyDcZNPE8MMQziXV7WjHhyh47KBQ==,Evidence uploaded
LGR-5233,create,inspection,INSP-1055,2026-07-12T21:45:00Z,USER-CTR-01,sha256:b511b3abe7ffb62c3c1712565a57919bc5a39de4d3119294be6403493ad101d8,sha256:243a09495d935682c4852baf6dfabe44dc960c8c8ab3eda594cc15f9f6201763,sig:tkQqpHOMKBwSw8f1tf4XwZhGDHa6E/5hW4H9/Mq7BAmExJQLB9lwcoVI7T80z3LRgZ+ZrHEwkGeMwLS82F0gDA==,Inspection captured
LGR-5234,create,evidence,EVID-0055,2026-07-12T21:47:00Z,USER-CTR-01,sha256:243a09495d935682c4852baf6dfabe44dc960c8c8ab3eda594cc15f9f6201763,sha256:1cc492027aed525a6b5bf16d09de72577240f6a9c3ea8f81bb134d8d180609f9,sig:DSMf3sbLtC/RsuAIhXeNEqhzlhcs37remMGbJtAsxDndmiDLGuUJAB/K4fpz6ZbKWYnwi9+xjB1DDVI+gS6tDA==,Evidence uploaded
LGR-5235,create,inspection,INSP-1036,2026-07-12T22:15:00Z,USER-CTR-01,sha256:1cc492027aed525a6b5bf16d09de72577240f6a9c3ea8f81bb134d8d180609f9,sha256:3a50e303ec077d6b5d46627cd43fabdf39441d10c779086dc953095289469540,sig:2zvQGUoEfdk27C19RP1QnlLZq3+b1rMq7WQ5pOqnzea+jprlqg2cv0Z8QIXyzT+IGG4QYnY/pABLDO+srg3DDQ==,Inspection captured
LGR-5236,create,evidence,EVID-0036,2026-07-12T22:26:00Z,USER-CTR-01,sha256:3a50e303ec077d6b5d46627cd43fabdf39441d10c779086dc953095289469540,sha256:36b7d79f83926b336d0bdfb0cc9a75f6be3e3b9461326a0745a7e37b855df3ef,sig:Vq5SIuE4Z7RdOTPpaoaxYuPZwplKKryczpMNfseQgzqkIk2MIm57PK+YE+pmp8WznqIiJ6jxf5bpBniA7VERBg==,Evidence uploaded
LGR-5237,update,inspection,INSP-1005,2026-07-13T00:45:00Z,USER-MGR-01,sha256:36b7d79f83926b336d0bdfb0cc9a75f6be3e3b9461326a0745a7e37b855df3ef,sha256:262c9fdff7c3258630537866a5b265cae33221b2ae58d5048cf2f2e797b479c8,sig:8h+8+/wsGKjHvHXCsYGbHcXgPY2pqLwXVo9+cUL41vyfXqO4IjFu3jE/SUPbqeC40psCksivXiyVXCTqSLMpDw==,Score / status update
LGR-5238,create,work_order,WO-056,2026-07-13T07:00:00Z,USER-MGR-01,sha256:262c9fdff7c3258630537866a5b265cae33221b2ae58d5048cf2f2e797b479c8,sha256:acb020f72885c10df103d679e11ab451404c684b1928e15fd0838e6bd7b624a7,sig:mOiFL79hGddqgAgeo9oFVctc4nP91Y1ytrENRdDmbxyP8m2Y20tTNwkd3G1PKeCwojPnwI0n6mAxL9f/WcOwBA==,Work order raised
LGR-5239,create,work_order,WO-071,2026-07-13T07:00:00Z,USER-ADMIN-01,sha256:acb020f72885c10df103d679e11ab451404c684b1928e15fd0838e6bd7b624a7,sha256:07d38f0f55e1cbcb928f10aa94d78e95647228f7487007c6d6ecd77cb2bea6b0,sig:+VBjO9ViaklEsfkVcM12x9AWJTND2OaxpxHUOzn5kmrGW3HGYUoaf8kGuEtZNyzvsYhRH30ML0sy3n78YgrIAA==,Work order raised
LGR-5240,create,inspection,INSP-1007,2026-07-13T17:15:00Z,USER-INS-01,sha256:07d38f0f55e1cbcb928f10aa94d78e95647228f7487007c6d6ecd77cb2bea6b0,sha256:2b656d558a082f3c41db922a356645de70361ce5af10f6c286b98478babc73aa,sig:Mz7a8hyKHuwVJ8iLUsOHJdOtRbuqV/H04qUHI0I2aAbf27eyrchECJMjgzsJqgAjieYbXdcUbttuluCU237RAw==,Inspection captured
LGR-5241,create,evidence,EVID-0007,2026-07-13T17:25:00Z,USER-INS-01,sha256:2b656d558a082f3c41db922a356645de70361ce5af10f6c286b98478babc73aa,sha256:ad598831e854d5df096b1d5b684f14effacde8c43d44279cac9197114ecdde87,sig:ibig/XdzQANj1dSSbgjhb5SXOUk7KUtwWHu2sChCVxzJWwzx4YYcwjfGERw22T/56s0mbcuapOA6rfT9UlpsAw==,Evidence uploaded
LGR-5242,update,inspection,INSP-1007,2026-07-13T23:15:00Z,USER-MGR-01,sha256:ad598831e854d5df096b1d5b684f14effacde8c43d44279cac9197114ecdde87,sha256:54e2c438f07b062deb23eaf424ca9463cf181e2aa4540cb91238de02c9ae58ac,sig:d9X6AtWoyBzpFWiLc+VXV+sIWsk2OzX9R+VZT8EuYkFQHDSgrOOgsDeJOsthPCZKBu0ZWqGVQFoCr9dizbN1Bg==,Score / status update
LGR-5243,create,incident,INC-328,2026-07-14T04:00:00Z,USER-CTR-01,sha256:54e2c438f07b062deb23eaf424ca9463cf181e2aa4540cb91238de02c9ae58ac,sha256:a5fab22e278bdd25927f85597afb0817b50c7198987e27275b97c089c5fa6472,sig:dxwY251sch1G6LPcZtaLZmxYA50xV2wIS4RSHBc9DWJoIDkhBsZrT3a36x8GyLyDcjD2j4jFq/D2ZUa4cn9CAw==,Incident logged
LGR-5244,create,incident,INC-323,2026-07-14T14:00:00Z,USER-MGR-01,sha256:a5fab22e278bdd25927f85597afb0817b50c7198987e27275b97c089c5fa6472,sha256:e8aaeb872f26803a26319ae99e1812c0d6e3f3a01ee9e2e5df01e030c2261a8f,sig:R6kd4A9xV57xaBLt3LCNfj0YRxaspwa2VkmRgStkFMomHXivJnLEQH+Z8Zvp697TLI1Db+qpB2BjpffOu/YiCQ==,Incident logged
LGR-5245,create,work_order,WO-072,2026-07-15T07:00:00Z,USER-MGR-01,sha256:e8aaeb872f26803a26319ae99e1812c0d6e3f3a01ee9e2e5df01e030c2261a8f,sha256:acaab15c8cf76943a8a61af88223d042fb3a48fdf78728879a25df873d6253eb,sig:q5935btCcNHDhKfDTQCnlmfm22tiDHK8OfCB8Kv37DRWnnIghowfc6WZMNDCHoCDnQk+8wYAhuSQ4YX+HYGCBA==,Work order raised
LGR-5246,create,work_order,WO-011,2026-07-16T07:00:00Z,USER-MGR-01,sha256:acaab15c8cf76943a8a61af88223d042fb3a48fdf78728879a25df873d6253eb,sha256:4b9d859332c0a270e0921380f19b93a78c7883180c364413cee38d54fa1657a0,sig:0v5naw+l01llc/Y+ptZ0ifZ/At/aMje3STQqDGCuRbBG11+NV/x1jzzz/3KGHl3+YB0qh77zQ3se39lQVZraDQ==,Work order raised
LGR-5247,create,work_order,WO-024,2026-07-16T07:00:00Z,USER-MGR-01,sha256:4b9d859332c0a270e0921380f19b93a78c7883180c364413cee38d54fa1657a0,sha256:20a07a4df285e036b5daad673ca92b045fb324eb6f9a7619463d7be0e037deef,sig:FTTQ4DiG/M+0aO2bpHkArfLG1I8A45ewWRkRmgDZxT6bH+nLUhD9rjvsjB4peg4HiXhwJMXMq1puUog/UqATDw==,Work order raised
LGR-5248,create,work_order,WO-033,2026-07-16T07:00:00Z,USER-MGR-01,sha256:20a07a4df285e036b5daad673ca92b045fb324eb6f9a7619463d7be0e037deef,sha256:5b1f68e25f07d02c06dc74b4a6d4569d226c4d02db3ca7f326083daa81c26eff,sig:8hyR/lytoYVpJoP65+S19s1A1pEStFc79/E7CNbG+iGwYTVoP43h0fNe1LhjFWRUrfIHOEMWmVhUt3F+jGUgAg==,Work order raised
LGR-5249,create,work_order,WO-041,2026-07-16T07:00:00Z,USER-MGR-01,sha256:5b1f68e25f07d02c06dc74b4a6d4569d226c4d02db3ca7f326083daa81c26eff,sha256:ce62aab2092b5d959610278c60dbfeb8bfacdf01e41f7352a2581a5317491ad4,sig:Z9Z/3k0ce0naO7aNxWfEXCowGonONPAFHEsgGd66EIbx32comv8aBdproUFzlQOsVZYXMs+5OSDLXRXJdiSjAA==,Work order raised
LGR-5250,create,work_order,WO-063,2026-07-16T07:00:00Z,USER-ADMIN-01,sha256:ce62aab2092b5d959610278c60dbfeb8bfacdf01e41f7352a2581a5317491ad4,sha256:836fdf4fcb8c93462ddc46662a37be01f9ff3aa981eedb621afd9bd9d2259aef,sig:1PuVXNvMNcrGQyqGEKjoxoFzAt9FazJFs8R/S+sOL1eZcegDSAnd2IfzDV9mC3ewSiEIPxAyw4QGrE6EAh5fBg==,Work order raised
LGR-5251,create,inspection,INSP-1010,2026-07-16T13:45:00Z,USER-INS-01,sha256:836fdf4fcb8c93462ddc46662a37be01f9ff3aa981eedb621afd9bd9d2259aef,sha256:84669a7ae5fedebc26e5f3a5b570966edd3961d33cf3c7f1dc23188d079d4c52,sig:clKFv6/Pl652GTPAIxmuTb5J6k8+yIkzfAg0BZKW3/iTXURqzr0wGx6Mop28CY/uFi+ak3SgUNHjfIA488D+BQ==,Inspection captured
LGR-5252,create,evidence,EVID-0010,2026-07-16T13:50:00Z,USER-INS-01,sha256:84669a7ae5fedebc26e5f3a5b570966edd3961d33cf3c7f1dc23188d079d4c52,sha256:104e21192546a2a71ddf0a38a88aadf563470f1cf3dc2c2121c3fd283a5c10da,sig:2732/fC/CLSw3r3qLplGVXSF/0N9RZAO0mnzqnGH8Mycc2eFdOuXsGNcIhEwBFk0cl0QisMwSEjll+CdYeXzDg==,Evidence uploaded
LGR-5253,create,incident,INC-318,2026-07-16T18:00:00Z,USER-INS-01,sha256:104e21192546a2a71ddf0a38a88aadf563470f1cf3dc2c2121c3fd283a5c10da,sha256:dcb445fd0a016cec8dfadc1c1179e442c5a19cba596133f068093e56911d0034,sig:zksLboYeRcoa5zDZLclXzzbI6WGUiKn7GpnhNP74nXEYjQZYyHG4AskCut6mMuJf8e3SPSqAOZ4Aw6n1roqZCw==,Incident logged
LGR-5254,update,inspection,INSP-1010,2026-07-16T19:45:00Z,USER-MGR-01,sha256:dcb445fd0a016cec8dfadc1c1179e442c5a19cba596133f068093e56911d0034,sha256:29da16585206c16132cfe99a8454e087e27addbed552c4e76f5669669e57025e,sig:a/swhqn6UaI2tNGg7kQngKFtqiCUzEcwZSR3eeNMP+9cFIdQe20CDJsJYHkgLRda9JHBQj7N6Mr6Iqz1qQgpCQ==,Score / status update
LGR-5255,create,evidence,EVID-0124,2026-07-16T22:05:00Z,USER-INS-01,sha256:29da16585206c16132cfe99a8454e087e27addbed552c4e76f5669669e57025e,sha256:29b8ca066750b498ccf7cc447b9694873f15c15275262592be052848fe370c8b,sig:lXdJ8S3iIN4Emycz6gClNMY59UOSXiEs8aOUwoaR7eLcJwLRAy5asLy2s1GvZfDBkCXSAKZXJ1v3rZWRjjWmCA==,Evidence uploaded
LGR-5256,create,inspection,INSP-1060,2026-07-17T12:30:00Z,USER-INS-01,sha256:29b8ca066750b498ccf7cc447b9694873f15c15275262592be052848fe370c8b,sha256:c7a0d6ed2417e2b6cfb2c9ed6ab69c4b8e5e67c7e386ac42b2b9adb8b135ad2e,sig:wSHDxstCxvPAf8JPPodsLKSwsR3CWScr1G0mi4hXRiCA+6K8KeWAauaLY1KSNfZT5gg3W7jTewYUXK0Wf9V2Bg==,Inspection captured
LGR-5257,create,evidence,EVID-0060,2026-07-17T12:35:00Z,USER-INS-01,sha256:c7a0d6ed2417e2b6cfb2c9ed6ab69c4b8e5e67c7e386ac42b2b9adb8b135ad2e,sha256:a17ccf0d2c482b65927b3183a4f81e9eeecccf782dc0d261bd65e2f9214daaf8,sig:JliKst83Pvz18krr7QKe1uxfxLtRbKIq573jyJMELt9DkgUTT8QLKKbsU2iKi+XQVRl3h56Bz2Spdxlkm/5KCw==,Evidence uploaded
LGR-5258,create,inspection,INSP-1018,2026-07-17T18:30:00Z,USER-CTR-01,sha256:a17ccf0d2c482b65927b3183a4f81e9eeecccf782dc0d261bd65e2f9214daaf8,sha256:e9899167efc8eeedbe0487cb01c9be7b6423af1cfeb98c4319865f6b0657483a,sig:iISbwyYnUHIol+Ut3SHfZA+5RQxrqTA0o2+EWFVoUscrwRBytR2JNWykRtyZiWi8fw7gyrsjHINCQoQJ+4MmDA==,Inspection captured
LGR-5259,create,evidence,EVID-0018,2026-07-17T18:53:00Z,USER-CTR-01,sha256:e9899167efc8eeedbe0487cb01c9be7b6423af1cfeb98c4319865f6b0657483a,sha256:d712ed2c5188ba75540380d1167deed944fc43b0f6a4f55161f4feb1f0d59643,sig:5DV0Nl37ZEu++FMrP349yFCogMNP7kJFscZBk+Jo0IZwaNv++NG5IIW6vS8UlshM2WzNiXpMQ1BETxecboHbCg==,Evidence uploaded
LGR-5260,create,incident,INC-330,2026-07-17T19:00:00Z,USER-CTR-01,sha256:d712ed2c5188ba75540380d1167deed944fc43b0f6a4f55161f4feb1f0d59643,sha256:59fde3c2ba2be0412ce19641147d53455f5e0117b8bae0a0de852c113a309202,sig:mJIsMhcULHmjML68BqeyIGsYc862ncK6BEcxzt4/cqXVPcYkE1VEhVvb0ywLgBbtnzFQ+3M/tzvzzObkzyeFAg==,Incident logged
LGR-5261,update,inspection,INSP-1018,2026-07-18T00:30:00Z,USER-MGR-01,sha256:59fde3c2ba2be0412ce19641147d53455f5e0117b8bae0a0de852c113a309202,sha256:9c9053b54101e2a40dd44d01af5c8c0850c9b42e2271bd8b2219e95cec5c1cc5,sig:nCL265O/kEWWhA2T9EpCgrWlJrGbtmbdRM+Alto9Yb33rixnKcTRk+HMv6xxtJrJvdPWse2z620BzyQ6vbxGAA==,Score / status update
LGR-5262,create,inspection,INSP-1039,2026-07-18T14:45:00Z,USER-CTR-01,sha256:9c9053b54101e2a40dd44d01af5c8c0850c9b42e2271bd8b2219e95cec5c1cc5,sha256:2a8fd3c2cdf4669bb1c40fa1ab00c03b46baf56160fa22eb084a1ba07a82763b,sig:3szsUmDDZHMIo6GC7aU1CkyY/qUhVei+kD9n6Mz0OYaBQFI+dNiXkI8bgZRVOHmPITF0AzsSz1IhCph8IkSgCA==,Inspection captured
LGR-5263,create,evidence,EVID-0039,2026-07-18T14:51:00Z,USER-CTR-01,sha256:2a8fd3c2cdf4669bb1c40fa1ab00c03b46baf56160fa22eb084a1ba07a82763b,sha256:a066a1e39a1fb98842c1d721789f53eb4ea597ed141730e70eee5588e95fed57,sig:ZzwX6CqgfAiHW/8mGBGJ+E/zGkpoqeKWvGA6+7ZzKMoWIwlGmCU9NC2O3hJh2t3Cv+d6tnSbSk7MqIEUxF2PDg==,Evidence uploaded
LGR-5264,create,incident,INC-309,2026-07-18T17:00:00Z,USER-MGR-01,sha256:a066a1e39a1fb98842c1d721789f53eb4ea597ed141730e70eee5588e95fed57,sha256:37e422bdee2ea539c6444f5a9a5399e8087c49b43af49026c31a7d05b139da24,sig:m5qdgka/+0oaOXnusBWGHa8msnmsePtfyYBF3CcY2yWW9Gj1DoWoNGunY+OS0RN4pZssv7HCiLy5aEL+c1WIAw==,Incident logged
LGR-5265,create,inspection,INSP-1026,2026-07-18T20:00:00Z,USER-CTR-01,sha256:37e422bdee2ea539c6444f5a9a5399e8087c49b43af49026c31a7d05b139da24,sha256:6f2c80e50f499ebb15ad8f980c2a88f6aae07863a0e5d0216519839d897d9349,sig:vM+x9MD8NduSDh4BPPod0vSI+6tCXXbYN1ExTwVESnGvwLLUHmCZf6DUta7Ny6wS0vVm4revQSc3IO/B3njYBw==,Inspection captured
LGR-5266,create,evidence,EVID-0026,2026-07-18T20:21:00Z,USER-CTR-01,sha256:6f2c80e50f499ebb15ad8f980c2a88f6aae07863a0e5d0216519839d897d9349,sha256:f0f43969d28e19b9d31c9afc631f5dd8fc8c503c69b4c564dc14404c2e1ededa,sig:sPOnjSwO9sLidnpdhzadweAU9GoYNEAtSQS3l5zVXAN+EzduTnlxD0cGLY0K6mJpvkVbhxuIQKTAbCwmoP99CA==,Evidence uploaded
LGR-5267,update,incident,INC-309,2026-07-19T01:00:00Z,USER-MGR-01,sha256:f0f43969d28e19b9d31c9afc631f5dd8fc8c503c69b4c564dc14404c2e1ededa,sha256:afa0d24abed4e77d299d5d313a9956ad2dd80650da4eba914fbf47a093ee8d45,sig:WaUCHbMTOUF8DGjVSDxG+75+SA7uMsgHmWiyC0JPA4VUbof/ScfZdYc6hjUX/aoW250Ep4I6oBfq+Qdv79dsCw==,Status update
LGR-5268,create,work_order,WO-053,2026-07-19T07:00:00Z,USER-MGR-01,sha256:afa0d24abed4e77d299d5d313a9956ad2dd80650da4eba914fbf47a093ee8d45,sha256:c852c7579b190b9726741fa1dd00046b096d748ad3b014eb37763bf96f698bff,sig:UBATkg15Qc/rBFWCfqZU2sC02zUTLoyi8kCVizhJKTvzhc+fRgTiod6obZ6KlBHWagF3UeaVD6sFol0d2IlLBA==,Work order raised
LGR-5269,create,incident,INC-329,2026-07-19T13:00:00Z,USER-PUB-01,sha256:c852c7579b190b9726741fa1dd00046b096d748ad3b014eb37763bf96f698bff,sha256:c3887cf11bfecc68e73deda85278056b6dbefa3922b35fbbcd510ae62d7e925f,sig:Mf+2WiM9noj/AZJ54I6zRd60DiJnNnxbICyeZYDxYGPaIinY9OdVJO3DD1tLeE45VOk7T07H57jzkO2u9kw4Ag==,Incident logged
LGR-5270,create,inspection,INSP-1070,2026-07-19T13:45:00Z,USER-INS-01,sha256:c3887cf11bfecc68e73deda85278056b6dbefa3922b35fbbcd510ae62d7e925f,sha256:b7d9a5bc81b3f13567045e03c43bb30644fdaa2cc0bdfd271ed45c62ea1166a3,sig:eboaRNMsYWy/3BKwHzrQ/3qlS4Rakb0QzE6vZuVJ6VebISTAS3LiMSwR3H0OX6VD+7zbvRhS3jT0iNAwpsnKBA==,Inspection captured
LGR-5271,create,evidence,EVID-0070,2026-07-19T13:46:00Z,USER-INS-01,sha256:b7d9a5bc81b3f13567045e03c43bb30644fdaa2cc0bdfd271ed45c62ea1166a3,sha256:754f767016ecd851f60d4a64d7a4177da3334eef55afb1b4f3cef05189f7a543,sig:SnrVHbe8HsD3mBvoDUNs6kP8NuOJVWwmlRUXbiRyNOxujVhxzpERRJ8YKuc30wMiAypUq004EZIkzq4gAs5xAA==,Evidence uploaded
LGR-5272,create,inspection,INSP-1064,2026-07-19T19:45:00Z,USER-CTR-01,sha256:754f767016ecd851f60d4a64d7a4177da3334eef55afb1b4f3cef05189f7a543,sha256:329fa04a6bca919b8647ae2b5a86b76f801e3eb6b94e4b1853ed9cd7af811864,sig:Xrr7Qo9cuHmUpcDzlElXRwA2IyO3x/XhBVXF3mb/lAPKXn9wEJoJfcJne1um6UZkU7uFRbBpWcXPA30b7CZnBQ==,Inspection captured
LGR-5273,create,evidence,EVID-0064,2026-07-19T20:00:00Z,USER-CTR-01,sha256:329fa04a6bca919b8647ae2b5a86b76f801e3eb6b94e4b1853ed9cd7af811864,sha256:af47bf416ca666fcbab0343a510f80c2bc16943200977c8926670ad5823c47a3,sig:6ZEORCk8hdHsvE4X0RKG0MTtH7I2Zls2hy8LHznLVAUEMYu47PlrnOYenBZVjEcX9Z1RHlIwSAKk3gnh7ryHAA==,Evidence uploaded
LGR-5274,create,inspection,INSP-1095,2026-07-20T09:15:00Z,USER-CTR-01,sha256:af47bf416ca666fcbab0343a510f80c2bc16943200977c8926670ad5823c47a3,sha256:37e27936729fcecb4b8a737bec7330888fa9b9fbe17e614133275bfcb7ee4b9b,sig:0cWd17mr+iBwuuxq8g0Io3qyU50NKIZ2+YqJuZ63O3okpvCfiJ/JrZWbPsw4b5ndWRl8NwdIdf+NWJ3uV1K/Dg==,Inspection captured
LGR-5275,create,evidence,EVID-0095,2026-07-20T09:30:00Z,USER-CTR-01,sha256:37e27936729fcecb4b8a737bec7330888fa9b9fbe17e614133275bfcb7ee4b9b,sha256:850041a79cf2de7509597469686172bf497f904a31b53abfc54a64aa902a0950,sig:oJ58lEEuix+wUAQlukxkumrGZGt5DPEItdFSSebIpvOzT5stHlHSFWh+BL5lXJKcd12iXaFuxO8M46uEJR1qDg==,Evidence uploaded
LGR-5276,create,inspection,INSP-1080,2026-07-20T10:45:00Z,USER-INS-01,sha256:850041a79cf2de7509597469686172bf497f904a31b53abfc54a64aa902a0950,sha256:715c03f2ebd23e56e600003cb85d4c1e5dc8161640e8ea163066242cb2c5760c,sig:h64mqiGztKwq8nc9Uk+s4Xg/J8wjqKAZ9bJpnpOQvm2dHSMjiTjT86h7ZFvEfAFAYOh6m9Nz0CQlpZA1pNWeCw==,Inspection captured
LGR-5277,create,evidence,EVID-0080,2026-07-20T10:54:00Z,USER-INS-01,sha256:715c03f2ebd23e56e600003cb85d4c1e5dc8161640e8ea163066242cb2c5760c,sha256:8742c63008747a0e971c3dfb9b847921783b08d337f86e4c501815ef8575a559,sig:VzE8s7Cnd/xgnfqf7M1n7QeInOta8+hJtzr+JA1bqaBv3KjU/lIblG+Wgj8oE6wt/vetIrOgMgHFh1XKLwyNBg==,Evidence uploaded
LGR-5278,create,incident,INC-307,2026-07-20T13:00:00Z,USER-MGR-01,sha256:8742c63008747a0e971c3dfb9b847921783b08d337f86e4c501815ef8575a559,sha256:5a02d18dd7e4c36b322385eecdbff97bd79dcd165aaab638eb2072667734ec89,sig:XtIpRIZV85kPK+15syD+StxyyX5fj2a7OAafY/Krbe8aDtLvZ1xE1BiW9g23obpuP+SDaHlsA+KPkyTLFrt7BQ==,Incident logged
LGR-5279,create,evidence,EVID-0133,2026-07-20T16:24:00Z,USER-CTR-01,sha256:5a02d18dd7e4c36b322385eecdbff97bd79dcd165aaab638eb2072667734ec89,sha256:4b534aaf00799b47bd1180bcac0bd2dd5d916d26196673dfcd1f4bcb90ad31fa,sig:V6RIlM1fXT+nOy66jYXD3TbZXt8kU+PkmOLxzcIc1vJ/927E3ns0fnC9FQ68wqql5NM4kq3ENNS90sVHIMJVCA==,Evidence uploaded
LGR-5280,update,incident,INC-307,2026-07-20T21:00:00Z,USER-MGR-01,sha256:4b534aaf00799b47bd1180bcac0bd2dd5d916d26196673dfcd1f4bcb90ad31fa,sha256:e0eaf57947dfe6b5a63821c5cabcb047caaa99cc0326c7133e274a0eb9a5560d,sig:s44wUr09rlKJa7EOES73CzesNez/rfsMvtCvp5aaeeoCOXxhe+6gzzhj02Dd3nkYvIQVej3wgyJ1nNktxY7pCA==,Status update
LGR-5281,create,work_order,WO-078,2026-07-21T07:00:00Z,USER-ADMIN-01,sha256:e0eaf57947dfe6b5a63821c5cabcb047caaa99cc0326c7133e274a0eb9a5560d,sha256:433ba60ebc29f0a66f2a93b76a4025ae3b48c8ba9abc5c625eebf66d0077a063,sig:dWJ70duUOo7erXHhqD1vYxmwK/i763MTLc4V8CBBF9kBMtzCru19D+dQZ9SD31hKXe2yo+USZ870epVLkoMuAw==,Work order raised
LGR-5282,create,inspection,INSP-1097,2026-07-21T16:00:00Z,USER-INS-01,sha256:433ba60ebc29f0a66f2a93b76a4025ae3b48c8ba9abc5c625eebf66d0077a063,sha256:7e0671545d98bddd7925957f630a3df3bf17063b101e8bf6cae03b9346ca8af0,sig:Lb1Bww9eVL02qHlzTt/VUkDQNH0PpBlK2KkKTgaPyM5KKgjQ+MZeOtHJc+e2JGWGPGI8UqCDDb0Ns3U0jdT8Bw==,Inspection captured
LGR-5283,create,evidence,EVID-0097,2026-07-21T16:19:00Z,USER-INS-01,sha256:7e0671545d98bddd7925957f630a3df3bf17063b101e8bf6cae03b9346ca8af0,sha256:d3beda9409547a71d45cf9b884625d2dffed93bacfa1fbef6935b36f79cfdbc5,sig:SxRbamLGa2ZAIKaaDrfZDJXPQNO8h6zI3A9gKbI+r7BK+yqmhn7DW8Zmwvh6SjPffXLs87Iiassjwdt53fm/CA==,Evidence uploaded
LGR-5284,create,inspection,INSP-1015,2026-07-22T11:45:00Z,USER-INS-01,sha256:d3beda9409547a71d45cf9b884625d2dffed93bacfa1fbef6935b36f79cfdbc5,sha256:71e001f8fe87b3d2cd94a68d500dc2f66bd415d2fa4afdc6fa2aca32b62d5c91,sig:qVfO73iIfzZHyDxkkUWE2oxFgM1Jf4Vv0VLOnNzCxrH71lgPC75XMYWd8oVes2Qr9t7RiFJElOfc1dbpuc89BA==,Inspection captured
LGR-5285,create,evidence,EVID-0015,2026-07-22T12:08:00Z,USER-INS-01,sha256:71e001f8fe87b3d2cd94a68d500dc2f66bd415d2fa4afdc6fa2aca32b62d5c91,sha256:64e40fa532abff88ab59bf78afaced756245c377af9a5a054896f706ab91c7b4,sig:nIYucRck3xg+Qxou9uyvphyofWLSIUrWu6M0H9hWSg91eDxfR9MlbCjf1iA4Yz9U13CooaXDxdRWjR9ynNPqBg==,Evidence uploaded
LGR-5286,create,inspection,INSP-1030,2026-07-22T13:30:00Z,USER-INS-01,sha256:64e40fa532abff88ab59bf78afaced756245c377af9a5a054896f706ab91c7b4,sha256:8ae434893fc28c4850cea8fbfeb162b5d61899d6fe1afb24e6398e640c8d5edf,sig:maINxvlyejqYCiMqZBAokmGVNhgKgwk+9NFfKriXGOuEWTVKhLTylqtn6zQaluZyOT+R1z4dt9Mp7lGJh6MqAw==,Inspection captured
LGR-5287,create,evidence,EVID-0030,2026-07-22T13:38:00Z,USER-INS-01,sha256:8ae434893fc28c4850cea8fbfeb162b5d61899d6fe1afb24e6398e640c8d5edf,sha256:e2d6fb060e45734eb9b5a6643abcc451bcff02da485c12fdee318be0924ee23f,sig:LPgadhSrd+NGZrYk7U8+PxjKGwG2+LsYljO8KekfmG8ka4u2y3142O5NEIbE7kLNvnm2Evl71S5h0PDfW/iSDA==,Evidence uploaded
LGR-5288,update,inspection,INSP-1015,2026-07-22T17:45:00Z,USER-MGR-01,sha256:e2d6fb060e45734eb9b5a6643abcc451bcff02da485c12fdee318be0924ee23f,sha256:f686abb88a85aea4dcf8a02eb53e62f8750726443e2b04635e0b300849527b97,sig:CtIKMSfQwIyuFhb4kP+ds0p563kzhcIBFzpLu5kb5+aPVtL72tG4uZS4R3559/tTx+7x/vem//NIMQkfy+FvDQ==,Score / status update
LGR-5289,create,incident,INC-316,2026-07-22T23:00:00Z,USER-INS-01,sha256:f686abb88a85aea4dcf8a02eb53e62f8750726443e2b04635e0b300849527b97,sha256:da9673923a0f7f91543617241eeafab1fc53511543567ff2f1d8623db1351a6f,sig:rrsyyQW//8Gyo9uk5azQ/bfD8bvGtMzWExZiyInX8TkAzlbfSzO9ikDxHD3my9xBXyQbmqynn9h9fcw1j4/dBg==,Incident logged
LGR-5290,create,inspection,INSP-1066,2026-07-23T03:00:00Z,USER-INS-01,sha256:da9673923a0f7f91543617241eeafab1fc53511543567ff2f1d8623db1351a6f,sha256:a37027d903e558dad6335b7670252e967cd756fde65c78f02fc4fab69036c080,sig:Gky35VhNdQl1h0XgD83yW0kx4cPoF+m+GJqWvUCUSiyLh7G+IF/ECdxC6NS2NOWSyisgEJ+pjrd1YRZoNjZECQ==,Inspection captured
LGR-5291,create,evidence,EVID-0066,2026-07-23T03:23:00Z,USER-INS-01,sha256:a37027d903e558dad6335b7670252e967cd756fde65c78f02fc4fab69036c080,sha256:46226c94af85d32eff487be23bd465837142b53f8aabb9a1585fbe232b875167,sig:hd87mFJmXPTUtCkA/4ZSmZHc0P8ONrcK5637PGVg08UU0NWbZJgWW3zcH/RJ08F3llYp6otqhEpDuVXPJPD/DQ==,Evidence uploaded
LGR-5292,create,inspection,INSP-1032,2026-07-23T03:30:00Z,USER-CTR-01,sha256:46226c94af85d32eff487be23bd465837142b53f8aabb9a1585fbe232b875167,sha256:7f140242fa555eb881b09b25a78f789fab3331bf0a06b55f790e978b47d4c463,sig:UYF7o4vInKZ4lawuySrP38uzJVCfiVfTy7c4j7HyyLnRquz1Hqu+N+CDo3rOIiHr2ar+qoz6eI3Vpq9+UMYwAw==,Inspection captured
LGR-5293,create,evidence,EVID-0032,2026-07-23T03:38:00Z,USER-CTR-01,sha256:7f140242fa555eb881b09b25a78f789fab3331bf0a06b55f790e978b47d4c463,sha256:e474c2d61319dd6a18da4f2fd4ad7aae7d58a30259940c5f8c2da787a227e3ad,sig:kd7hXUyjsEXpOvJcflHpLYjZgQJ6octxmQuOaMHUYIQOFFD3BecYlyW9D18ZsDRju3HrrMc2jVhlLOKwsOM9AA==,Evidence uploaded
LGR-5294,create,inspection,INSP-1072,2026-07-23T18:30:00Z,USER-CTR-01,sha256:e474c2d61319dd6a18da4f2fd4ad7aae7d58a30259940c5f8c2da787a227e3ad,sha256:9f253a9001e4ed4fce2438776ba0f5a1194773f6c566d2108864d57ceadba880,sig:nnnA4DpH46643qpwwSyoCdU5v/FYicaLYlyIV7d46ljtoENJJFk/MCMSwbs1pqJzkI2ctquZgRslpIKA+XSWBQ==,Inspection captured
LGR-5295,create,evidence,EVID-0072,2026-07-23T18:33:00Z,USER-CTR-01,sha256:9f253a9001e4ed4fce2438776ba0f5a1194773f6c566d2108864d57ceadba880,sha256:8123489a7409b15bbb7531a125404c30dd85200405a1410fa8c2d78c967d6125,sig:kTSjYAJ5pOhBDccPO/nZjkpCDs8s1RuNXLnqCZit5j4WB5um6Nh6g9YMrqgYw6j2x5/NL2kyy5jjEPMVaqApDQ==,Evidence uploaded
LGR-5296,create,inspection,INSP-1022,2026-07-23T21:30:00Z,USER-CTR-01,sha256:8123489a7409b15bbb7531a125404c30dd85200405a1410fa8c2d78c967d6125,sha256:c852bb62d6585896834e9144d408b4fbe6c637faf9688e67dd37f021b7c33f85,sig:h1xXT5RczVQ4E3MPvZKvDyVg3c0AxhPM/+mRYY7P4E45clnN/HP5ymaX7I+Nr3ykas8QOvaYAm/PlStvZFkzDQ==,Inspection captured
LGR-5297,create,evidence,EVID-0022,2026-07-23T21:41:00Z,USER-CTR-01,sha256:c852bb62d6585896834e9144d408b4fbe6c637faf9688e67dd37f021b7c33f85,sha256:6e5ae08982b7e208c317fe9ee8f1ff664f54265c723a81795fcb1c64998842e5,sig:CDAboO4vy0AV2Ku2pAA5A1KX6NDHPY1p66tjjYBAkLvpn1TQoX9GZ32PmoiqNXv/kDfxxZMdEiS+0w5KDAbzBg==,Evidence uploaded
LGR-5298,update,inspection,INSP-1022,2026-07-24T03:30:00Z,USER-MGR-01,sha256:6e5ae08982b7e208c317fe9ee8f1ff664f54265c723a81795fcb1c64998842e5,sha256:1a63fc4dfbfe149691ff456901a91f555e7796dbd71ef2daa902e8d00c6869a1,sig:z+xNcmxDumtuQDi6eXZZ8t/cGQJsUbYBxOFaff5+1+VUUd1gSwBvFuqZQVvBVDW/Hs+D335yNkb5b/8r9ZryDQ==,Score / status update
LGR-5299,create,inspection,INSP-1081,2026-07-24T07:00:00Z,USER-INS-01,sha256:1a63fc4dfbfe149691ff456901a91f555e7796dbd71ef2daa902e8d00c6869a1,sha256:e21cda00391671a72f5eee707a2f7e92179c035af7bef6ae6eeeb3da41a9be15,sig:5PiP9+AiEgsq71SY/yP2o27bNMTf83nxSGE++zliSwFdRUaBGx4WmP6RmwHvBqcNnRtAjXL0z5ZR5UGYHyyVDw==,Inspection captured
LGR-5300,create,work_order,WO-027,2026-07-24T07:00:00Z,USER-MGR-01,sha256:e21cda00391671a72f5eee707a2f7e92179c035af7bef6ae6eeeb3da41a9be15,sha256:99d4e9ee59a711662329ff537c37da3f641678c02e270a96be3121587bf92dce,sig:yjL2Uy+K7A9rzf/SyUH9Q2d9nok2vlSO0pn4BDr7gAxMroDYJ/h/3tzwEG+EsEzm4GIXZ+hh4cBlWwha5mOVCw==,Work order raised
LGR-5301,create,evidence,EVID-0081,2026-07-24T07:22:00Z,USER-INS-01,sha256:99d4e9ee59a711662329ff537c37da3f641678c02e270a96be3121587bf92dce,sha256:ac432e0abf9a98ee92f738e872084649faf1d18a1ec50d8509ef09e1c4077cc9,sig:CbS+fcTHFjn1uQcUmCNsl4JEe5trjK1sr8HN2ALJMiik1wXtEzrgfQ14M6t+Y8QKQAAW/+MG/V3azWpG5IPjDg==,Evidence uploaded
LGR-5302,create,inspection,INSP-1028,2026-07-24T19:45:00Z,USER-CTR-01,sha256:ac432e0abf9a98ee92f738e872084649faf1d18a1ec50d8509ef09e1c4077cc9,sha256:b769e355dbb9c14fe5ac55d452439d345bf3c3918ceb2b5b3f899c5ea003aab3,sig:vWq3wRGSJEXZYpG87yw38YC7KZ5GRMra4E0xPWwJ4U6Bi1+3INPKcNlwuXeiR8wA4X57bE6b0Opl+G2LnZisDw==,Inspection captured
LGR-5303,create,evidence,EVID-0028,2026-07-24T19:57:00Z,USER-CTR-01,sha256:b769e355dbb9c14fe5ac55d452439d345bf3c3918ceb2b5b3f899c5ea003aab3,sha256:6dd74843a64c96864b7ed481be43b15e97464f9aee36e54e3f753c5543d5d8b3,sig:aw9l/yPyWEgF6ralEwE1NnQrKyHfFYpRx7DPJFTOi6cCZW3iPePIotu8pyJNopO6e/0WzKhHZokRg/5jJfiXAw==,Evidence uploaded
LGR-5304,create,evidence,EVID-0138,2026-07-25T05:20:00Z,USER-INS-01,sha256:6dd74843a64c96864b7ed481be43b15e97464f9aee36e54e3f753c5543d5d8b3,sha256:a0c2443640c3e09b591ae2895498019ea2db8c6db5e809efa619b5c53e7dbd4d,sig:pO1p55MGjegas5FjefueiHfpyn9YRTNUclHhwrv0dY5o2yy9abtSSL6enk7Yn2xFHkF1dXW4wutnORT7SLWyCQ==,Evidence uploaded
LGR-5305,create,evidence,EVID-0141,2026-07-26T04:02:00Z,USER-INS-01,sha256:a0c2443640c3e09b591ae2895498019ea2db8c6db5e809efa619b5c53e7dbd4d,sha256:0ed04ba931d3a6ce6f653b74b047679f76b15bdd6a3b6db49d7cd6afb7802915,sig:pJyhGJdpU2Ilt4Xr96Ru1My39xwWJWbLDKkWiOsb/F1I0yv6494WBiytItIDk1+E6+cvNVcDtFgI2aLMU2LaCg==,Evidence uploaded
LGR-5306,create,work_order,WO-030,2026-07-26T07:00:00Z,USER-ADMIN-01,sha256:0ed04ba931d3a6ce6f653b74b047679f76b15bdd6a3b6db49d7cd6afb7802915,sha256:b936819e4273e4824199ddb4fce223899fcc71b3a879645f54adff7c956a801d,sig:YnyJe9oMyg4+upkbytBvcQcMB36lQjGMIgFEva6X11NtWRN3D3GMKgVpXaPQE6pqOHv2P6Mz1/yUgJLY+SW8Dw==,Work order raised
LGR-5307,create,work_order,WO-059,2026-07-26T07:00:00Z,USER-ADMIN-01,sha256:b936819e4273e4824199ddb4fce223899fcc71b3a879645f54adff7c956a801d,sha256:3e35aca858828aeedc2c2a48ee2ba6322859ba34a56f1f2d3ce547b7217b3d17,sig:/SNXFuvap1+pfF97g81iWKlpu3sslx7/rkfgAW/wQP1a239VItvNUmF8mRHvWjURJ7j2UlUkVAe8/btmEHMRCQ==,Work order raised
LGR-5308,create,inspection,INSP-1078,2026-07-26T11:00:00Z,USER-INS-01,sha256:3e35aca858828aeedc2c2a48ee2ba6322859ba34a56f1f2d3ce547b7217b3d17,sha256:4752616d8b65934b5b08efee96f33b630dccef90cdfc4dfa85087082dc92ee8a,sig:d1HVvbOg6O6P68xA9AZHz4ond/u5YVqNghJPkPVO1IDOh2/f/lY7qAcjKfOjpsUgPmdCwJ1txjW1cOuFSNVdDw==,Inspection captured
LGR-5309,create,evidence,EVID-0078,2026-07-26T11:18:00Z,USER-INS-01,sha256:4752616d8b65934b5b08efee96f33b630dccef90cdfc4dfa85087082dc92ee8a,sha256:782ca1856c9072fac744ba45e44c8445f5f2182c01c0787ce0e29a7194aec4fd,sig:zWKkJ32ui2IrBu3RYLQ2x0rXtSjnq5ThgvOszjuqyaizitZuHimlIPQfnlhK7ng53Y7jdGp3X4PbVWufRE+8Bw==,Evidence uploaded
LGR-5310,create,inspection,INSP-1046,2026-07-27T01:30:00Z,USER-INS-01,sha256:782ca1856c9072fac744ba45e44c8445f5f2182c01c0787ce0e29a7194aec4fd,sha256:01631a14f2e6fdc3896406ecef10254823c72833b880c57cc0f547a55fb5941c,sig:wvozFhiWogoRRRhrf72CVd69ROL7apU9auV7IoTIwxdGtffelRO0qQ3yGDjgFNGDhMjijFRyVQvWMA79cGdcDw==,Inspection captured
LGR-5311,create,evidence,EVID-0046,2026-07-27T01:31:00Z,USER-INS-01,sha256:01631a14f2e6fdc3896406ecef10254823c72833b880c57cc0f547a55fb5941c,sha256:072a8974c871067c438cdac03803d25519ae7ad61c921df43504c036be122423,sig:2/ZzTeiyobeWjzTtukfKVQsj8RnSAPmJTat0oqNVcdy8chDaiTyW2D3akvrBb/MbgnfyqPXjYCsfrPrA8O4eAA==,Evidence uploaded
LGR-5312,create,work_order,WO-028,2026-07-27T07:00:00Z,USER-ADMIN-01,sha256:072a8974c871067c438cdac03803d25519ae7ad61c921df43504c036be122423,sha256:5bd6fecf06fb7a8c9c1b964137bd714eec6b8ea1c71f875d96bc1e9b122da879,sig:cG8syMPW0x9y4FH/b7WDNTT1PWDqlrM1IivHjgmml+nb4rmBlsJY4HE8UE2ZE775wxR932xSEWr2+fEYb+xaAQ==,Work order raised
LGR-5313,create,work_order,WO-046,2026-07-27T07:00:00Z,USER-MGR-01,sha256:5bd6fecf06fb7a8c9c1b964137bd714eec6b8ea1c71f875d96bc1e9b122da879,sha256:3e96a90a47443549b733d2ca5ac51548724a86113cebcffa1afa41e8b27f44ca,sig:ibnW69J4qZleVEB+WlvFsISSeSynq7MC8gq25QNodf+wc9BydztvRlRkFX2kZv3PN2fmhWeIAiqaOvTRULbpBg==,Work order raised
LGR-5314,create,evidence,EVID-0145,2026-07-28T04:03:00Z,USER-CTR-01,sha256:3e96a90a47443549b733d2ca5ac51548724a86113cebcffa1afa41e8b27f44ca,sha256:55a3eae530a574c268a74191d3581236f3cfe3c6a74c8a8c8f14577a891c5f62,sig:5jmhdNCLf2fZJHKeT/YtqVBIgXoVMBodSZ0+XBDnejdottZRrOBifQ6Em3hWLD9jnfEePYRSutFBdSIGzLriCw==,Evidence uploaded
LGR-5315,create,work_order,WO-057,2026-07-28T07:00:00Z,USER-MGR-01,sha256:55a3eae530a574c268a74191d3581236f3cfe3c6a74c8a8c8f14577a891c5f62,sha256:3ca07258adc5a22bdbe14f54a46f0d5aeea9d395686580fff2d89ca6414c4a83,sig:PlOfBavy0WrMYTDkelGSOSHI0TIBAcxm/5m9wIwAmCO/T4kk7W62qsbGscDe/eL0T8ppJfkV2v4yYVJusO47DA==,Work order raised
LGR-5316,create,inspection,INSP-1040,2026-07-28T14:30:00Z,USER-INS-01,sha256:3ca07258adc5a22bdbe14f54a46f0d5aeea9d395686580fff2d89ca6414c4a83,sha256:d20d9c0e598436d1f8b1984656ab03d15c79a043bf20c47dad9354e37d0f9b09,sig:dLZ1q+mJoW6N42uiBIvCo/6k4qAJ1/xy3N5ugc06Zoew2YHpnh66or3v+xkRnBHq65P4vhqPOrbajQ5X/oOTAQ==,Inspection captured
LGR-5317,create,evidence,EVID-0040,2026-07-28T14:54:00Z,USER-INS-01,sha256:d20d9c0e598436d1f8b1984656ab03d15c79a043bf20c47dad9354e37d0f9b09,sha256:3a1a2e2973abc2f37c981d64b8661d6381377a000c5f4a7b55e14e844d900ae0,sig:N2jPjMub9nQ2n0+f5FHipV1PdL4B9Ep82MR0Did3YS/Buyk/lcKxnxoc53BrNuON+F0P0lstmmU5JA2PMopcAQ==,Evidence uploaded
LGR-5318,create,evidence,EVID-0149,2026-07-28T18:33:00Z,USER-INS-01,sha256:3a1a2e2973abc2f37c981d64b8661d6381377a000c5f4a7b55e14e844d900ae0,sha256:b4aa0321339ea19986747ac50ed3f0ae1aad71a58bd8aaad0f8d7a3a41d38694,sig:+hnZKZn1Qj/ehzWh80faPxlOz7R381f55TwxkUtAma4oeCsQ11nT7njFojUnWg/mCFRNHhVRYspE+oxLjut2Dw==,Evidence uploaded
LGR-5319,create,inspection,INSP-1089,2026-07-29T01:45:00Z,USER-CTR-01,sha256:b4aa0321339ea19986747ac50ed3f0ae1aad71a58bd8aaad0f8d7a3a41d38694,sha256:79fdfcb9d5096634d0ca9e96903fb1c00d02c6d6cdba2af21723f3fc168a635a,sig:q6mYXD9GCk+EnDZX/ZrTziAkGJBOuksiEJpiPeyWVUYbVyC9vgpAQPX4cjCTsanWpJzJK0alNv4iuQTEMhBUCA==,Inspection captured
LGR-5320,create,evidence,EVID-0089,2026-07-29T02:06:00Z,USER-CTR-01,sha256:79fdfcb9d5096634d0ca9e96903fb1c00d02c6d6cdba2af21723f3fc168a635a,sha256:c8ea7bf922416168b83b5fd8f75f2dfd5958751fb520a55ba38edc203c26dd33,sig:sTp4/oyen2ux8K9aYjab0yJUUd2yCAGiNp5D3vcmXhL6ULZtDTyiEUEjaQUoipzyev5iPNsX3DqbZbt7gS+PAA==,Evidence uploaded
LGR-5321,create,evidence,EVID-0135,2026-07-29T05:21:00Z,USER-INS-01,sha256:c8ea7bf922416168b83b5fd8f75f2dfd5958751fb520a55ba38edc203c26dd33,sha256:685f668248443b4a62147dcffefad1a6bd688edee48eb9a6bfa517acf7e860a3,sig:t8QD2/V+HiymNpVdAA0fNmxA7/DfymIlqr4PTyfEdgvbMnQprp+HNgdfWgMW61XbyDW6vlaU5bhmozed+j73Bw==,Evidence uploaded
LGR-5322,create,work_order,WO-029,2026-07-29T07:00:00Z,USER-ADMIN-01,sha256:685f668248443b4a62147dcffefad1a6bd688edee48eb9a6bfa517acf7e860a3,sha256:3d6b7689a2f2a8f0036776f46f81ad56a6c4f8efd5da4f6c9b9f3f254dd0fb85,sig:VlDVIOxhCVZBIB389BYWZuhUOlZT8iF1iWTANfyDmB3S8i99laLEjxFpRl/VO0g0ZlXk46hLtrpUyQXczd7jDg==,Work order raised
LGR-5323,create,work_order,WO-058,2026-07-29T07:00:00Z,USER-ADMIN-01,sha256:3d6b7689a2f2a8f0036776f46f81ad56a6c4f8efd5da4f6c9b9f3f254dd0fb85,sha256:829ce580013de0142e230ecf21061901e4c3bad884893a38b7993beb667d78bd,sig:1Ijz9Qscwf6ehdt20vOCXlzx2EHuzGkT4nyHysBloSf/mdEGPCY7Q/pLRRs2scGDem+C6CVwEVN79gBEHpeYDw==,Work order raised
LGR-5324,create,work_order,WO-060,2026-07-29T07:00:00Z,USER-MGR-01,sha256:829ce580013de0142e230ecf21061901e4c3bad884893a38b7993beb667d78bd,sha256:04995c30cc35a64f82c8208cb2b42e125d3c6a12103f615f374b0c0b2c7f28f6,sig:Y39NlR8puD7m2mRGh0D+MwyxbO5EVUSVwM+USiCKhFgElVzmjvCvnIXOl0S3UWjjrSATVwM8S4ohfAdH+fRLCg==,Work order raised
LGR-5325,create,inspection,INSP-1084,2026-07-29T07:30:00Z,USER-CTR-01,sha256:04995c30cc35a64f82c8208cb2b42e125d3c6a12103f615f374b0c0b2c7f28f6,sha256:59539bc08c685cd2aac4b970b21aedaa7af7258b81e71964a45aa972d8eb27ff,sig:dzDPh8HMpo+DmRwVLCQGnWQtRu9H/lYSBAVD9v4tpuyRtfhCFSN7rkxbfUDu+ja7f4YD24S8FJXEBUVBMu9TBg==,Inspection captured
LGR-5326,create,evidence,EVID-0084,2026-07-29T07:31:00Z,USER-CTR-01,sha256:59539bc08c685cd2aac4b970b21aedaa7af7258b81e71964a45aa972d8eb27ff,sha256:79ec67b0146fc1a1c99a1c1cd4a3c79276900b553df5d1f3acf3bfc2230ff625,sig:PyBxhKj8LLXyZ8kZZjLSJxnHPjkyzECvwSCYo9+9408CksvW8LG4csRR0bpATbP8i2o/Du/KCe9ioSYoaFbsBw==,Evidence uploaded
LGR-5327,create,work_order,WO-003,2026-07-30T07:00:00Z,USER-ADMIN-01,sha256:79ec67b0146fc1a1c99a1c1cd4a3c79276900b553df5d1f3acf3bfc2230ff625,sha256:b1f5d351b66d605eedf8fb335fb8a0a843dd9096680210fb0057b5353538d2cf,sig:Mm/BIdWRyyrzag/FevNVmLtRN6APG22q7aLUA8BDTYuLwUqvEk+bG3SCLZ6QWJmxUpD7SS9CJoobUHhVMGkLAQ==,Work order raised
LGR-5328,create,work_order,WO-076,2026-07-30T07:00:00Z,USER-ADMIN-01,sha256:b1f5d351b66d605eedf8fb335fb8a0a843dd9096680210fb0057b5353538d2cf,sha256:172e6e0b6465a892dd194730f4e3f9fc72e4a35622b8c4eb85b214f079788fe9,sig:OsZRoqLrAj4R7XwH5q2dzSjYtgVY2wc/j2ry6wnm+ZfRD3tiU5zMwXXOG/gOEqidByWQIsmYFuUcYfm30aWDBA==,Work order raised
LGR-5329,update,work_order,WO-003,2026-07-30T16:00:00Z,USER-CTR-01,sha256:172e6e0b6465a892dd194730f4e3f9fc72e4a35622b8c4eb85b214f079788fe9,sha256:d05d96e24dc51f9f764cf8519f679cb65908f4da0cf3770626b261af1b4f10dd,sig:cpnXeWP/2dsIirdT+U5DolS3VpP+DfhNCuhjMYjirehS0/+7Wop/sEjOHtbfTEsw146jtjXe1wu+3sfaKDUNCQ==,Progress update
LGR-5330,create,evidence,EVID-0136,2026-07-30T22:54:00Z,USER-INS-01,sha256:d05d96e24dc51f9f764cf8519f679cb65908f4da0cf3770626b261af1b4f10dd,sha256:c22c48c12055d5d9e363b71f9c60634a39edc357af367cc596523ddf8f02e640,sig:k/3FibAAI215M6Y3xT+zHnDbygoxXIUEC/9Iv0vYRuwmk5wiXxMFo2wlwgHefNjnJDoe7EyjDX3q7J40H89tBg==,Evidence uploaded
LGR-5331,create,incident,INC-320,2026-07-30T23:00:00Z,USER-PUB-01,sha256:c22c48c12055d5d9e363b71f9c60634a39edc357af367cc596523ddf8f02e640,sha256:c20cd2a1fe8152376467d0226fa1107c543c7473cd9834fe96bf6b4f960f3724,sig:2pmqUHqT4zGDWXpHM79hKQf9CzhZ7r9m2aKpOPCqGoTdN0oieY8bVk7L2ynJKrn0GjBvduDJe0Jhi9X8bvZ3AA==,Incident logged
LGR-5332,create,inspection,INSP-1047,2026-07-31T00:15:00Z,USER-INS-01,sha256:c20cd2a1fe8152376467d0226fa1107c543c7473cd9834fe96bf6b4f960f3724,sha256:181038a4f85bc6ca79e1f7671040ea4ecfbd9699c9ca7414569783f40ca637ae,sig:5fUYL3Mlqu92zCgaGQ8G2dSN0QLVrN/zjaBoFg63KQ3ee5OFFBI+/qzVOJXJ03GRtthHzqMe2MzLh7NAhclbDA==,Inspection captured
LGR-5333,create,evidence,EVID-0047,2026-07-31T00:35:00Z,USER-INS-01,sha256:181038a4f85bc6ca79e1f7671040ea4ecfbd9699c9ca7414569783f40ca637ae,sha256:018bcd08dc74552bcf17fa43ad677ab69f16961f0a9973d522fefe38afbc644c,sig:jwL5ykqlbKga82bPFL9IaSpmlqVnHZbCmime2x3iIwOkyTQOBhm8b1p277Qls57uNpIyheyOLRzYNHicr6Z4CQ==,Evidence uploaded
LGR-5334,create,evidence,EVID-0139,2026-07-31T08:16:00Z,USER-INS-01,sha256:018bcd08dc74552bcf17fa43ad677ab69f16961f0a9973d522fefe38afbc644c,sha256:089e2b7b767200c5a5b59ec145b8be73c1f91f9294e22b4e7f2669087a0d2890,sig:kO00P0PUW9Ot9JnJbPyIoIKxj0fDSA1pxR25i9fiW03G2oOlBMo5S8FSAb5bm3WmIkS7p9a9a+YU5i8ocx2OBg==,Evidence uploaded
LGR-5335,create,incident,INC-325,2026-07-31T21:00:00Z,USER-INS-01,sha256:089e2b7b767200c5a5b59ec145b8be73c1f91f9294e22b4e7f2669087a0d2890,sha256:fc46625c8a99684385e4a1d1130758f7e1c3ee7ae13d9d421c1f092cbf9f6ace,sig:k8GvThp5Dc1EQCgD/d3tyIVZXFjbFU0ndPVCfAwoqvB1UhhNuMgM15S1A5qHpiuvcg2oSz/Xe4b4bkKSIDHZAg==,Incident logged
LGR-5336,create,work_order,WO-018,2026-08-01T07:00:00Z,USER-ADMIN-01,sha256:fc46625c8a99684385e4a1d1130758f7e1c3ee7ae13d9d421c1f092cbf9f6ace,sha256:a3e872d241515225b232add8eb8125522946e75ba4a3ce3a88ebf32f5e84bcca,sig:3nFP74n/DJu9sdeMFdIozR52pDmjP+KibMF2QPeoul1+8I5jeb4XR3gsk3ZhvAdYukyNLmCtp1vTopGtRsU9AQ==,Work order raised
LGR-5337,create,inspection,INSP-1001,2026-08-01T09:15:00Z,USER-INS-01,sha256:a3e872d241515225b232add8eb8125522946e75ba4a3ce3a88ebf32f5e84bcca,sha256:a13ca8bb0bd800cd263e4ee63a700b74bb45c0c6bfe00f2351757bff8eeca7d7,sig:QxRLvRsB2Ck3zboxKJx58AhqdY36y/mcnHrZBw0cWyLoq0rEyE2gUn1w1Q+ai3lM6QriVVwkE0cjlb7r8Z1UAg==,Inspection captured
LGR-5338,create,evidence,EVID-0099,2026-08-01T09:17:00Z,USER-INS-01,sha256:a13ca8bb0bd800cd263e4ee63a700b74bb45c0c6bfe00f2351757bff8eeca7d7,sha256:56f7d4ef90238d855d3dff8fc4bc2e4d6e082eff2115f1daa4b5893e277ee63c,sig:t6Nit1lcetMO7Fe9XMI4Gv4TkxXbCuwCuKkP4JrUEZoyAbc3m3GH9IkseWOT6AxhWyi2EFtonB9u0DGrNwxmAA==,Auto ledger for evidence upload
LGR-5339,create,evidence,EVID-0001,2026-08-01T09:18:00Z,USER-INS-01,sha256:56f7d4ef90238d855d3dff8fc4bc2e4d6e082eff2115f1daa4b5893e277ee63c,sha256:54ab81d8b602204048c7ed6462497538ec4674ec157252d32b5e07ed0e748521,sig:2BoYCL2MCA+/X94VHwftzPBqyb5L9f/SCEW5vNbqyCV0x6/woViglMF8WZp/hRm8sJDiT3O+aX0JtRYHNJ8hCg==,Evidence uploaded
LGR-5340,create,inspection,INSP-1092,2026-08-01T11:30:00Z,USER-INS-01,sha256:54ab81d8b602204048c7ed6462497538ec4674ec157252d32b5e07ed0e748521,sha256:f7126e75b8916cf8f892094c835a31504db5b07b7ef6787e0bab9dff9c1d7a69,sig:0dLonhwZ/iM89T55jyun6JFiMnpTXSxzMN9/PDZSbuRi5Wpc1r4l+VKl1aSN3l4Zq35D25O3DHDKCvntKNhwAA==,Inspection captured
LGR-5341,create,evidence,EVID-0092,2026-08-01T11:44:00Z,USER-INS-01,sha256:f7126e75b8916cf8f892094c835a31504db5b07b7ef6787e0bab9dff9c1d7a69,sha256:15145f77b98a4194479a8ac83bbaabd72b9cfbe44fe54c78d993fa5e6d538df7,sig:j/aBDx3EdTiaDTD78oNEBCK5oBDO/j06qo5AnUZ2dDqyUjbcq3F/czOKND4E78pU9dXAQIxPg9v032lZfwb2Aw==,Evidence uploaded
LGR-5342,create,inspection,INSP-1109,2026-08-01T12:00:00Z,USER-INS-01,sha256:15145f77b98a4194479a8ac83bbaabd72b9cfbe44fe54c78d993fa5e6d538df7,sha256:cc1264bd76edf4fd599f1d3556ab81f462844e1026e4bc7baa85d9b71a710a8d,sig:i0vlLirFwmxZIdcJitEarWESosrh/OiTwaAuCMPaCfCwPVALdPNsQJI3WDIZ3n6DLwiPFcj1836cl2pWGMrgBg==,Inspection captured
LGR-5343,create,evidence,EVID-0109,2026-08-01T12:09:00Z,USER-INS-01,sha256:cc1264bd76edf4fd599f1d3556ab81f462844e1026e4bc7baa85d9b71a710a8d,sha256:d0be6771ffa7d430758f18074816ab4c12c0f92cfa040879083086fab1dcd598,sig:hB4a58F+pWNTPw3MaOhkA15VLf5KZW9kvfNeo898+7nfQASjXQORfZZ2nnOV+3VrB8I8oYekuWUXhwTfLwZDBA==,Evidence uploaded
LGR-5344,update,inspection,INSP-1001,2026-08-01T15:15:00Z,USER-MGR-01,sha256:d0be6771ffa7d430758f18074816ab4c12c0f92cfa040879083086fab1dcd598,sha256:4057d4efebaeddc7bc2292efe74cc659d5221767bde0e9d955fa8c8f19597b1c,sig:m5N/t7W5RuG2J2jZsb1IqlHPW8ehBVLRqNSIjp1HgrOr8tpUMOp/vCHMvdw8aIm/uibDGo0ma2maSdZAcqdxAg==,Score / status update
LGR-5345,create,incident,INC-317,2026-08-02T04:00:00Z,USER-INS-01,sha256:4057d4efebaeddc7bc2292efe74cc659d5221767bde0e9d955fa8c8f19597b1c,sha256:a42d5f76c415cfbd8963a473524911c028d86deb1699fb8f9e5c66b1d20c2e5a,sig:AbRWiy90ajFesG8oElqdmZKEv7/oSKW1AQzeCtBz2M2tMK4r1+cdjoxArUm79MBSN014Ptb9l61D6NfHDn3YDA==,Incident logged
LGR-5346,create,work_order,WO-009,2026-08-02T07:00:00Z,USER-ADMIN-01,sha256:a42d5f76c415cfbd8963a473524911c028d86deb1699fb8f9e5c66b1d20c2e5a,sha256:41a16da214cff2a9890dbecbf13fcadfb7d38c58c671d67d589b84d2f815f32d,sig:9gPYW4vDtxKpiB5khFlGWS8WsCsvKk/UcK6JW3tpFRbP8YjSEtDYAtPYBew70bi3CEkoaWcf5rTmHPeaoy0gAw==,Work order raised
LGR-5347,create,work_order,WO-039,2026-08-02T07:00:00Z,USER-MGR-01,sha256:41a16da214cff2a9890dbecbf13fcadfb7d38c58c671d67d589b84d2f815f32d,sha256:ac770a236f42af7a0f93421c5dd9b8528085735838b35c7a973b60f1d05fc8fd,sig:mNUcMa6NOcSiMUkk84JewHZQUk91B4rvlUIT3KXgzjm43aaNN9JEo7WJgoGXhm5gojL3di+QTQTQ1NlNuV7HDg==,Work order raised
LGR-5348,create,evidence,EVID-0143,2026-08-02T09:41:00Z,USER-CTR-01,sha256:ac770a236f42af7a0f93421c5dd9b8528085735838b35c7a973b60f1d05fc8fd,sha256:af004ace098f45172fda2c299e25945e2bdde2ff3e643e3e68e532935c28ace0,sig:JgbS2L2Nnn4KiEyUpVKuv3cHvePwQ/m4M1KIrx5sZbiNFUB89woavLQMFYvRox5XuARwRoNaGRKrwBIa4de+BQ==,Evidence uploaded
LGR-5349,create,incident,INC-302,2026-08-02T14:30:00Z,USER-PUB-01,sha256:af004ace098f45172fda2c299e25945e2bdde2ff3e643e3e68e532935c28ace0,sha256:c1861d72dc725c0e19516dcdfdfa2f085a8a4fd5fc4ab79d721c5491dcf95f53,sig:kKGoH2gkD0ZC6EQuLiEkyJ6mHmz16xPb+CJm15w3GPBuqlpPd8MlZTGvk+/cePyBsxFjZHRgD8UvPK9Eu1s4Ag==,Incident logged
LGR-5350,update,work_order,WO-009,2026-08-02T16:00:00Z,USER-CTR-01,sha256:c1861d72dc725c0e19516dcdfdfa2f085a8a4fd5fc4ab79d721c5491dcf95f53,sha256:27d624a574c7cbb493982720d28d6b60313db6169cd28a2ed907f706f2206b3e,sig:S8F86SzXO31bXY0IQH+O/YjMCY2tEXLt6H1vHy4LxnhAUJx9oKFd1yBKXNmTY81T212tMU7jK2LaBUx1xt17Dw==,Progress update
LGR-5351,update,incident,INC-302,2026-08-02T22:30:00Z,USER-MGR-01,sha256:27d624a574c7cbb493982720d28d6b60313db6169cd28a2ed907f706f2206b3e,sha256:b1b601a5461906406a6d1e15d363f5981adbd5e5eee44e69fa2368fe094d900e,sig:bnV7EwtYKZE7IxDuCWSLloJba2CQVyNGVcqDOr/aeKNT3JGZaj5nTz7OhxSdmTGKXYn2YLkEND0yxDZq+sexDA==,Status update
LGR-5352,create,inspection,INSP-1049,2026-08-03T05:15:00Z,USER-INS-01,sha256:b1b601a5461906406a6d1e15d363f5981adbd5e5eee44e69fa2368fe094d900e,sha256:5f57ede5934e8ca6e63521a737186d425f3496d3d4b2efea53bdad5b16e7d86d,sig:6S+vgV1Hj4QTJP5bP/BrMpWfnBv/ww7KCL/Xqvjvt3764tUgzvM9HTmaP5qhx8Ky4oOUkF4psD7k+iDkw4ckBw==,Inspection captured
LGR-5353,create,evidence,EVID-0049,2026-08-03T05:23:00Z,USER-INS-01,sha256:5f57ede5934e8ca6e63521a737186d425f3496d3d4b2efea53bdad5b16e7d86d,sha256:8918f77425c4b91e3e7fff4614b6d704df9736621ee0dee1c6548bfd6cd9a91f,sig:6Abc8Vslx+Uz7pwZVZP8SytePoG+ittH3wChgYESQiXaxfwhIlTFqqf37JI2tapbS3ySeCxbd7hjdnCTa6fGBw==,Evidence uploaded
LGR-5354,create,inspection,INSP-1059,2026-08-03T06:45:00Z,USER-CTR-01,sha256:8918f77425c4b91e3e7fff4614b6d704df9736621ee0dee1c6548bfd6cd9a91f,sha256:d73418732590004d6c6bf59107337fd07ac4f26f49cddd4c9d2a5dd5aa8ea61d,sig:ci7YaBXAJizClreoZcmt7tLewBNOctaXR2ah/I766Lbn8en0k7FwmOEdmv3TCZNijTMMhsUpZs+RlT8ioNyvCw==,Inspection captured
LGR-5355,create,evidence,EVID-0059,2026-08-03T06:48:00Z,USER-CTR-01,sha256:d73418732590004d6c6bf59107337fd07ac4f26f49cddd4c9d2a5dd5aa8ea61d,sha256:997a47022b1e7364c7105521548435624390dbd8afe64df72cf232c2039f8d2d,sig:0IPBcMyYrt95uO+M7i7APTwcPNlBvnnMh3EQkjgWM+nktZSLPzQedJfjCMTm3DlqrnCqO41+EHVShiZgNSOlAg==,Evidence uploaded
LGR-5356,create,work_order,WO-048,2026-08-03T07:00:00Z,USER-MGR-01,sha256:997a47022b1e7364c7105521548435624390dbd8afe64df72cf232c2039f8d2d,sha256:a66ac68c9b4fbeb21acd6e70c5563202c5f5e4d192d5fe412d97b793a606ba99,sig:sx+EDKOHSlyKBlE+MUZ/LAhQs3eZAsQWOCqKZTvKND/4gljuyqZB16BBuR2VrvLQtckLlQ4CCPU+zcJ70Y4XAg==,Work order raised
LGR-5357,create,work_order,WO-067,2026-08-03T07:00:00Z,USER-ADMIN-01,sha256:a66ac68c9b4fbeb21acd6e70c5563202c5f5e4d192d5fe412d97b793a606ba99,sha256:676f451ab9720ca2d9ad37dfba5d11e6f6e589cfcfb16b24c4f3b479e16b9ba5,sig:ZsVgcxjyXcal3FogwcbV1w9bwrKWksEcLy8mCh0bVgVT7AygTWYXhpYwSh6c9DIXTPmtgitlYtvRb+D6nPW7Cw==,Work order raised
LGR-5358,create,work_order,WO-023,2026-08-04T07:00:00Z,USER-MGR-01,sha256:676f451ab9720ca2d9ad37dfba5d11e6f6e589cfcfb16b24c4f3b479e16b9ba5,sha256:f510cec12fa99445123687041a475291c281a604d950d2bf38afa92792556f0d,sig:3AgfjX9ujLotHbdFp8+NmJqxKU21aosqCdSQEurlEK8KiugVVryqrx5rQXUd2RjP+4S/mhlsVRmOItXnhePtBw==,Work order raised
LGR-5359,create,work_order,WO-069,2026-08-04T07:00:00Z,USER-MGR-01,sha256:f510cec12fa99445123687041a475291c281a604d950d2bf38afa92792556f0d,sha256:27498f04d9691ec1a4b7be783dd70e1e8eea1a0d21e722154c6a29c0be1f1f24,sig:WVEf21e1/kSLsG0ZR8CiUzrC7a1F6luIXZXhplmo9mujOnPLCh05rMcFmfwtaGzMPsnFbv7kyMSrVcKYRsCyAQ==,Work order raised
LGR-5360,create,evidence,EVID-0131,2026-08-05T04:27:00Z,USER-INS-01,sha256:27498f04d9691ec1a4b7be783dd70e1e8eea1a0d21e722154c6a29c0be1f1f24,sha256:5579d36fbc7e4d5ec108fa8e6528c58ea2d7839fd969d15bd18115890764d8bd,sig:KJrzipT15V+vmiXFfL1V/2BEGr1urHuUjt4/pLX8nqKF7MsWAAw2ONgxLmA0Tt+l9TviBI6QyyL5HSgbszUBAw==,Evidence uploaded
LGR-5361,create,work_order,WO-037,2026-08-05T07:00:00Z,USER-MGR-01,sha256:5579d36fbc7e4d5ec108fa8e6528c58ea2d7839fd969d15bd18115890764d8bd,sha256:28fab6a261ea847a9a310dea8ea4e207053c8f18c1e9ceed1a031d1f77753c18,sig:eosgWRhrshx5lEvPIW+87YTOMWWuIYz0ADh6NgmRXENPEL+siPPgnbqJ+1Az8JQl9IZA5oxHyxI5kYCdb5MJAA==,Work order raised
LGR-5362,create,inspection,INSP-1104,2026-08-05T07:30:00Z,USER-CTR-01,sha256:28fab6a261ea847a9a310dea8ea4e207053c8f18c1e9ceed1a031d1f77753c18,sha256:252271538f6a79d635ed0ff2d8cd5cab0a5999ac791225b4eaa422139b85a3ad,sig:Yw/fNH7SibG8ye+Eyrx/IbMTo3hT7W67lrnG9jyJVTMDkgpt8sK/zND8goesg02gwLzDpGZEG0OeDi/20LQkCQ==,Inspection captured
LGR-5363,create,evidence,EVID-0117,2026-08-05T07:41:00Z,USER-INS-01,sha256:252271538f6a79d635ed0ff2d8cd5cab0a5999ac791225b4eaa422139b85a3ad,sha256:452c793e525e65a61d12ead5ab62997624dfedfe83cfdfb2e991d7c3ffdecb40,sig:bgXKvNEEHErgKiwHMFt+L88rX9a/S2DB6F5RlL5blK1s/8ahA1LOJtuJad7xD9p4rq0/12aw9f2iYo4tV9EeCw==,Evidence uploaded
LGR-5364,create,evidence,EVID-0104,2026-08-05T07:42:00Z,USER-CTR-01,sha256:452c793e525e65a61d12ead5ab62997624dfedfe83cfdfb2e991d7c3ffdecb40,sha256:a3ff601f7137b0e0d42b8e1a199fe29c94a9d7d33165c7cad169890432999c12,sig:4ZJOhWPP6fwWZswFZjDgNNAPKxRa47MB2Xn7AAlyl37wR18t788fp91UWsonSc0cwBLNV6L1AtaXplRtbPADDg==,Evidence uploaded
LGR-5365,create,incident,INC-304,2026-08-05T18:00:00Z,USER-CTR-01,sha256:a3ff601f7137b0e0d42b8e1a199fe29c94a9d7d33165c7cad169890432999c12,sha256:cf63c697064a8f1ec803a41be1dda51f8655b85935e47ef8924bb76c4f016780,sig:we77JDzwsA5QzsvOXzuvHTpcz+ENupgQkGLOoHpoANRv+R9xvDfmJEV7VBMTeCGnDdTt9V/G3eTic2FZ/jAVCw==,Incident logged
LGR-5366,create,inspection,INSP-1083,2026-08-05T18:15:00Z,USER-CTR-01,sha256:cf63c697064a8f1ec803a41be1dda51f8655b85935e47ef8924bb76c4f016780,sha256:8553a4cea4c21e6c0fbe98591bacf296857a0d5da509003519f148299f256b01,sig:qgyxRjgKTqyMlFnqSfDMqdY5jLuVle2SHqAI8sfD4JU+ZM6yJRgySYgAal4r5/lqfgiSHynWkaHOneVIuCSrDg==,Inspection captured
LGR-5367,create,evidence,EVID-0083,2026-08-05T18:25:00Z,USER-CTR-01,sha256:8553a4cea4c21e6c0fbe98591bacf296857a0d5da509003519f148299f256b01,sha256:996d02aefe34a358fe032c1a96080023da6d00be95a89fac1cf005b988da1cab,sig:m363gcVU3GKAKeyOnc1BvJzIZayFDMFprlJSKhr0gDshAr6SLanws1aRI8g434R/29P/BWct92A3WCN49Jt2DA==,Evidence uploaded
LGR-5368,update,incident,INC-304,2026-08-06T02:00:00Z,USER-MGR-01,sha256:996d02aefe34a358fe032c1a96080023da6d00be95a89fac1cf005b988da1cab,sha256:f9fdc9230809ff2b15d66e838055b54ed6c90d81a7293b07051265c80bc4d48a,sig:XIYAyGgattq//tausAYNqUKCQDhF+6PYXe4ygXQHig05iMr67obQvgmIUd2PcL4ecocRlkUN8BZcF9jPike0Ag==,Status update
LGR-5369,create,incident,INC-313,2026-08-06T04:00:00Z,USER-MGR-01,sha256:f9fdc9230809ff2b15d66e838055b54ed6c90d81a7293b07051265c80bc4d48a,sha256:7887d9f81cf6a58538badcd5c6ae7edb438f05800af1fc6f5e35b11c978b1e63,sig:HYraHs1dh0mepUuzq9CPTGaoxfVFjvRoC+iVFSC83+QHDf1Zfi7RP19uNTxj6Hg61g2LA+phQvneOpr4Io8MBA==,Incident logged
LGR-5370,create,inspection,INSP-1087,2026-08-06T04:15:00Z,USER-CTR-01,sha256:7887d9f81cf6a58538badcd5c6ae7edb438f05800af1fc6f5e35b11c978b1e63,sha256:96fe1315a2560e556dbef44ffc99482aca0f1bb594feb64a0501729d64e39828,sig:IpCV538+3kCMbhAW6ne68wwkKD2tFm9Q8LgRsiMHEfHr/WPenoQQmfFN22ltLn57fVvJv3/4ZOJnLrGQhdVNDg==,Inspection captured
LGR-5371,create,evidence,EVID-0087,2026-08-06T04:39:00Z,USER-CTR-01,sha256:96fe1315a2560e556dbef44ffc99482aca0f1bb594feb64a0501729d64e39828,sha256:e18fc62e9dc3779b0bf0ffd14614f556904d55d807512d4a3a0597199b35dbde,sig:dKlw6AehSsXa5SHlkTrYe2srpVFrXgEZGXFkjTQtxZlCSiJeM0X4KMwx8F3tO0t7XFdWTgd+wYd7Y6/sWX3VCw==,Evidence uploaded
LGR-5372,create,work_order,WO-050,2026-08-06T07:00:00Z,USER-ADMIN-01,sha256:e18fc62e9dc3779b0bf0ffd14614f556904d55d807512d4a3a0597199b35dbde,sha256:72d6a1609cb046c6c18b5634fc867fc7a73be1b7f3151d0a625a480afc1c33ff,sig:whC5/mxIVl1cgQsf9ssDNqVW9yQ+zc8Ija18g/LWNcoeIQlN4qzawO/YVd5YE42Ifu+5K5EY4JBrgRaNrLLtAw==,Work order raised
LGR-5373,update,incident,INC-313,2026-08-06T12:00:00Z,USER-MGR-01,sha256:72d6a1609cb046c6c18b5634fc867fc7a73be1b7f3151d0a625a480afc1c33ff,sha256:7ea74fbe6adcaa6daeffca7d61c27401d497e36c4295e1935af834bbd1328446,sig:qkq92whivun20BPo3CbHBBhUbzAaPk6R38z+l2ScbFon6GO+5twxjRMNCdb2kkzFMGWAdOnWsk2IYLbPiK86DA==,Status update
LGR-5374,create,inspection,INSP-1042,2026-08-06T18:00:00Z,USER-CTR-01,sha256:7ea74fbe6adcaa6daeffca7d61c27401d497e36c4295e1935af834bbd1328446,sha256:85b40b5a7c0c3aaed019a183599e0042a87165c394d4255412b5985e7d61cb23,sig:/RE0BUustyt0EGkRdi34WCoWNggNcHik7X2lvQm5OgmcyOwj8nR3FatMstt55PFz+ctLPMlosi3KUcJlAzjQDg==,Inspection captured
LGR-5375,create,evidence,EVID-0042,2026-08-06T18:25:00Z,USER-CTR-01,sha256:85b40b5a7c0c3aaed019a183599e0042a87165c394d4255412b5985e7d61cb23,sha256:6644b31152c36e5de2782e062d054e07dcf5e9f764d10770c94772aa1f074689,sig:NCeBLCEWVkRB0Hiy8Iq/y2zys9e2MEJ7wEjDQy7VU32qQGo8zvKmYftsXVYL30EhMEgNnGDYya8hXQTuew/SAg==,Evidence uploaded
LGR-5376,create,work_order,WO-002,2026-08-07T07:00:00Z,USER-MGR-01,sha256:6644b31152c36e5de2782e062d054e07dcf5e9f764d10770c94772aa1f074689,sha256:9ac0b7ac6809bd8e5f5d0f0a0f226221412578fac5594791e48b6369dabe2b7d,sig:D3tzqUhNXh3tG7ewZHiPQ8qFE7ajYeuWy5R2cesWrQD1AdiwAA3GEs5NWYQr1+757k+Ez0APcyVbKdhIOZaoBA==,Work order raised
LGR-5377,create,work_order,WO-047,2026-08-07T07:00:00Z,USER-MGR-01,sha256:9ac0b7ac6809bd8e5f5d0f0a0f226221412578fac5594791e48b6369dabe2b7d,sha256:8f1c86bd0ee0daa63aacb7af00883adbf1f256077d8bf24d2eff72ea6dcb6d7f,sig:tFVcVodu3N4JjFN1SMC5/Z8+5tZy7BrwjMPj5KHVBTWLSiMKW18yI/uJAJA5CwuWGzH1pN8NVDSxoITNWe0JAQ==,Work order raised
LGR-5378,update,work_order,WO-002,2026-08-07T16:00:00Z,USER-CTR-01,sha256:8f1c86bd0ee0daa63aacb7af00883adbf1f256077d8bf24d2eff72ea6dcb6d7f,sha256:e37c8df51fd8a4484b95f64d9329f7c19952c30d200a6c0721f81f1e7a2f8a9c,sig:eONPUNNYRaYJlIE2wx8fGz+Q4sRUwxBAsz3dqFFqf7/WmBgtBGqVa8fCUqJuCJDu6ydalRtd7SIatHGgY6HDCQ==,Progress update
LGR-5379,create,incident,INC-322,2026-08-08T04:00:00Z,USER-CTR-01,sha256:e37c8df51fd8a4484b95f64d9329f7c19952c30d200a6c0721f81f1e7a2f8a9c,sha256:ad4f8b320644a7623349d87b70290b74f707c18756c611dbe0705c1ca70d2f01,sig:Zo/BmlyyhKisSN1ggumSRVnMG4gF6Xy5ETAtvHhmL4ZqA+1LTOYjWXwbH9xpvqnWESUVBpC5NEZrLOIAonKoBg==,Incident logged
LGR-5380,create,work_order,WO-055,2026-08-08T07:00:00Z,USER-ADMIN-01,sha256:ad4f8b320644a7623349d87b70290b74f707c18756c611dbe0705c1ca70d2f01,sha256:4ce0994d4854538fb8377d7ddc44adea99ab38b632be62350544c8a0df48c96c,sig:cSyZAVWE8WyiqlbBWPLaUqwmqcbPCyNpcDkCSmBVu13zwR2Gg/Su/PZs2YGSliki+zUu918CnNaPiV3K9CsCDQ==,Work order raised
LGR-5381,create,evidence,EVID-0125,2026-08-08T16:17:00Z,USER-CTR-01,sha256:4ce0994d4854538fb8377d7ddc44adea99ab38b632be62350544c8a0df48c96c,sha256:3631eec15206ae90acac79da8a8c1129a26d5f5964ccc75886986dda347c4ded,sig:gk2JvmN5fl6FckBVaxXg5I576o3jz/+hArXLVw0TrDmJhP5JHwqhFLw8VQ+0F+k4lP1jg1yKKWpWyIWVKOhcAQ==,Evidence uploaded
LGR-5382,create,inspection,INSP-1023,2026-08-09T15:15:00Z,USER-CTR-01,sha256:3631eec15206ae90acac79da8a8c1129a26d5f5964ccc75886986dda347c4ded,sha256:0e62a4a6ddb3a9d37aecba1995f83bb75c0fa5557fd6f884bd7faa61599555bd,sig:OS3+3MmzSkAMdNMblx7g5lmXdbbZNiU647W3wfopquw0DwKZtPslL/r+IDSPTGNVs+KPxU3sl1nK2b5EFTCmDw==,Inspection captured
LGR-5383,create,evidence,EVID-0023,2026-08-09T15:36:00Z,USER-CTR-01,sha256:0e62a4a6ddb3a9d37aecba1995f83bb75c0fa5557fd6f884bd7faa61599555bd,sha256:7bccff38634dee766e5dcb49f8176224dfe5600c768ec8085b5737834f8c2b82,sig:b9RnhRCKisL9UrWsqlnXiJUqdbSBBtpilT+IjOU3n/N6Fq5sEh+M0PPJrjJkbxACxOv9IuCRJy9V/iPNARQdDw==,Evidence uploaded
LGR-5384,update,inspection,INSP-1023,2026-08-09T21:15:00Z,USER-MGR-01,sha256:7bccff38634dee766e5dcb49f8176224dfe5600c768ec8085b5737834f8c2b82,sha256:99ccf854da4778442ed89f9616939ba13cf42a73321195b0d0adcba98aa5ab94,sig:NiKhVVPRugamLvTdsztKVIGa5aJ0/5NUtxq5f5rAXPCTbYx+hynWOXlTT6susWDwkNWVp47vRzw/vi9L2FMJBw==,Score / status update
LGR-5385,create,work_order,WO-007,2026-08-10T07:00:00Z,USER-MGR-01,sha256:99ccf854da4778442ed89f9616939ba13cf42a73321195b0d0adcba98aa5ab94,sha256:dbe1cc87750ed4ed8e9df430bfcaf811ab32094ff047bbb79d8d3d6a05fc85d5,sig:tafaSjZrnCTJg9e6BudcgUWB1dcKdPtGLiKLAepDsgGMkagppkQgd7UYxsg1z8fdPLIcY0SI5JcTJYkq9DioBQ==,Work order raised
LGR-5386,create,work_order,WO-016,2026-08-10T07:00:00Z,USER-MGR-01,sha256:dbe1cc87750ed4ed8e9df430bfcaf811ab32094ff047bbb79d8d3d6a05fc85d5,sha256:ae505d8eec730c9cb61f95ede52e81ef282f3f704d4bd1ecb505a99d5577f591,sig:QRNQqlhV6lIloakmYcoV8tkKiOEGSAue0s5Fa1TiklDNrhY9lTuzxkpzjONq5F1THlks7x2k1f0O5a5Ta/4QAA==,Work order raised
LGR-5387,create,work_order,WO-075,2026-08-10T07:00:00Z,USER-MGR-01,sha256:ae505d8eec730c9cb61f95ede52e81ef282f3f704d4bd1ecb505a99d5577f591,sha256:dd6a1219bd51a248d8c9e68b1ac3bbd5adda13f96adb556d2ddaf3f68ad87e4f,sig:3nO95RdUzs1fYjxeZcd73clAE5seD1/Iged9MB+6bzKrzTwiNiBIS4BeHaCtcGnLX4pQsRzGIvUcWmj9Q8u5AA==,Work order raised
LGR-5388,create,inspection,INSP-1024,2026-08-10T13:15:00Z,USER-INS-01,sha256:dd6a1219bd51a248d8c9e68b1ac3bbd5adda13f96adb556d2ddaf3f68ad87e4f,sha256:c6826e32e6384c37659628219c158f9e4fec2970144f6215907e8ee4ecab597f,sig:cwzlXJkcKtOL/4NXcer2W3+jLPM6/aaBccFL7p/+M6nZh8WlUhZ/1RaQRaDLPTLlIMonAp4pPn8fGe2pRayeDw==,Inspection captured
LGR-5389,create,evidence,EVID-0024,2026-08-10T13:21:00Z,USER-INS-01,sha256:c6826e32e6384c37659628219c158f9e4fec2970144f6215907e8ee4ecab597f,sha256:deceffbeb6d911fd2fda161cbe81c43581f197ed8b0dc75dee210352d212fd97,sig:YUbrwNidE7ESjcjrV2w3WANuuBM+687W7mv2EEdILRvZ+JskKTOKEdLZg9tvb6AdEq1mPxG4shxzlHzA+6XHBA==,Evidence uploaded
LGR-5390,create,inspection,INSP-1077,2026-08-10T13:45:00Z,USER-CTR-01,sha256:deceffbeb6d911fd2fda161cbe81c43581f197ed8b0dc75dee210352d212fd97,sha256:d29e793c92388f2df11bdfcd339e0d5b9b49bb3ed05277126d9cfcf65f248e21,sig:rGVTusuEY1A++E0Y2y7YfPTwzJMmcW2apwp2J8EgbiIXPJx+gZnpwL+70N4C44HX2rdSeTaBzu81uUaildP0Cw==,Inspection captured
LGR-5391,create,evidence,EVID-0077,2026-08-10T13:50:00Z,USER-CTR-01,sha256:d29e793c92388f2df11bdfcd339e0d5b9b49bb3ed05277126d9cfcf65f248e21,sha256:1bf56d455b2445dd2cc32a44c69d96fd442a04f1bd53f6b3923035170ab682a2,sig:afwK/B1mwZHFYMR1SPS7cwHKz6KoTzixxLPgjhiiiGX2KHlEF4YzbgNzHdkh05wnqi3X5oe/oNjFCaQDtGHfBA==,Evidence uploaded
LGR-5392,create,incident,INC-308,2026-08-10T14:00:00Z,USER-INS-01,sha256:1bf56d455b2445dd2cc32a44c69d96fd442a04f1bd53f6b3923035170ab682a2,sha256:439e6d751b319b68ef3585e72908de6c6785eca7cb662edc04829e4648935265,sig:FDNCX9xfQm7j4JK6qi1ugM058XMmtJ+oITVu1PFJLZz1AaJGugMmJDLwb72KWw1WuX1nyNi9Y87i+d2jJPJADg==,Incident logged
LGR-5393,update,work_order,WO-007,2026-08-10T16:00:00Z,USER-CTR-01,sha256:439e6d751b319b68ef3585e72908de6c6785eca7cb662edc04829e4648935265,sha256:bd4c69d965b4951f8f20fa9edbc5e10282645c492a4223537b0d05ad8d28c960,sig:Xo0sqltQytnbvq/5Ywp9O17J07br4FGdMBZLnOiZvoo/iEUKVHfY5w1wd9XRJxh0KrTD8Fr3aTj1kLIlZqWKAg==,Progress update
LGR-5394,create,incident,INC-310,2026-08-10T19:00:00Z,USER-MGR-01,sha256:bd4c69d965b4951f8f20fa9edbc5e10282645c492a4223537b0d05ad8d28c960,sha256:8865d6fe88c5405c38277e93808bac9433b4b0a2b900990721f81a4f7fad1308,sig:9v/rSdIQj2ZJT94Qn2/XRbNmfM6c5QccVnLaW3doyYIVDohOK2ywlZcRggr6jJpkGJpabcEK5Iu9/3WOWZnSBw==,Incident logged
LGR-5395,update,inspection,INSP-1024,2026-08-10T19:15:00Z,USER-MGR-01,sha256:8865d6fe88c5405c38277e93808bac9433b4b0a2b900990721f81a4f7fad1308,sha256:c9378aa578f33db9bec2f7e3f4fd013e384c9177ea4ff98d1def98d282e14512,sig:axWCgjgNMvWpcjbbUYDGQ55zYDf5gtiSWs5TzdS4SztUtoXClDXitGZWXz8yORAWy5V9pBARlWvZmQl2II9bBw==,Score / status update
LGR-5396,update,incident,INC-308,2026-08-10T22:00:00Z,USER-MGR-01,sha256:c9378aa578f33db9bec2f7e3f4fd013e384c9177ea4ff98d1def98d282e14512,sha256:58ee7a14daf6b19737228b0f403cacaefc520ef44f29edac3abb73d2f4014148,sig:Z66tRxBO4X2UHHYRDXaYvbow4CgTqRw7pUrBlujAn3lQ0D2clBozftt3DuKUaeUQymgTogdn4Ct9wbQJRP7hDw==,Status update
LGR-5397,update,incident,INC-310,2026-08-11T03:00:00Z,USER-MGR-01,sha256:58ee7a14daf6b19737228b0f403cacaefc520ef44f29edac3abb73d2f4014148,sha256:62888cbce9fe69c126fbaf710db7fbbedeb9cae15ffc18238ef97d0afaac47a5,sig:uqALjtwPyhWviZZnI90QgjKKmP86m8gbukJzHwaTpu/H4xQ6p423fr0uAnsROths77BqsBoeRMXDp6MtvEONBA==,Status update
LGR-5398,create,work_order,WO-013,2026-08-11T07:00:00Z,USER-MGR-01,sha256:62888cbce9fe69c126fbaf710db7fbbedeb9cae15ffc18238ef97d0afaac47a5,sha256:5a18c8c79b8f72084ffd232aef148a63ea8668d1aa4b2df6992bde70b9e9983f,sig:A6JD5GMb31vSBklAd8e8C8uCFXm9TZURqun/slOdQqWidFjHpLoxkJb+9JwN2IMoPs138S9fRiBwpBm23OZFAw==,Work order raised
LGR-5399,create,work_order,WO-077,2026-08-11T07:00:00Z,USER-MGR-01,sha256:5a18c8c79b8f72084ffd232aef148a63ea8668d1aa4b2df6992bde70b9e9983f,sha256:ee39a77a53d8344ed8c5bec4bbb4ead118197289eaad8ea28d38e9044f559c55,sig:6c+1I5UYyT8wNuKiTKFkvRzsKAJ+uD6PQEWqUKjoi8ShsMTZVi5ft+haIYr2tjQaRdGFp6QMdSocFbOYCkV+Aw==,Work order raised
LGR-5400,create,inspection,INSP-1043,2026-08-11T19:15:00Z,USER-CTR-01,sha256:ee39a77a53d8344ed8c5bec4bbb4ead118197289eaad8ea28d38e9044f559c55,sha256:e1cf4ab3a57278265b13e55cd00337b431cacd1fdb9db118f9b8fc2ce5d8df8f,sig:0kkZrFVS/BrkoC/X6RZvampoospDeRO2eQvsv4NGuoKG62aYLs45nI00Dxz0dHOIn2pyn70MHVIWeKofj4IjDg==,Inspection captured
LGR-5401,create,inspection,INSP-1107,2026-08-11T19:15:00Z,USER-CTR-01,sha256:e1cf4ab3a57278265b13e55cd00337b431cacd1fdb9db118f9b8fc2ce5d8df8f,sha256:8e767c40c262f52b9c7cb153116804b6f6b41e82d5c47cc3ab171182f8fac230,sig:jsWONE6b1sIDO5LfSa3D4b7FHI8MK4oj/gN/f/a+8jNDKtNCA02jETkTGY75q+4EaSGzS/1JQzip4BKaQyhfDA==,Inspection captured
LGR-5402,create,evidence,EVID-0107,2026-08-11T19:26:00Z,USER-CTR-01,sha256:8e767c40c262f52b9c7cb153116804b6f6b41e82d5c47cc3ab171182f8fac230,sha256:90d52fc8571b6c9f3ba7d25d015834b05e8f882006dade584388dec268d3d46f,sig:gd4OmlpkRum8feGDXyTPQLn+yIKD+GXUW7l5Mlhq0G1t2DVOjVBlFascbGPgD98/K1liRP3VVVKtkzAsYGXMBA==,Evidence uploaded
LGR-5403,create,evidence,EVID-0043,2026-08-11T19:29:00Z,USER-CTR-01,sha256:90d52fc8571b6c9f3ba7d25d015834b05e8f882006dade584388dec268d3d46f,sha256:bb35a1c406b2b6d8380d692f2a08e56634869698faa2cf978481fab8dc194128,sig:NV/NrJRADjAiyygEK5arYRc6oT4Z7U5X3L6ZtNXzCgzySTiSWuioZxiy2NoWXn59LPBQxXyPlMAf+KnOUPZVAQ==,Evidence uploaded
LGR-5404,create,inspection,INSP-1014,2026-08-11T20:30:00Z,USER-INS-01,sha256:bb35a1c406b2b6d8380d692f2a08e56634869698faa2cf978481fab8dc194128,sha256:a3c91ab5cd3b69c50e3b0ffa14da0988d74926eec4a044b7e12cc5ef59fc9181,sig:p8xzemZxn2p260aeRZJt83INGJf+s7Vw74ggmJhfxiU8rrA0v8oLE+9ptAMoLzHuY67rmoH7PPjgbj96wGqBDg==,Inspection captured
LGR-5405,create,evidence,EVID-0014,2026-08-11T20:51:00Z,USER-INS-01,sha256:a3c91ab5cd3b69c50e3b0ffa14da0988d74926eec4a044b7e12cc5ef59fc9181,sha256:b4b7fda2367c8f8ed7da33126d8029c5d707c05f6bfaa49f784fbe46c0678caa,sig:k6CPJC45BrDRhFpx5dU9FXzjHTS0OYe/p3pKuUs78VADDeT1kfSWytg4FYiozlTLPsGgKpqujYmqmdRdQaqoCQ==,Evidence uploaded
LGR-5406,create,evidence,EVID-0126,2026-08-11T22:46:00Z,USER-INS-01,sha256:b4b7fda2367c8f8ed7da33126d8029c5d707c05f6bfaa49f784fbe46c0678caa,sha256:e0cfc8798ca41de885094f79e39d6f1ed195dd43f4536ec4da406a8635b32916,sig:jPCiDq99ZIAFlgPshAcsopzlpgfjNBPW2Hh2BiNgLbXrWY7e2Ae3nFzEm6aQID1D2Jx1gXYXZMEzOjyEyJTkAw==,Evidence uploaded
LGR-5407,create,inspection,INSP-1031,2026-08-12T01:45:00Z,USER-INS-01,sha256:e0cfc8798ca41de885094f79e39d6f1ed195dd43f4536ec4da406a8635b32916,sha256:e0dd0f96f5e77ac687033dcd20233fa788bdd2f4423d32c204409329a797b32a,sig:kWnpjldYBJKP+sHbEorbNatncO1gC7xjWFvjSiW28OvJuDW5W8hSAaHfeG1R+taiUR29pouvn8CGuZrD1y4RCg==,Inspection captured
LGR-5408,create,evidence,EVID-0031,2026-08-12T01:46:00Z,USER-INS-01,sha256:e0dd0f96f5e77ac687033dcd20233fa788bdd2f4423d32c204409329a797b32a,sha256:4a9c1d9bea9b0fc10b8cd1c8042ae88b34f370dcb22a294b64102ed8d66a5fa9,sig:0cvPtq7n6H7lwE7CkDyzIa0uppFubc/3E3ZWuPNC33B1Yt4o5uH8UbnEqSQNZ7pbzfngK1upEqG8qD0X3jzHBw==,Evidence uploaded
LGR-5409,update,inspection,INSP-1014,2026-08-12T02:30:00Z,USER-MGR-01,sha256:4a9c1d9bea9b0fc10b8cd1c8042ae88b34f370dcb22a294b64102ed8d66a5fa9,sha256:49ea5f81f65ce1f906c99338082a6a0e13634b7ec0b7197685feb7cefa88a858,sig:qN/01+LKe1D/vg1InEd6WxQk9Q81tIwa4/dRLi9XEb8sDm7YjUQbz/j9hSQ1D5XYreXV4MlpAV8XhHIyIGDACg==,Score / status update
LGR-5410,create,work_order,WO-073,2026-08-12T07:00:00Z,USER-MGR-01,sha256:49ea5f81f65ce1f906c99338082a6a0e13634b7ec0b7197685feb7cefa88a858,sha256:cf295285d1b43978fa0bcd94596bfc6a8ce538e9c52feb9a5db28cdaa2d2aff0,sig:jFIV+HNmjFXkkGsoQvSobkQUy634lsIEW+R8PzqUF6Zcs+v/8HTpsVL89w/lzz96OzTlR7EXZOn+RusdDRIlBw==,Work order raised
LGR-5411,create,evidence,EVID-0147,2026-08-12T13:36:00Z,USER-CTR-01,sha256:cf295285d1b43978fa0bcd94596bfc6a8ce538e9c52feb9a5db28cdaa2d2aff0,sha256:23a47e2ae83ed2b9b293a2a5757c67f992a35d002c6b9d5aeef15e67743efc90,sig:72pYmP0ZcTZk8Trf6gtdgyyc+6YYc0OiCJJuQkKcsVd3QoGhhpQRiwSHwU8mfjeDGUnWMhHUGuN0tFXhN+TTCg==,Evidence uploaded
LGR-5412,create,inspection,INSP-1071,2026-08-12T20:00:00Z,USER-INS-01,sha256:23a47e2ae83ed2b9b293a2a5757c67f992a35d002c6b9d5aeef15e67743efc90,sha256:f2bb0ceb97014a6dd3a3a2ee6bdda8e67dffeb894e788581340976dc9c6b424c,sig:duz8DqUVxzSezgt/xo8cxm8R/2Ng5R6+X9+6j4zF/MSPOW/X8pjLGKYBRGGlt6vBMfpmnjQRpcMF8JmyHL20Bg==,Inspection captured
LGR-5413,create,evidence,EVID-0071,2026-08-12T20:03:00Z,USER-INS-01,sha256:f2bb0ceb97014a6dd3a3a2ee6bdda8e67dffeb894e788581340976dc9c6b424c,sha256:35a59defc2f66943cef489eac37153210e3b9270bb002f00bd9d45600b87e7dc,sig:N/Cbd0ySXZQKOBGbpZRp/J88f1x98PjQ2lZYkYY37rt5jHRmHMiIxeF7/36PYVmCG2jiWtZkiFj50i1ebU3SAQ==,Evidence uploaded
LGR-5414,create,evidence,EVID-0119,2026-08-13T03:46:00Z,USER-INS-01,sha256:35a59defc2f66943cef489eac37153210e3b9270bb002f00bd9d45600b87e7dc,sha256:78310a4305887f4d8a42da5a8be9e31571b46fcdd9607f63c17fbad906bfd8d2,sig:VQNllnsJim8otXF0ucqoJYJ4sORp7ZHtFz6zt3fpxVIwiOBV9ucf5xLmgEtDEN4xOjUBs6MMfkiX3L9OTb2aCQ==,Evidence uploaded
LGR-5415,create,evidence,EVID-0118,2026-08-13T16:51:00Z,USER-CTR-01,sha256:78310a4305887f4d8a42da5a8be9e31571b46fcdd9607f63c17fbad906bfd8d2,sha256:7c2747c21cefffc66735453cec09269e9ee88021ff89e35c70c1fb9831f4a41f,sig:/uDFTbRkC9st1YjgxlmCMpU5RM5ILl82VXYjBreWQVadR2ZMe39xDXxkPtGb6oXyGOkIcrstYawhyU+aum8lBQ==,Evidence uploaded
LGR-5416,create,incident,INC-305,2026-08-14T03:00:00Z,USER-INS-01,sha256:7c2747c21cefffc66735453cec09269e9ee88021ff89e35c70c1fb9831f4a41f,sha256:8a3f3e526a0255a080f734d0f740a756d2b4d59dfbe95ef127af59843a4959a1,sig:0k9DtUEHLc9fw0u5q5Eigb0qEdjp6CV8T3QXpq6b3lymW3qbUMM2RuRu9STMX0DiaDcn13/RWtqyLpRMmoixBQ==,Incident logged
LGR-5417,create,work_order,WO-004,2026-08-14T07:00:00Z,USER-MGR-01,sha256:8a3f3e526a0255a080f734d0f740a756d2b4d59dfbe95ef127af59843a4959a1,sha256:bd02e6d2f86f6be396f784f44766651f9fc8ae8135116b13aa2281a128252d4b,sig:bLVquK/N1r1wdsvo2X6qLiTI7SnxbrSJQ93f5fEeX0iRBHD+qoL/IHsiOjGa5VAfIvF2PUqCOHJP2jKiAoGBAQ==,Work order raised
LGR-5418,create,work_order,WO-008,2026-08-14T07:00:00Z,USER-ADMIN-01,sha256:bd02e6d2f86f6be396f784f44766651f9fc8ae8135116b13aa2281a128252d4b,sha256:a228f78399a7ec1ae5c2c4c5a622f540b31d0d471e756bc9f07525b992bbbd57,sig:Q5cR7v3j8EiF+ZZZ8tEA+/PWXkSrfC1/VbK6ScEDMxp41Ghkw/TmIhKXD3yeiNJE++uZkq7M1hKvPQjlKUhMDg==,Work order raised
LGR-5419,update,incident,INC-305,2026-08-14T11:00:00Z,USER-MGR-01,sha256:a228f78399a7ec1ae5c2c4c5a622f540b31d0d471e756bc9f07525b992bbbd57,sha256:1298685a8fd9e4634923d01658a1176cf2f78adc4d83b8fb83afa293f03e2fc3,sig:K9SCREX7NREdzLLjdZg5e6MXudGALKhwBBDIQTXr+JR81otGHpaVYE8+0srVule7WDPcA9Nu2uD3vmzkOr3vCA==,Status update
LGR-5420,update,work_order,WO-004,2026-08-14T16:00:00Z,USER-CTR-01,sha256:1298685a8fd9e4634923d01658a1176cf2f78adc4d83b8fb83afa293f03e2fc3,sha256:b6448bedb968f2fe0d0e4c3c28e54903a115588e33a55e9192fa8766e73dccd9,sig:KscJnUK0tpsiDzs9nwglEiLL2y3kbJvCSIllVM8gFdDrLI9xa6m8azcx32uUMqaQLm3r+HLtZryr7VQqKB0sBQ==,Progress update
LGR-5421,update,work_order,WO-008,2026-08-14T16:00:00Z,USER-CTR-01,sha256:b6448bedb968f2fe0d0e4c3c28e54903a115588e33a55e9192fa8766e73dccd9,sha256:bd29725b42cb6d98d946115027a861cda2232803afd25df185746996dae9228d,sig:Ea2A0pSOvFz2Cs7oQ1elT8idubm8ZVrvHK498KAoB1mEUhfQDRaNMA6G7lWz+w7sYZ4eAdbDm297HpCU70yqDQ==,Progress update
LGR-5422,create,evidence,EVID-0132,2026-08-14T17:04:00Z,USER-CTR-01,sha256:bd29725b42cb6d98d946115027a861cda2232803afd25df185746996dae9228d,sha256:29121cc6bde85fecfbe15fedddfcffe81b3a4c60ca0052889e9bb7712d7b42a4,sig:9T5ncl4EQKooM+HYeOR7qxHoOSDRHIqnZiOBwNoTGCTuIJd40A5Fzinb9lfHzAo+FRYgezPuOUzQs3jHTioLAQ==,Evidence uploaded
LGR-5423,create,evidence,EVID-0150,2026-08-14T23:12:00Z,USER-CTR-01,sha256:29121cc6bde85fecfbe15fedddfcffe81b3a4c60ca0052889e9bb7712d7b42a4,sha256:d4ecd6d8146a1bd242f92b7ea9717511ecca14e8cfc711326c4bdba74f489139,sig:11UK8h7WGjq2QW5x3jTYst8UcqYUEpWuvHDP5v+oCglkyvboVosLNZjRSNTAQndLhsQ2I+MHLSF0imZUKaCBCQ==,Evidence uploaded
LGR-5424,create,work_order,WO-020,2026-08-15T07:00:00Z,USER-MGR-01,sha256:d4ecd6d8146a1bd242f92b7ea9717511ecca14e8cfc711326c4bdba74f489139,sha256:3a22fe9e080222bc2c5cdced3c34c04a37ab121a199a6227643b0e7dc3dbf67c,sig:3sDDeAtLkjAa1rw1S5RJupvvUx9sNhhNxXpbQJIopcGM4jTQHoljjbzfp0vjXl6U/sLr1qUlvu2ueG47oaUGDg==,Work order raised
LGR-5425,create,work_order,WO-034,2026-08-15T07:00:00Z,USER-MGR-01,sha256:3a22fe9e080222bc2c5cdced3c34c04a37ab121a199a6227643b0e7dc3dbf67c,sha256:9fb12c70f33bd11ecd35b142f755c05ba694f1acf0177c5033577fdc71a68350,sig:j09Ya85u6UAzv5cLuiw5xJHjHF1MAHoICH5qfYMQ0wA7F1kQece/N80lGKGFvJ58WA74U8KiCUnqEBvCJfo/BA==,Work order raised
LGR-5426,create,work_order,WO-040,2026-08-15T07:00:00Z,USER-MGR-01,sha256:9fb12c70f33bd11ecd35b142f755c05ba694f1acf0177c5033577fdc71a68350,sha256:c42cab61205bf091f44e8f85ac43c91ded0dfa45209e9caa13f550cebd6dcafd,sig:kDCpf8TojNVolJJapL5zlkSUUjeL+HMCpzbT3Q8GxQO6gReczHT68qVptaGUb0IqV6yeGbJuR1u7gvqRvCATBQ==,Work order raised
LGR-5427,create,work_order,WO-064,2026-08-15T07:00:00Z,USER-ADMIN-01,sha256:c42cab61205bf091f44e8f85ac43c91ded0dfa45209e9caa13f550cebd6dcafd,sha256:85951877e591d475dc3002cb74fd1fbb10a2e522aecb1bdabaa7fafa1a339bef,sig:7oqcpO7MuFf+kxjvQekzFDMYGE+Wt3+J2pZaSq8X1oViib3rPnQ75LRcoQbpmxzcbCDVSAhGMZPM84+3CPXTBw==,Work order raised
LGR-5428,create,incident,INC-306,2026-08-15T14:00:00Z,USER-CTR-01,sha256:85951877e591d475dc3002cb74fd1fbb10a2e522aecb1bdabaa7fafa1a339bef,sha256:95ea348167b76c776314479cef4fb84f991235e92f6d3819b7ca3693290cced5,sig:6WydoOmO5PUXfrdqDfMM7Ey5UM2V5kGII+Nb3aL4emA2Vs3L1GW9bF7j1ovWF2AUtc7iLrjYOedZtJ1E+QgiAg==,Incident logged
LGR-5429,create,inspection,INSP-1038,2026-08-15T19:45:00Z,USER-INS-01,sha256:95ea348167b76c776314479cef4fb84f991235e92f6d3819b7ca3693290cced5,sha256:e09e0d2cb0b56350a2e2c3a5a0fad1c107151993e5aeccd466eb733f02eda31c,sig:AMf0Fd498r20CMfeJP2RJWCU7fGhYlHY90pKVz1fATxGa4gP++53vlZsMeF6/4TNtd7fb8v4UQy8t5wCTSkiAQ==,Inspection captured
LGR-5430,create,evidence,EVID-0038,2026-08-15T19:48:00Z,USER-INS-01,sha256:e09e0d2cb0b56350a2e2c3a5a0fad1c107151993e5aeccd466eb733f02eda31c,sha256:c5d73d669b0f1c7966e6af40c17a9dee773f5f938fdc5a914bff4e84f35dd30e,sig:QS7OfTGzPC68kgCCVkfCIfU4+FpqXBXkjVp6q6dRaqsgfkgezFgifCa876cIaMco62a/cZsmvfLNpYSHvVdODw==,Evidence uploaded
LGR-5431,update,incident,INC-306,2026-08-15T22:00:00Z,USER-MGR-01,sha256:c5d73d669b0f1c7966e6af40c17a9dee773f5f938fdc5a914bff4e84f35dd30e,sha256:39235ac628b1e89651f7e4b3bf968c178043d057ca4bf51b1f0a3e6268613dea,sig:Cl0wuvVA+PGcSUCc7HWAIj+RTjqTba232Mx1ayPwYK7DgYPuzZjWtQJUrYNst0Ozcg/o832rcZ4oSE4XWzO1Bw==,Status update
LGR-5432,create,work_order,WO-032,2026-08-16T07:00:00Z,USER-MGR-01,sha256:39235ac628b1e89651f7e4b3bf968c178043d057ca4bf51b1f0a3e6268613dea,sha256:6a8fbed5a9d72fa9c978a339206d947054aad692b27b8b67ff2f03df1da0756a,sig:zXSARHVLHk4ImEFMrjiT9UJYlGLryIih3MFl0sZfWIV2kTkjpffZfSCwpUOzN4nsMhwaKIrh48SAs6QzhPOWAA==,Work order raised
LGR-5433,create,work_order,WO-068,2026-08-16T07:00:00Z,USER-MGR-01,sha256:6a8fbed5a9d72fa9c978a339206d947054aad692b27b8b67ff2f03df1da0756a,sha256:4b1e6b2e8060b28cdae12570d413dc777b28a6f94fe0e0cf10de9261eb01a9bf,sig:GQxFOBB25wB2G5lIRRD7Eil7EaD2/RdhBzKGHWzaW4jnUuAoLSOaEN0GqOa35VXxOlI6IaRGIbMfoOhMuuS8Bg==,Work order raised
LGR-5434,create,work_order,WO-070,2026-08-16T07:00:00Z,USER-MGR-01,sha256:4b1e6b2e8060b28cdae12570d413dc777b28a6f94fe0e0cf10de9261eb01a9bf,sha256:58db84d39958e36009216f84a6fd70712901bb1dcc2a6b156e59eb80a1dfacfc,sig:7eps2KXLHEVj0oOSHnvII8iKp7GBNtSFiioaNHAKuXsoDbMMOsFqbzPV/ZN5AtHwLEUGHE173nW6DoHY6L9KDg==,Work order raised
LGR-5435,create,inspection,INSP-1114,2026-08-16T19:30:00Z,USER-INS-01,sha256:58db84d39958e36009216f84a6fd70712901bb1dcc2a6b156e59eb80a1dfacfc,sha256:bddce4a9605da7f6296d65f49de93b767e874fe20e61d98ff245f18d2a28007a,sig:sUZZivyvnHOi046hLE5UpHV5SOaQE15HYV8LXhM7aU+Z1tGR66rP+7NnNqGY9pCimp8RB+uBg1N8WxDyxAgiCw==,Inspection captured
LGR-5436,create,evidence,EVID-0114,2026-08-16T19:51:00Z,USER-INS-01,sha256:bddce4a9605da7f6296d65f49de93b767e874fe20e61d98ff245f18d2a28007a,sha256:07d0dbf75d3c41b135fa9a5ad4b622495d2c6dddf7dec408b38212379a35731b,sig:7SPnNeKqFhNhINjp3nxkTjFNqI9HJ3EYCrhHHN8AcV42goiziclHyqh+3RNSxhCF8Yg33oP+T0xXFsXgEpW8BA==,Evidence uploaded
LGR-5437,create,incident,INC-301,2026-08-17T04:00:00Z,USER-INS-01,sha256:07d0dbf75d3c41b135fa9a5ad4b622495d2c6dddf7dec408b38212379a35731b,sha256:fa8356e9b6d801ec1e868767906e4f8a7c150120fe8764437cdf3f8822969873,sig:sQ4hoAMxdd615BAQwGdQKE4xgpwmcGD/yvbX8lxqxz67GR24krtAnNNlm9UINj4rQqkd50rOkuHlHeV8ySm0BQ==,Incident logged
LGR-5438,create,incident,INC-319,2026-08-17T09:00:00Z,USER-PUB-01,sha256:fa8356e9b6d801ec1e868767906e4f8a7c150120fe8764437cdf3f8822969873,sha256:ffa75498536e7d93e9509a82739bb107bb214db633f2728a8fbeef60b15e3082,sig:LGAo2iopN23xEwxp1jzHF9xfjVf1sp9Cz62FtG5sZzkwzfEn+q3Z3rT42enOOTVPGhRUpRGzFm/8sSby9Ea1Dg==,Incident logged
LGR-5439,update,incident,INC-301,2026-08-17T12:00:00Z,USER-MGR-01,sha256:ffa75498536e7d93e9509a82739bb107bb214db633f2728a8fbeef60b15e3082,sha256:073bc3c0dd24a45194f5ab960a95dbe1c99d00401f4024fa461a40b4ac3bde77,sig:2Bgw/oyd8RMfAZY25DDFkzZU/852BPyz1/I6BGyZVqtObi6exBnrSNbmTINbSFfz5EfRNhfpAMVz7O1R82vSDA==,Status update
LGR-5440,create,inspection,INSP-1096,2026-08-18T06:30:00Z,USER-CTR-01,sha256:073bc3c0dd24a45194f5ab960a95dbe1c99d00401f4024fa461a40b4ac3bde77,sha256:904eac5bf84e9b4380b0e75222698fc459e1cae51854bf659e20693ffe4087cf,sig:+yT8tCMr/CHDw2NpYfNc3p4T0n95NNnLbIuEvb8u14WrPJLm5H2OtDXySFZJHFjIbgudBTR4Tnly5/B2zyq/Ag==,Inspection captured
LGR-5441,create,evidence,EVID-0096,2026-08-18T06:35:00Z,USER-CTR-01,sha256:904eac5bf84e9b4380b0e75222698fc459e1cae51854bf659e20693ffe4087cf,sha256:9b98b7e83434547ec72257849644482b2d887c127c54fa996d4b3b6c314e41a0,sig:8BYIiQPN+faBO40OQCLW+VokbxQCAZtKHKZ66uFMyXUP8pfCzKM7ryF/9r/XtLEAYkojRWEYMDdKh9odhmVXCg==,Evidence uploaded
LGR-5442,create,work_order,WO-017,2026-08-18T07:00:00Z,USER-ADMIN-01,sha256:9b98b7e83434547ec72257849644482b2d887c127c54fa996d4b3b6c314e41a0,sha256:dfcec8eb0427ce732de52b01a0808286c3d3b5894da7c3ba9e97c277da68e32f,sig:mI55RkF5tjlHcD7jsEMgJCtlXQGMs69cwlcTnmTl76LHBPmaSEp3fDE9yP+pMXGSSOLF1QH/F0jHCh2e864TCg==,Work order raised
LGR-5443,create,work_order,WO-025,2026-08-18T07:00:00Z,USER-MGR-01,sha256:dfcec8eb0427ce732de52b01a0808286c3d3b5894da7c3ba9e97c277da68e32f,sha256:1dff0414dd9c40d78425e9b246d13d0eb299fa7e995792df626b9c0f24e278a0,sig:xBwfmB7lz/WRHco2otxxrdfky5aG0VadV9Ny3+5bX3e9p4YA3T7dA5RskVV6SyvncrHZrhsBGMx4hfuMR0BaBA==,Work order raised
LGR-5444,create,inspection,INSP-1054,2026-08-19T15:45:00Z,USER-CTR-01,sha256:1dff0414dd9c40d78425e9b246d13d0eb299fa7e995792df626b9c0f24e278a0,sha256:b2e30ba43c19d006a96a29466fdb50a211b539e5b50c74d3d7b1142cd2598c06,sig:mF61yo89ogKGjDaJdpLrWkRvAfxrpmzkiw/LHozjm8tmDu+EmdgbB2nn+hKvyPSN2lm1ROpthz44TU3HMjqBDw==,Inspection captured
LGR-5445,create,evidence,EVID-0054,2026-08-19T15:46:00Z,USER-CTR-01,sha256:b2e30ba43c19d006a96a29466fdb50a211b539e5b50c74d3d7b1142cd2598c06,sha256:31365308d54a2dc26846346980595ce0e5bada62d3f38f1ad16df17a1fa3171e,sig:2s9D/yK0FgSLxQV40uoWDzO8rOD5R73W28WQw/KK+MGWZZyDjW6nHq+mMJWK+5WHrt2bVKEvLM/uIcEuby9+BA==,Evidence uploaded
LGR-5446,create,inspection,INSP-1006,2026-08-19T23:00:00Z,USER-INS-01,sha256:31365308d54a2dc26846346980595ce0e5bada62d3f38f1ad16df17a1fa3171e,sha256:dad5f5ac198a33e42e9da1758646c63627b0cb7035cb4a7093233122b243442a,sig:vFCgNwoJ2mNrjgS0fRd3DrAoI01RDgGsCSxknlgUYotZna7FkBiMxEVXZ3C6Ci43BejFOLxzhynbHXT+gMbWCw==,Inspection captured
LGR-5447,create,evidence,EVID-0006,2026-08-19T23:18:00Z,USER-INS-01,sha256:dad5f5ac198a33e42e9da1758646c63627b0cb7035cb4a7093233122b243442a,sha256:0a8fe178ce45efd651a67cdf55911e232ec030772ad9556d2cd3801aa875041a,sig:Ow+Trwd2GtMezuIcrdg89wVyf3GLcLBTqGoNu/s17KMzpwhG60ZLLDe1gM4bGhU1MhhY0skb8EBQj1AmVMRhCw==,Evidence uploaded
LGR-5448,update,inspection,INSP-1006,2026-08-20T05:00:00Z,USER-MGR-01,sha256:0a8fe178ce45efd651a67cdf55911e232ec030772ad9556d2cd3801aa875041a,sha256:50c82f9e2361eae08eb06a1ca2d81e119d48b1144a4b8dd2b824d9e205431dd6,sig:Kkq5MhPXeUx7HurCJMVL3sG6QkR7FKF3Ia1vaRuLmgFM2wXCc437dkjNnKHWw8Smt18VetIohm553Pg7YdFKDQ==,Score / status update
LGR-5449,create,work_order,WO-038,2026-08-20T07:00:00Z,USER-ADMIN-01,sha256:50c82f9e2361eae08eb06a1ca2d81e119d48b1144a4b8dd2b824d9e205431dd6,sha256:ebf72ce907dad47b987623012eb6d29b502f7b8a2aa693a0c2585f7b93b0e024,sig:R8/24cSY7opTd/pvN4YTdom+PuplfWiuc//jMxxAmlWXIqDyrm9C6tUfQB5+SAkTqnH/IzlgH3nZB6T9CY9NBw==,Work order raised
LGR-5450,create,work_order,WO-080,2026-08-20T07:00:00Z,USER-MGR-01,sha256:ebf72ce907dad47b987623012eb6d29b502f7b8a2aa693a0c2585f7b93b0e024,sha256:4384daba703100e4561a7849f212fa6c244a3edd562620aef740b1a85f94c23f,sig:i9TJyq91+2SiGMjCMXfUGMyjl1MrC6cEovJQnU7npNh44VFLgQqQhMqb7dLglu7aYzDAGV5oyJV04u54RShUCg==,Work order raised
LGR-5451,create,incident,INC-314,2026-08-20T16:00:00Z,USER-INS-01,sha256:4384daba703100e4561a7849f212fa6c244a3edd562620aef740b1a85f94c23f,sha256:adb3c80ccb122225906cb40d4926d40cc5737a14253fd71f7723028cff4eed2c,sig:nQyWrAiTSxvDkbiWqPb0ZytAHnlqHhF8ovfu/c14vMmm3WaOIc2JS3sHCXuQJzKYIUB82yWuYVfF3IDXHjLkCw==,Incident logged
LGR-5452,update,incident,INC-314,2026-08-21T00:00:00Z,USER-MGR-01,sha256:adb3c80ccb122225906cb40d4926d40cc5737a14253fd71f7723028cff4eed2c,sha256:49e9fada570e49de726bde09609cbe02e77a1f85bc25170aa3a9d2c8ffb7cd54,sig:L0NzJzTq0IapObyV5MGo5bB1TZ/GwqXqLNq6z6sX9tW5Z4tvasE40bVQKiYgV4QYQnjaPZC621PyntrW1WUiDQ==,Status update
LGR-5453,create,work_order,WO-062,2026-08-22T07:00:00Z,USER-MGR-01,sha256:49e9fada570e49de726bde09609cbe02e77a1f85bc25170aa3a9d2c8ffb7cd54,sha256:1c01168d8d94c522e38f130f025bdab5219fce4d227c51b79b908ce0714fb6a6,sig:sc/kE/QQeBVFIurkTFcBJDVptXe+xUTMHFYPuLpE2cmG9Mkq/JQkMZJUB0lP2TlZP1SB2zRC0HboFrL6GVOgDw==,Work order raised
LGR-5454,create,evidence,EVID-0128,2026-08-23T04:56:00Z,USER-CTR-01,sha256:1c01168d8d94c522e38f130f025bdab5219fce4d227c51b79b908ce0714fb6a6,sha256:55a32cb65d2739554b167de54a70a5b18fbaa67d26965f5c6b3e38ab818a3eb1,sig:pec1hsfYuUkAVCM6k/PUBlsohoiO6KyPEv0eOYRoWpxVUrvT+Fy5yiTfRR4CLUML5aZqITnXgE5G9WQUB+vVDw==,Evidence uploaded
LGR-5455,create,work_order,WO-022,2026-08-23T07:00:00Z,USER-MGR-01,sha256:55a32cb65d2739554b167de54a70a5b18fbaa67d26965f5c6b3e38ab818a3eb1,sha256:d97fa7e4acf47fee46377c2dfdf66a2b2f97adc02b10fd395aa6ed34916b8389,sig:sEN+x5oicrAt8GCEVUffNAH3w86ao54Pzoyox7wt+61y0OeH9clVq0xGms3UNX542FT5dIZPulwtGxQ+QZVnAg==,Work order raised
LGR-5456,create,evidence,EVID-0129,2026-08-23T08:50:00Z,USER-INS-01,sha256:d97fa7e4acf47fee46377c2dfdf66a2b2f97adc02b10fd395aa6ed34916b8389,sha256:2effa02e1361b228b770e0c78dfcc1339a44772154b78e9e1b4c2b71a598414d,sig:FEak7tj/mPM93CO/mgZkibjVCSHSVuEAprSkToIQ70vU2eiokil02EtKpoYuvyt68z/Q8JkWK0I8hB5ra7sbAg==,Evidence uploaded
LGR-5457,create,evidence,EVID-0116,2026-08-24T00:06:00Z,USER-CTR-01,sha256:2effa02e1361b228b770e0c78dfcc1339a44772154b78e9e1b4c2b71a598414d,sha256:9d234e1703264254678601cbf839b35507e344364afa0f31d2f5ce08acef3c21,sig:SWtTKv8ivbjDHpjWmnr/XvBM2sm7ZlNz+N3b1st8mH86WPn5VawjUBbsqh5EF1qRyNgquDH99+lpTn+JKRdEBw==,Evidence uploaded
LGR-5458,create,inspection,INSP-1058,2026-08-24T01:45:00Z,USER-CTR-01,sha256:9d234e1703264254678601cbf839b35507e344364afa0f31d2f5ce08acef3c21,sha256:a2c29709cef54f9e013485475a3f056694b2123abb720c6ad5c09abcec475b22,sig:Bhjo7/vdz2P7XMb6cxfDkVqphNFLW4WoKPIE3lPDf+bBVVuyWrfGFsmGZjXHE55jCuEDW1d9zp3MM3abudGSDg==,Inspection captured
LGR-5459,create,evidence,EVID-0058,2026-08-24T02:03:00Z,USER-CTR-01,sha256:a2c29709cef54f9e013485475a3f056694b2123abb720c6ad5c09abcec475b22,sha256:e3f285a9e89e19bd13b5a8ddb427631cc5242884c91df6cf112ee4cb042411fd,sig:PHvLSEdFwy6Cr3bGzK5yhPEHBZJ4Q2qcjPMNm1yT+b8cWNP+bcmq18k/BSQfHLRRcA4hbrfHGI2HUz8kS68pBw==,Evidence uploaded
LGR-5460,create,work_order,WO-001,2026-08-24T07:00:00Z,USER-ADMIN-01,sha256:e3f285a9e89e19bd13b5a8ddb427631cc5242884c91df6cf112ee4cb042411fd,sha256:feced4ec8927ad0381c1c748e6ec82cc20893db5d9175d10702c1bf9bf2f2077,sig:58Nk8m3NGRid/GxIVAWr7IKpFICSPIcBAWMTWBLQXgwNUHSrTGISk77rXR3wgLEOeM4s24FHjM5jBVQpOVkoBw==,Work order raised
LGR-5461,update,work_order,WO-001,2026-08-24T16:00:00Z,USER-CTR-01,sha256:feced4ec8927ad0381c1c748e6ec82cc20893db5d9175d10702c1bf9bf2f2077,sha256:a419579108c5253165c0f2de99e353260c05c78c5fdb2e3a954f77224b6a8207,sig:l8uUiEVSHVA8pi9TXk92CqHZpPRgRiYQLMrfwxoSxnq5W0NZif5nE0vAIpEoejwKwXZkBFiipo0mGkEaqmYCDA==,Progress update
LGR-5462,create,inspection,INSP-1098,2026-08-25T01:30:00Z,USER-CTR-01,sha256:a419579108c5253165c0f2de99e353260c05c78c5fdb2e3a954f77224b6a8207,sha256:5b77e951883c51699c141390952081c5cc406eb92b53de450a239afa5fb6ebe4,sig:WI8q2HKQROLpmnucEYL27RUpBc0bXlhnZhyqIEehSUPQ7IRGbQGbI63zN7cvMH1EC1jyLWRp6DoKkOw3E+EuDQ==,Inspection captured
LGR-5463,create,evidence,EVID-0098,2026-08-25T01:38:00Z,USER-CTR-01,sha256:5b77e951883c51699c141390952081c5cc406eb92b53de450a239afa5fb6ebe4,sha256:98b2e0219422d16be3d94d89612f140b91ce8ae88f43cb471c4b19b36ddf3f99,sig:EMq+WtjaJPjXxkVKfotCv4s56vXlN94NryKmjfdmM0ayRQJTzcLT/URNBzgcJlBrkLMEYIwBoPgjsQo4VaD5BQ==,Evidence uploaded
LGR-5464,create,work_order,WO-010,2026-08-25T07:00:00Z,USER-MGR-01,sha256:98b2e0219422d16be3d94d89612f140b91ce8ae88f43cb471c4b19b36ddf3f99,sha256:ab49052cdc2aa9117da47757848761680cecf7323c5a9fb62158040e348b1aa2,sig:1tMnnSh8hY0X+RzqIHXkJHn+k0tYIUsNja2ElwBK12DkzHiE0x0y79RT/PFehxKDaSmY3vYEPvalCjHkxKE8Ag==,Work order raised
LGR-5465,create,work_order,WO-052,2026-08-25T07:00:00Z,USER-MGR-01,sha256:ab49052cdc2aa9117da47757848761680cecf7323c5a9fb62158040e348b1aa2,sha256:77793aa5fe0d249bef1bc7d203f2ae13f9657b875f48b06059114c6c18a2b7ec,sig:5qorcocNHj+BNZOtogRDRq30txaT/RGTxR+6AVtglxLAGHJiYhCSCuWpvVH4EoxeeRJIxYS6DrLuxJIxF2dwCg==,Work order raised
LGR-5466,create,inspection,INSP-1082,2026-08-25T08:30:00Z,USER-INS-01,sha256:77793aa5fe0d249bef1bc7d203f2ae13f9657b875f48b06059114c6c18a2b7ec,sha256:d9bfde70e1b8fe8e8fb5cf6f04a2b76a0072e62992f74d1c7294bb3ed39601d4,sig:zpMCwywd2J1/iZ29AEKjVBkoewsXSE5JHoX4L69e+sZjcEOlTodlx8513uYwcHooT9g8qKYQdQP74ad8yKiuAg==,Inspection captured
LGR-5467,create,evidence,EVID-0082,2026-08-25T08:32:00Z,USER-INS-01,sha256:d9bfde70e1b8fe8e8fb5cf6f04a2b76a0072e62992f74d1c7294bb3ed39601d4,sha256:a300f99e38cd14ea8e9444c45c24aafdff7e4baea087de78d65e5962e4b8b9ac,sig:rBwtQ4OZpzd3jHiRLpGH8soUw1bWXkSzIZC4qIKLeTqdPD6B0hmPKFCkpmJQen+Icd3dYUvrmCSRFMwAgZqcCw==,Evidence uploaded
LGR-5468,update,work_order,WO-010,2026-08-25T16:00:00Z,USER-CTR-01,sha256:a300f99e38cd14ea8e9444c45c24aafdff7e4baea087de78d65e5962e4b8b9ac,sha256:07b3d906c6746db02d45bbd89d8ecfba574cd907e92ddc10efd49efc7e37904d,sig:4Ie90x5oeQfuUWbGayeh0vkVbfEb7bijrmTW42ljApk2ewD2awCmBvTrpj6logIaDu/FL2uXV/yh4QhQY8WOBg==,Progress update
LGR-5469,create,inspection,INSP-1073,2026-08-25T16:45:00Z,USER-CTR-01,sha256:07b3d906c6746db02d45bbd89d8ecfba574cd907e92ddc10efd49efc7e37904d,sha256:72c3b7f150933f48df0a1377215874f324381df6e714df0cb44bbe34d2020745,sig:LvPmktWeTM2xRkrS6WWMHq6GfE77RgjWyQC/zjVjiAMxIAgKKgKIoly3Utjhh7q1gGZnNehjrqUoCkn5N8ugCQ==,Inspection captured
LGR-5470,create,evidence,EVID-0073,2026-08-25T17:01:00Z,USER-CTR-01,sha256:72c3b7f150933f48df0a1377215874f324381df6e714df0cb44bbe34d2020745,sha256:73b0837a44d74009d35f507477f6d69bb571e4d0c9b7f84b1017b34583c08e0a,sig:cvi2+++huvXqmkhhJcZczoOrDnPPeSmEdblg8fMs9BTCXWxwKJ9MZpg4FT0FaS68UV6k/fJL8DMEDfa5LSLDDg==,Evidence uploaded
LGR-5471,create,inspection,INSP-1101,2026-08-25T22:30:00Z,USER-CTR-01,sha256:73b0837a44d74009d35f507477f6d69bb571e4d0c9b7f84b1017b34583c08e0a,sha256:522be92a41c71c3df06c7da69ae31d77d4c55edd3233d5a5bf7c89c777ecfb2e,sig:PHQYr0gQ8dv8gZNQQzwb4cV+eagKWtWOv5RamjC1eCrTO3svy/4nk5kZTYG02s+EhI5ibvcvH5bfcSdthYZzBg==,Inspection captured
LGR-5472,create,evidence,EVID-0101,2026-08-25T22:45:00Z,USER-CTR-01,sha256:522be92a41c71c3df06c7da69ae31d77d4c55edd3233d5a5bf7c89c777ecfb2e,sha256:9e3506ee6b21fbd083d0dc22d3fdf9c9aaea13bb85d3ad7b76d11d07c091a63a,sig:IEVxjQl9/A/C1QBqh3uDWgapneD9YXIphM2adrkZL8k8Btp2jp6e60uAWeN5NRQ7Pq3BHRNUQJ9Qg7QlfJXfAA==,Evidence uploaded
LGR-5473,create,evidence,EVID-0142,2026-08-26T09:22:00Z,USER-INS-01,sha256:9e3506ee6b21fbd083d0dc22d3fdf9c9aaea13bb85d3ad7b76d11d07c091a63a,sha256:8ab11de4a1cd5600695ebeb7a7e1c3070d0f50a87194574e4a152175619683aa,sig:w9IR9PgksrJf9WCILH2JvroSfS/EIsv3MKadTB/QraKDVWmEpkzmAg3umOAI1KPI2oi9lM8GDgh1VsqoahJyBQ==,Evidence uploaded
LGR-5474,create,inspection,INSP-1019,2026-08-26T13:45:00Z,USER-CTR-01,sha256:8ab11de4a1cd5600695ebeb7a7e1c3070d0f50a87194574e4a152175619683aa,sha256:5811cf159a833b47e402946f9321588db9174231bc9f4515426e718141d5bd33,sig:tietBy4jRQ1FgQQllynZrxrXk9nynUEFUFCUD0lq/l7LXP5QD/2wFGkyjEsrPJqq8RJAbT30BFlRC6pOqR2DDA==,Inspection captured
LGR-5475,create,evidence,EVID-0019,2026-08-26T13:58:00Z,USER-CTR-01,sha256:5811cf159a833b47e402946f9321588db9174231bc9f4515426e718141d5bd33,sha256:8b1caa49630999d5c36df013b58f0d9348ae82b294b0b8458bbc992ce19491e8,sig:EsaabcxYogrt0YyscEpavrTW+qvTpFNRFdZfODdhdrJAnbWxZY6qVNPyzn8gx7bA1qmNcIrOaiTtd86BjuwQAg==,Evidence uploaded
LGR-5476,update,inspection,INSP-1019,2026-08-26T19:45:00Z,USER-MGR-01,sha256:8b1caa49630999d5c36df013b58f0d9348ae82b294b0b8458bbc992ce19491e8,sha256:962dd4e3e6d65e3f56e073c448d50428d0877abf77a1dbfbf7d3567130aec35a,sig:UaA17OHt1QvUU6mj1EDn+L6awaMlGhBi18SSdim/I3BBAk5mtbcNI9ZjYwH6PBdlTGa3W+mgT7IhIjhSLA4ABg==,Score / status update
LGR-5477,create,work_order,WO-006,2026-08-27T07:00:00Z,USER-ADMIN-01,sha256:962dd4e3e6d65e3f56e073c448d50428d0877abf77a1dbfbf7d3567130aec35a,sha256:84eeba216cb3c6f271919258e079df7e62d68481c5f6e0acedad043a748c8301,sig:fEAR+Ik2HMFcf2a0yXhcu1xr8xp06ukbcVnhFKgnlY3PVzBwX5IwuQSBDPf31C9zax7dYQcpK8R+LWfoWf0wDg==,Work order raised
LGR-5478,create,work_order,WO-043,2026-08-27T07:00:00Z,USER-ADMIN-01,sha256:84eeba216cb3c6f271919258e079df7e62d68481c5f6e0acedad043a748c8301,sha256:4041fa1f6f4b16556d4b707f1764d1693e35fd21507bf910c0201112e86c9dbf,sig:bp3tNPE2oHAS7gD5SFAbX/ZgPiwz14b9eaMvVfIjL0DhwNZgG5VcUfz838b8f/hVJSnSvM1Yw1ZJYZmp+kn8Aw==,Work order raised
LGR-5479,update,work_order,WO-006,2026-08-27T16:00:00Z,USER-CTR-01,sha256:4041fa1f6f4b16556d4b707f1764d1693e35fd21507bf910c0201112e86c9dbf,sha256:7d65f374f3d9365c69d5c160c951d7ba4c1a3c290576507932ccd53559572527,sig:DRGLcuOU60mpv9bS3CGvDqcerJws30LV5t20V2jTEKZoQ+4AnrP1tFLu3ix2pJ+e71jkO+KT85YbEUndTtzNDw==,Progress update
LGR-5480,create,work_order,WO-079,2026-08-28T07:00:00Z,USER-ADMIN-01,sha256:7d65f374f3d9365c69d5c160c951d7ba4c1a3c290576507932ccd53559572527,sha256:a57fe2cd90d184982e8c54a62ab373425ba05415f1e99bdf360294e0c77701c6,sig:yQbCLn0UtBimJ7iDURc6As16PJzRN8/MVmKKNN/i7Cn1fsOklz0h4KQufpVNBHEIV7KXHqFNGRzXDcsighlsCg==,Work order raised
LGR-5481,create,inspection,INSP-1002,2026-08-28T14:45:00Z,USER-INS-01,sha256:a57fe2cd90d184982e8c54a62ab373425ba05415f1e99bdf360294e0c77701c6,sha256:5033888143c2f4d6849fecd515e3d46346152346712e54dd9868f99df80e88be,sig:9HIFgTAhtOiRJydh9mmweSzlOvXsekY1ySfia6M/gX9n+16Guq0jnOIU0mMAdoIj9jkoRT+xkdskercHMkRVAw==,Inspection captured
LGR-5482,create,evidence,EVID-0002,2026-08-28T14:53:00Z,USER-INS-01,sha256:5033888143c2f4d6849fecd515e3d46346152346712e54dd9868f99df80e88be,sha256:d6c83fe5c07fdbfa49c4b0a65cf22e2750b4fc06e0c1cd45e9106905864f2274,sig:mCzA6D8qQFtFK/fFiDzyK/954ZY8uzljd4r2hO0Vu7zzCARYWONWcb3EodiNCWx5U9CQYl/BKBtnC/7ZQRaBDg==,Evidence uploaded
LGR-5483,update,inspection,INSP-1002,2026-08-28T20:45:00Z,USER-MGR-01,sha256:d6c83fe5c07fdbfa49c4b0a65cf22e2750b4fc06e0c1cd45e9106905864f2274,sha256:e1ffd42990a79a05b90572d3ddf5ba10e489f68a8f3de9e61ac3251d143e7b8c,sig:c+vdoTwZZdZyumFNm/3En2dz7Hgq3emNXSEGylX6JruzcklTL7StT+MsHyJmrnnWq5/oc+e/szsgpTg6WnWvDw==,Score / status update
LGR-5484,create,inspection,INSP-1115,2026-08-29T06:30:00Z,USER-INS-01,sha256:e1ffd42990a79a05b90572d3ddf5ba10e489f68a8f3de9e61ac3251d143e7b8c,sha256:532f33cd39adc25e9cdfe24e36bbd0ffeab57c93a427b2a4d19db157b057b5f2,sig:fVzP9k4nEdgwzxAKeUOGmu9l07DvNPBYZhD+FMImrXzToMlPqZS5NELlabgWPxS5hs/ZmObjIu4vQIqTxFopAw==,Inspection captured
LGR-5485,create,evidence,EVID-0115,2026-08-29T06:33:00Z,USER-INS-01,sha256:532f33cd39adc25e9cdfe24e36bbd0ffeab57c93a427b2a4d19db157b057b5f2,sha256:bc4203b8bd3b7391bfa15045c795f58b04caa8ac8e580a7afffff11a6258acd6,sig:Hl3el4RKYqUFYaOMc8umvFtzGida61meEcJJ4xZDTUujseppgpIwIqROf5SW5ZDD9ypioPAFNZJbgzBLuj/jDg==,Evidence uploaded
LGR-5486,create,work_order,WO-019,2026-08-29T07:00:00Z,USER-ADMIN-01,sha256:bc4203b8bd3b7391bfa15045c795f58b04caa8ac8e580a7afffff11a6258acd6,sha256:2e9d5b079d59ff4b694bd0dacb0d1d49a7fa68e3c27adfd3eb40c77b00a0a2db,sig:YaXFq4HaTBaRJMa9zb0NozMWCS34AOZALcC+N6erTuKw/nfi49pOnjPVDLdouUkmmExECb8Thp145kDeEBaqDA==,Work order raised
LGR-5487,create,work_order,WO-049,2026-08-29T07:00:00Z,USER-MGR-01,sha256:2e9d5b079d59ff4b694bd0dacb0d1d49a7fa68e3c27adfd3eb40c77b00a0a2db,sha256:744c51fa246e192cf40e1fea8bb96dd79407728643af5bc357e0a0c8b00a3ecb,sig:vJw/q9LEP2mA3VdX/3OinIJOJ2Z72wErqao2YsTZTpY536TDm/IqLDXQLewN9i7x0yTRthUXivyCpDh4xh+nBA==,Work order raised
LGR-5488,create,inspection,INSP-1067,2026-08-29T11:45:00Z,USER-INS-01,sha256:744c51fa246e192cf40e1fea8bb96dd79407728643af5bc357e0a0c8b00a3ecb,sha256:480ba491f56d11db53bdf29d5be59883c5b46d3512d85d7bc4bf375c19fb0ca1,sig:1hTNnheHIhLGxoSyW/jQPgr+7yD+Tlu9JGWDc80tDHuj2hY6AxHOdYVTatXJ+nzDfNHbsoqWXXaK/W4hunF2Ag==,Inspection captured
LGR-5489,create,evidence,EVID-0067,2026-08-29T11:57:00Z,USER-INS-01,sha256:480ba491f56d11db53bdf29d5be59883c5b46d3512d85d7bc4bf375c19fb0ca1,sha256:12abe9d80cc899735df9f967d6d24fd68c84c5782e2eb61dcb34953aaff91d0b,sig:hAL1RA5JIzcn6ObFiQmK2Od8uebrYcBSOu4xUWYPiIMd38dl5yOyeglK2WibUAge5XrRkCbL01QlHWQ8wySKCA==,Evidence uploaded
LGR-5490,create,work_order,WO-005,2026-08-31T07:00:00Z,USER-MGR-01,sha256:12abe9d80cc899735df9f967d6d24fd68c84c5782e2eb61dcb34953aaff91d0b,sha256:79da83bfddaa1dc57a1f65ea5840e27225cc1b64d837e6ffc816e2ae8452df35,sig:LydIN04QpdmdUI/V4MYuSDyHmsusJkZQtfkJ/ejxVCAX2BV470EdnPbPZslHhTWDCp6oiJyktH0iiIAzyLsXDQ==,Work order raised
LGR-5491,update,work_order,WO-005,2026-08-31T16:00:00Z,USER-CTR-01,sha256:79da83bfddaa1dc57a1f65ea5840e27225cc1b64d837e6ffc816e2ae8452df35,sha256:215daff8d1b65319026eca980d9d3923fb3f815a74cfee8e46af833333429cb0,sig:oNqUoVwmx17hcuQ+/qjk8b8hxVvtOUuq/RZVQEhLE1Y53QXlk5rawRZdzeOmvdcFuabPkGEizNJoX32rDdRFDg==,Progress update
LGR-5492,create,work_order,WO-035,2026-09-01T07:00:00Z,USER-MGR-01,sha256:215daff8d1b65319026eca980d9d3923fb3f815a74cfee8e46af833333429cb0,sha256:ec3cbd057a9227dbdee9fd0aeded8592ab8e709b1bb05435b4d0b2d6af6163d8,sig:ymYOKNk7pMnMIUjXBUUYGzyiDH8Zm7kf1hFjY9hoDWOTsAjU4SKaK3KKIJmTylbxxMsIas1HjZeuiwXVLNOWAQ==,Work order raised
LGR-5493,create,work_order,WO-061,2026-09-01T07:00:00Z,USER-MGR-01,sha256:ec3cbd057a9227dbdee9fd0aeded8592ab8e709b1bb05435b4d0b2d6af6163d8,sha256:802e2191a7ee851bc64b40b7b440e582449975d83c2248c2c4f8ac6295d56ce3,sig:nQBIRwfEwo2DH4evHwngawEMN+B6Vsm7KupuBI7fx2hP/igHxsLEciSNFy6fcdWXxLIz7uSw/QQYeSxjOU4WAw==,Work order raised
LGR-5494,create,work_order,WO-065,2026-09-01T07:00:00Z,USER-ADMIN-01,sha256:802e2191a7ee851bc64b40b7b440e582449975d83c2248c2c4f8ac6295d56ce3,sha256:6d5fed29ca23f33c66adc389c68a1e24bbd8aaec252cec7669ac28c8dbd4505f,sig:o81oIsAMl3zORviS1YJd4+oueV2H+BGjZkmDZZyo/IlwJQT8QHSQab2rL6V/rE1gLiyK2O/wb/0dkGfzlYQcDw==,Work order raised
LGR-5495,create,work_order,WO-044,2026-09-02T07:00:00Z,USER-MGR-01,sha256:6d5fed29ca23f33c66adc389c68a1e24bbd8aaec252cec7669ac28c8dbd4505f,sha256:4b4d85f310ca6e89011e2814d330995d956c4c4652a3761f9338caffb9690512,sig:6wkv2gHyoxGndtWPZx+pPL6KcWlaUgsXSo968JaYZUPqi25yv6/8Xc6bq/gCWk26colzOhvnnxXBNoGChoZqDg==,Work order raised
LGR-5496,create,work_order,WO-074,2026-09-02T07:00:00Z,USER-MGR-01,sha256:4b4d85f310ca6e89011e2814d330995d956c4c4652a3761f9338caffb9690512,sha256:a747f5b4fde425ba159179a7605d4e9dccf5dd0b66548e914168d4c4d49eb42b,sig:JbQ6q4nT/sQu7wCUMife9AJ7iMFPSPKFJAQetJLlNoaJdlsqwDrJwuAV4O7SaNUOa1j7SsGU/zwW2QeGREAvBw==,Work order raised
LGR-5497,create,work_order,WO-036,2026-09-03T07:00:00Z,USER-ADMIN-01,sha256:a747f5b4fde425ba159179a7605d4e9dccf5dd0b66548e914168d4c4d49eb42b,sha256:9537db914393f69cdb4e14fc6e6ce1b0b0966fe69273d65a940b45875b3d0f07,sig:1NuviWVCxr0yMX3Yx3Gq9fAFVnZxmv4xIKUqsdvG2afG8rPzt4NgQdr6sWz2zhz0tMMR5lQ+LwNY8OfLZ0tEBQ==,Work order raised
LGR-5498,create,work_order,WO-014,2026-09-04T07:00:00Z,USER-MGR-01,sha256:9537db914393f69cdb4e14fc6e6ce1b0b0966fe69273d65a940b45875b3d0f07,sha256:e5df99544d3bbcf94d015d6645c87e74978d8e10c444c839cf83794466ea24df,sig:8g1uwpMyixi7saBd88Aa8/DXRL9sY6HYa/QtUxJFuPMJ785Qloa7xGMMR389rrKuUiPdglQlk9KV4UEii5XjDA==,Work order raised
LGR-5499,create,work_order,WO-031,2026-09-04T07:00:00Z,USER-ADMIN-01,sha256:e5df99544d3bbcf94d015d6645c87e74978d8e10c444c839cf83794466ea24df,sha256:df47d307507df5cadc90e788259edb8ee2b1c85e03b60e49582dcd51432881f2,sig:VgeVbLB/wv9D3q+x2qPcq7bnro7MHx4M9zgSCQynNkr3TtMG7SAdvknmN50UmLj4uUvX9F9g6+xo+iZrbfL4Dg==,Work order raised
LGR-5500,create,work_order,WO-066,2026-09-04T07:00:00Z,USER-MGR-01,sha256:df47d307507df5cadc90e788259edb8ee2b1c85e03b60e49582dcd51432881f2,sha256:b2f199cda0489f02088900119e83805ede990d50a6dd6fa6fb3e23ceab258f0d,sig:tCWdhp+TWsDJVru5RSqDndgn1tX2keZ2xyKglmm0mBBHW9Z0EcIgjvXvwbyZP8O9rDUhDCTqOSI8zhKIjMyjCw==,Work order raised
